#
# There is insufficient memory for the Java Runtime Environment to continue.
# Native memory allocation (malloc) failed to allocate 1596096 bytes. Error detail: Chunk::new
# Possible reasons:
#   The system is out of physical RAM or swap space
#   This process is running with CompressedOops enabled, and the Java Heap may be blocking the growth of the native heap
# Possible solutions:
#   Reduce memory load on the system
#   Increase physical memory or swap space
#   Check if swap backing store is full
#   Decrease Java heap size (-Xmx/-Xms)
#   Decrease number of Java threads
#   Decrease Java thread stack sizes (-Xss)
#   Set larger code cache with -XX:ReservedCodeCacheSize=
#   JVM is running with Zero Based Compressed Oops mode in which the Java heap is
#     placed in the first 32GB address space. The Java Heap base address is the
#     maximum limit for the native heap growth. Please use -XX:HeapBaseMinAddress
#     to set the Java Heap base and to place the Java Heap above 32GB virtual address.
# This output file may be truncated or incomplete.
#
#  Out of Memory Error (arena.cpp:168), pid=8756, tid=8372
#
# JRE version: OpenJDK Runtime Environment (21.0.9) (build 21.0.9+-14649483-b1163.86)
# Java VM: OpenJDK 64-Bit Server VM (21.0.9+-14649483-b1163.86, mixed mode, tiered, compressed oops, compressed class ptrs, g1 gc, windows-amd64)
# No core dump will be written. Minidumps are not enabled by default on client versions of Windows
#

---------------  S U M M A R Y ------------

Command Line: --add-opens=java.base/java.lang=ALL-UNNAMED --add-opens=java.base/java.lang.invoke=ALL-UNNAMED --add-opens=java.base/java.util=ALL-UNNAMED --add-opens=java.prefs/java.util.prefs=ALL-UNNAMED --add-exports=jdk.compiler/com.sun.tools.javac.api=ALL-UNNAMED --add-exports=jdk.compiler/com.sun.tools.javac.util=ALL-UNNAMED --add-opens=java.base/java.util=ALL-UNNAMED --add-opens=java.prefs/java.util.prefs=ALL-UNNAMED --add-opens=java.base/java.nio.charset=ALL-UNNAMED --add-opens=java.base/java.net=ALL-UNNAMED --add-opens=java.base/java.util.concurrent.atomic=ALL-UNNAMED --add-opens=java.xml/javax.xml.namespace=ALL-UNNAMED -XX:MaxMetaspaceSize=1g -XX:+HeapDumpOnOutOfMemoryError -Xmx4g -Dfile.encoding=UTF-8 -Duser.country=IN -Duser.language=en -Duser.variant -javaagent:C:\Users\tech1\.gradle\wrapper\dists\gradle-8.14-all\c2qonpi39x1mddn7hk5gh9iqj\gradle-8.14\lib\agents\gradle-instrumentation-agent-8.14.jar org.gradle.launcher.daemon.bootstrap.GradleDaemon 8.14

Host: 12th Gen Intel(R) Core(TM) i5-12450H, 12 cores, 7G,  Windows 11 , 64 bit Build 26100 (10.0.26100.7705)
Time: Fri Apr 17 18:44:37 2026 India Standard Time elapsed time: 6260.273617 seconds (0d 1h 44m 20s)

---------------  T H R E A D  ---------------

Current thread (0x00000137f10876d0):  JavaThread "C2 CompilerThread0" daemon [_thread_in_native, id=8372, stack(0x0000001308200000,0x0000001308300000) (1024K)]


Current CompileTask:
C2:6260274 230691       4       com.android.tools.r8.graph.c5$c::a (777 bytes)

Stack: [0x0000001308200000,0x0000001308300000]
Native frames: (J=compiled Java code, j=interpreted, Vv=VM code, C=native code)
V  [jvm.dll+0x6d6c99]
V  [jvm.dll+0x866b83]
V  [jvm.dll+0x86919e]
V  [jvm.dll+0x869883]
V  [jvm.dll+0x280776]
V  [jvm.dll+0xc07cd]
V  [jvm.dll+0xc0d03]
V  [jvm.dll+0x2f5a10]
V  [jvm.dll+0x5ff9a9]
V  [jvm.dll+0x252572]
V  [jvm.dll+0x25292f]
V  [jvm.dll+0x24b0d5]
V  [jvm.dll+0x24892e]
V  [jvm.dll+0x1c7344]
V  [jvm.dll+0x2581ae]
V  [jvm.dll+0x2566f6]
V  [jvm.dll+0x3f48a6]
V  [jvm.dll+0x80f118]
V  [jvm.dll+0x6d54ed]
C  [ucrtbase.dll+0x37b0]
C  [KERNEL32.DLL+0x2e8d7]
C  [ntdll.dll+0x8c40c]


---------------  P R O C E S S  ---------------

Threads class SMR info:
_java_thread_list=0x00000137942ed9a0, length=238, elements={
0x00000137d2816680, 0x00000137f1054650, 0x00000137f10570c0, 0x00000137f1057b20,
0x00000137f1081b10, 0x00000137f10821a0, 0x00000137f107fa40, 0x00000137f107f3b0,
0x00000137f10876d0, 0x00000137f1088520, 0x00000137f1080df0, 0x00000137f1080760,
0x00000137f10800d0, 0x00000137f1082830, 0x00000137f37fb9c0, 0x00000137f37f8bd0,
0x00000137f37fc6e0, 0x00000137f37fd400, 0x00000137f37fe7b0, 0x00000137f417aec0,
0x00000137f4cfeb90, 0x00000137fc2f8400, 0x00000137fc554840, 0x00000137f70d9760,
0x00000137fc845c20, 0x00000137fc8434c0, 0x00000137fc843b50, 0x00000137fc8441e0,
0x00000137fc844870, 0x00000137fd0ef7c0, 0x00000137fd0ee410, 0x00000137fd0ed060,
0x00000137fd0efe50, 0x0000013781a0d220, 0x0000013781a10d30, 0x0000013781a09da0,
0x0000013781a0aac0, 0x0000013781a0a430, 0x00000137fd0f3ff0, 0x0000013781a24830,
0x00000137f7725370, 0x0000013791ccae30, 0x00000137fd3206f0, 0x00000137fce308e0,
0x00000137fce2d460, 0x00000137fce30f70, 0x0000013781a16910, 0x0000013788847e00,
0x0000013792589f20, 0x000001379258ac40, 0x0000013792588b70, 0x0000013793549a50,
0x000001379354a770, 0x00000137810a9650, 0x00000137810a6860, 0x00000137810a7c10,
0x00000137810a8fc0, 0x00000137810a6ef0, 0x00000137fd0ed6f0, 0x00000137fd0edd80,
0x00000137fd0f4d10, 0x00000137810a61d0, 0x00000137810a8930, 0x00000137810a82a0,
0x00000137810ad160, 0x00000137810aaa00, 0x00000137810ab720, 0x00000137810abdb0,
0x0000013795078160, 0x00000137950787f0, 0x0000013795078e80, 0x00000137880423b0,
0x0000013788041d20, 0x0000013788043df0, 0x0000013788042a40, 0x00000137880451a0,
0x0000013788044480, 0x00000137880430d0, 0x0000013788044b10, 0x00000137938b2480,
0x00000137938b2b10, 0x00000137938b0a40, 0x00000137938b1df0, 0x00000137938b31a0,
0x0000013790e3ba60, 0x0000013790e3c780, 0x0000013790e3e850, 0x0000013790e3f570,
0x0000013790e3db30, 0x0000013790e3ce10, 0x0000013790e3c0f0, 0x0000013790e40920,
0x0000013790e3d4a0, 0x0000013790e41640, 0x0000013790e43da0, 0x0000013788844980,
0x00000137fd31ecb0, 0x00000137fd31f340, 0x00000137fd320060, 0x00000137fd320d80,
0x00000137fd322e50, 0x00000137fd321410, 0x00000137fd321aa0, 0x00000137fd322130,
0x0000013790e44430, 0x0000013790e429f0, 0x0000013790e41cd0, 0x00000137fd0f1f20,
0x00000137fd0f4680, 0x00000137fd0f1890, 0x00000137fd0f25b0, 0x00000137fd0f2c40,
0x00000137fd0f9540, 0x00000137fd0f9bd0, 0x00000137fd0f7470, 0x00000137fd0f6750,
0x00000137fd0f8190, 0x00000137fd0fa260, 0x00000137fc309fd0, 0x00000137fc30b380,
0x00000137938b3830, 0x00000137938b3ec0, 0x00000137938b10d0, 0x00000137938b1760,
0x0000013790234d90, 0x0000013790234070, 0x0000013790235420, 0x0000013790234700,
0x0000013780c7d440, 0x0000013780c7f510, 0x0000013780c7dad0, 0x0000013780c7ee80,
0x0000013780c80230, 0x0000013780c7fba0, 0x00000137810ac440, 0x000001378884a560,
0x0000013788848490, 0x000001378884abf0, 0x0000013788849840, 0x000001378884b280,
0x000001378884b910, 0x0000013788848b20, 0x00000137fd3227c0, 0x00000137888491b0,
0x0000013788849ed0, 0x000001379373a780, 0x000001379373b4a0, 0x00000137810acad0,
0x00000137810a9ce0, 0x00000137810ad7f0, 0x00000137810aa370, 0x00000137810aff50,
0x00000137810b05e0, 0x00000137810b0c70, 0x00000137fd31f9d0, 0x0000013780c808c0,
0x00000137810af8c0, 0x00000137810af230, 0x00000137810b1300, 0x00000137810ade80,
0x00000137810b1990, 0x00000137810b2020, 0x00000137810aeba0, 0x00000137810b54a0,
0x00000137810b4780, 0x00000137810b2d40, 0x0000013795079ba0, 0x0000013795076db0,
0x0000013795077440, 0x0000013791a8cd40, 0x0000013791a8e780, 0x0000013791a8da60,
0x0000013791a8ee10, 0x0000013791a8e0f0, 0x0000013791a8f4a0, 0x0000013791a8c020,
0x0000013791a8c6b0, 0x0000013791a8d3d0, 0x00000137a1079430, 0x00000137a107b500,
0x00000137a1078da0, 0x00000137a107ae70, 0x00000137a1078080, 0x0000013780c7e160,
0x0000013780c7e7f0, 0x0000013792f99b00, 0x0000013792f980c0, 0x0000013792f98750,
0x0000013792f9b540, 0x0000013792f9a820, 0x0000013792f9a190, 0x0000013792f9aeb0,
0x0000013792f98de0, 0x0000013792f99470, 0x00000137935d6520, 0x00000137935d4ae0,
0x00000137810b26b0, 0x00000137907aa870, 0x00000137907b0450, 0x000001379373ae10,
0x00000137a1078710, 0x00000137810b3a60, 0x00000137907ae380, 0x00000137f7683180,
0x000001379037ab40, 0x000001379258a5b0, 0x0000013790377d50, 0x000001379258e0c0,
0x00000137fd0f04e0, 0x0000013781a23480, 0x00000137907aea10, 0x00000137936ea6f0,
0x0000013788fc1730, 0x0000013788fc4bb0, 0x000001379efcd420, 0x000001379efccd90,
0x00000137935d6bb0, 0x00000137935d5e90, 0x0000013795a41380, 0x0000013795a40cf0,
0x00000137a1079ac0, 0x00000137a107a150, 0x0000013788fc1dc0, 0x00000137a107a7e0,
0x0000013781a27cb0, 0x0000013781a28340, 0x0000013781a0b150, 0x0000013781a0cb90,
0x0000013781624690, 0x0000013781623970, 0x0000013781627480, 0x0000013781a113c0,
0x0000013781a0f2f0, 0x0000013781a11a50, 0x0000013781a120e0, 0x0000013781577330,
0x0000013781578d70, 0x0000013790e40290
}

Java Threads: ( => current thread )
  0x00000137d2816680 JavaThread "main"                              [_thread_blocked, id=9268, stack(0x0000001307300000,0x0000001307400000) (1024K)]
  0x00000137f1054650 JavaThread "Common-Cleaner"             daemon [_thread_blocked, id=18228, stack(0x0000001307b00000,0x0000001307c00000) (1024K)]
  0x00000137f10570c0 JavaThread "Reference Handler"          daemon [_thread_blocked, id=16584, stack(0x0000001307c00000,0x0000001307d00000) (1024K)]
  0x00000137f1057b20 JavaThread "Finalizer"                  daemon [_thread_blocked, id=8832, stack(0x0000001307d00000,0x0000001307e00000) (1024K)]
  0x00000137f1081b10 JavaThread "Signal Dispatcher"          daemon [_thread_blocked, id=19612, stack(0x0000001307e00000,0x0000001307f00000) (1024K)]
  0x00000137f10821a0 JavaThread "Attach Listener"            daemon [_thread_blocked, id=11428, stack(0x0000001307f00000,0x0000001308000000) (1024K)]
  0x00000137f107fa40 JavaThread "Service Thread"             daemon [_thread_blocked, id=18120, stack(0x0000001308000000,0x0000001308100000) (1024K)]
  0x00000137f107f3b0 JavaThread "Monitor Deflation Thread"   daemon [_thread_blocked, id=9892, stack(0x0000001308100000,0x0000001308200000) (1024K)]
=>0x00000137f10876d0 JavaThread "C2 CompilerThread0"         daemon [_thread_in_native, id=8372, stack(0x0000001308200000,0x0000001308300000) (1024K)]
  0x00000137f1088520 JavaThread "C1 CompilerThread0"         daemon [_thread_blocked, id=9408, stack(0x0000001308300000,0x0000001308400000) (1024K)]
  0x00000137f1080df0 JavaThread "Notification Thread"        daemon [_thread_blocked, id=15900, stack(0x0000001308400000,0x0000001308500000) (1024K)]
  0x00000137f1080760 JavaThread "Daemon health stats"               [_thread_blocked, id=5988, stack(0x0000001308800000,0x0000001308900000) (1024K)]
  0x00000137f10800d0 JavaThread "Incoming local TCP Connector on port 63509"        [_thread_in_native, id=20140, stack(0x0000001308b00000,0x0000001308c00000) (1024K)]
  0x00000137f1082830 JavaThread "Daemon periodic checks"            [_thread_blocked, id=20344, stack(0x0000001308c00000,0x0000001308d00000) (1024K)]
  0x00000137f37fb9c0 JavaThread "Cache worker for journal cache (C:\Users\tech1\.gradle\caches\journal-1)"        [_thread_blocked, id=4520, stack(0x0000001309b00000,0x0000001309c00000) (1024K)]
  0x00000137f37f8bd0 JavaThread "File lock request listener"        [_thread_in_native, id=9808, stack(0x0000001309c00000,0x0000001309d00000) (1024K)]
  0x00000137f37fc6e0 JavaThread "Cache worker for file hash cache (C:\Users\tech1\.gradle\caches\8.14\fileHashes)"        [_thread_blocked, id=19548, stack(0x0000001309d00000,0x0000001309e00000) (1024K)]
  0x00000137f37fd400 JavaThread "File watcher server"        daemon [_thread_in_native, id=10636, stack(0x0000001308500000,0x0000001308600000) (1024K)]
  0x00000137f37fe7b0 JavaThread "File watcher consumer"      daemon [_thread_blocked, id=17332, stack(0x0000001309e00000,0x0000001309f00000) (1024K)]
  0x00000137f417aec0 JavaThread "Cache worker for file content cache (C:\Users\tech1\.gradle\caches\8.14\fileContent)"        [_thread_blocked, id=17816, stack(0x000000130a300000,0x000000130a400000) (1024K)]
  0x00000137f4cfeb90 JavaThread "Memory manager"                    [_thread_blocked, id=4868, stack(0x000000130c800000,0x000000130c900000) (1024K)]
  0x00000137fc2f8400 JavaThread "jar transforms"                    [_thread_blocked, id=13128, stack(0x0000001311c00000,0x0000001311d00000) (1024K)]
  0x00000137fc554840 JavaThread "jar transforms Thread 2"           [_thread_blocked, id=4932, stack(0x0000001313000000,0x0000001313100000) (1024K)]
  0x00000137f70d9760 JavaThread "jar transforms Thread 3"           [_thread_blocked, id=17852, stack(0x0000001313200000,0x0000001313300000) (1024K)]
  0x00000137fc845c20 JavaThread "jar transforms Thread 4"           [_thread_blocked, id=6372, stack(0x0000001313300000,0x0000001313400000) (1024K)]
  0x00000137fc8434c0 JavaThread "jar transforms Thread 5"           [_thread_blocked, id=18040, stack(0x0000001313400000,0x0000001313500000) (1024K)]
  0x00000137fc843b50 JavaThread "jar transforms Thread 6"           [_thread_blocked, id=15896, stack(0x0000001313500000,0x0000001313600000) (1024K)]
  0x00000137fc8441e0 JavaThread "jar transforms Thread 7"           [_thread_blocked, id=18484, stack(0x0000001313600000,0x0000001313700000) (1024K)]
  0x00000137fc844870 JavaThread "jar transforms Thread 8"           [_thread_blocked, id=17900, stack(0x0000001313700000,0x0000001313800000) (1024K)]
  0x00000137fd0ef7c0 JavaThread "jar transforms Thread 9"           [_thread_blocked, id=17612, stack(0x0000001307200000,0x0000001307300000) (1024K)]
  0x00000137fd0ee410 JavaThread "jar transforms Thread 10"          [_thread_blocked, id=19360, stack(0x0000001313800000,0x0000001313900000) (1024K)]
  0x00000137fd0ed060 JavaThread "jar transforms Thread 11"          [_thread_blocked, id=14348, stack(0x0000001313900000,0x0000001313a00000) (1024K)]
  0x00000137fd0efe50 JavaThread "jar transforms Thread 12"          [_thread_blocked, id=10980, stack(0x0000001313a00000,0x0000001313b00000) (1024K)]
  0x0000013781a0d220 JavaThread "Java2D Disposer"            daemon [_thread_blocked, id=20376, stack(0x0000001316b00000,0x0000001316c00000) (1024K)]
  0x0000013781a10d30 JavaThread "AWT-Windows"                daemon [_thread_in_native, id=7236, stack(0x0000001316d00000,0x0000001316e00000) (1024K)]
  0x0000013781a09da0 JavaThread "DefaultDispatcher-worker-1" daemon [_thread_blocked, id=20048, stack(0x0000001316f00000,0x0000001317000000) (1024K)]
  0x0000013781a0aac0 JavaThread "DefaultDispatcher-worker-2" daemon [_thread_blocked, id=12068, stack(0x0000001317200000,0x0000001317300000) (1024K)]
  0x0000013781a0a430 JavaThread "DefaultDispatcher-worker-3" daemon [_thread_blocked, id=18380, stack(0x0000001317300000,0x0000001317400000) (1024K)]
  0x00000137fd0f3ff0 JavaThread "Periodic tasks thread"      daemon [_thread_blocked, id=2416, stack(0x0000001317e00000,0x0000001317f00000) (1024K)]
  0x0000013781a24830 JavaThread "ApplicationImpl pooled thread 1"        [_thread_blocked, id=5132, stack(0x0000001317f00000,0x0000001318000000) (1024K)]
  0x00000137f7725370 JavaThread "DefaultDispatcher-worker-4" daemon [_thread_blocked, id=8092, stack(0x0000001317d00000,0x0000001317e00000) (1024K)]
  0x0000013791ccae30 JavaThread "DefaultDispatcher-worker-5" daemon [_thread_blocked, id=21236, stack(0x0000001318000000,0x0000001318100000) (1024K)]
  0x00000137fd3206f0 JavaThread "RMI Scheduler(0)"           daemon [_thread_blocked, id=17552, stack(0x0000001315000000,0x0000001315100000) (1024K)]
  0x00000137fce308e0 JavaThread "RMI GC Daemon"              daemon [_thread_blocked, id=17312, stack(0x0000001315800000,0x0000001315900000) (1024K)]
  0x00000137fce2d460 JavaThread "RMI TCP Accept-0"           daemon [_thread_in_native, id=6944, stack(0x0000001315900000,0x0000001315a00000) (1024K)]
  0x00000137fce30f70 JavaThread "RMI Reaper"                        [_thread_blocked, id=20192, stack(0x0000001315a00000,0x0000001315b00000) (1024K)]
  0x0000013781a16910 JavaThread "Cache worker for Java compile cache (C:\Users\tech1\.gradle\caches\8.14\javaCompile)"        [_thread_blocked, id=10068, stack(0x0000001315600000,0x0000001315700000) (1024K)]
  0x0000013788847e00 JavaThread "Daemon Thread 6"                   [_thread_blocked, id=20808, stack(0x0000001307000000,0x0000001307100000) (1024K)]
  0x0000013792589f20 JavaThread "Handler for socket connection from /127.0.0.1:63509 to /127.0.0.1:59328"        [_thread_in_native, id=3776, stack(0x0000001307100000,0x0000001307200000) (1024K)]
  0x000001379258ac40 JavaThread "Cancel handler"                    [_thread_blocked, id=1468, stack(0x0000001308e00000,0x0000001308f00000) (1024K)]
  0x0000013792588b70 JavaThread "Daemon worker Thread 6"            [_thread_blocked, id=8488, stack(0x0000001308f00000,0x0000001309000000) (1024K)]
  0x0000013793549a50 JavaThread "Asynchronous log dispatcher for DefaultDaemonConnection: socket connection from /127.0.0.1:63509 to /127.0.0.1:59328"        [_thread_blocked, id=9132, stack(0x0000001309000000,0x0000001309100000) (1024K)]
  0x000001379354a770 JavaThread "Stdin handler"                     [_thread_blocked, id=22832, stack(0x0000001309100000,0x0000001309200000) (1024K)]
  0x00000137810a9650 JavaThread "Daemon client event forwarder"        [_thread_blocked, id=23400, stack(0x0000001309200000,0x0000001309300000) (1024K)]
  0x00000137810a6860 JavaThread "Cache worker for file hash cache (C:\Users\tech1\OneDrive\Desktop\framer website\agri-flow-flutter\android\.gradle\8.14\fileHashes)"        [_thread_blocked, id=4872, stack(0x0000001309300000,0x0000001309400000) (1024K)]
  0x00000137810a7c10 JavaThread "Cache worker for Build Output Cleanup Cache (C:\Users\tech1\OneDrive\Desktop\framer website\agri-flow-flutter\android\.gradle\buildOutputCleanup)"        [_thread_blocked, id=22928, stack(0x0000001309f00000,0x000000130a000000) (1024K)]
  0x00000137810a8fc0 JavaThread "Cache worker for checksums cache (C:\Users\tech1\OneDrive\Desktop\framer website\agri-flow-flutter\android\.gradle\8.14\checksums)"        [_thread_blocked, id=18280, stack(0x000000130a000000,0x000000130a100000) (1024K)]
  0x00000137810a6ef0 JavaThread "Cache worker for cache directory md-supplier (C:\Users\tech1\.gradle\caches\8.14\md-supplier)"        [_thread_blocked, id=5440, stack(0x000000130a100000,0x000000130a200000) (1024K)]
  0x00000137fd0ed6f0 JavaThread "Cache worker for cache directory md-rule (C:\Users\tech1\.gradle\caches\8.14\md-rule)"        [_thread_blocked, id=21052, stack(0x000000130a200000,0x000000130a300000) (1024K)]
  0x00000137fd0edd80 JavaThread "Cache worker for Build Output Cleanup Cache (C:\flutter\packages\flutter_tools\gradle\.gradle\buildOutputCleanup)"        [_thread_blocked, id=20568, stack(0x000000130a400000,0x000000130a500000) (1024K)]
  0x00000137fd0f4d10 JavaThread "Unconstrained build operations"        [_thread_blocked, id=10104, stack(0x000000130a500000,0x000000130a600000) (1024K)]
  0x00000137810a61d0 JavaThread "Unconstrained build operations Thread 2"        [_thread_blocked, id=23084, stack(0x000000130a600000,0x000000130a700000) (1024K)]
  0x00000137810a8930 JavaThread "Unconstrained build operations Thread 3"        [_thread_blocked, id=2100, stack(0x000000130a700000,0x000000130a800000) (1024K)]
  0x00000137810a82a0 JavaThread "Unconstrained build operations Thread 4"        [_thread_blocked, id=22868, stack(0x000000130a800000,0x000000130a900000) (1024K)]
  0x00000137810ad160 JavaThread "Unconstrained build operations Thread 5"        [_thread_blocked, id=22304, stack(0x000000130a900000,0x000000130aa00000) (1024K)]
  0x00000137810aaa00 JavaThread "Unconstrained build operations Thread 6"        [_thread_blocked, id=23528, stack(0x000000130aa00000,0x000000130ab00000) (1024K)]
  0x00000137810ab720 JavaThread "Unconstrained build operations Thread 7"        [_thread_blocked, id=23180, stack(0x000000130ab00000,0x000000130ac00000) (1024K)]
  0x00000137810abdb0 JavaThread "Unconstrained build operations Thread 8"        [_thread_blocked, id=18480, stack(0x000000130ac00000,0x000000130ad00000) (1024K)]
  0x0000013795078160 JavaThread "Unconstrained build operations Thread 9"        [_thread_blocked, id=17444, stack(0x000000130ad00000,0x000000130ae00000) (1024K)]
  0x00000137950787f0 JavaThread "Unconstrained build operations Thread 10"        [_thread_blocked, id=22952, stack(0x000000130ae00000,0x000000130af00000) (1024K)]
  0x0000013795078e80 JavaThread "Unconstrained build operations Thread 11"        [_thread_blocked, id=16480, stack(0x000000130af00000,0x000000130b000000) (1024K)]
  0x00000137880423b0 JavaThread "Unconstrained build operations Thread 12"        [_thread_blocked, id=20276, stack(0x000000130b000000,0x000000130b100000) (1024K)]
  0x0000013788041d20 JavaThread "Unconstrained build operations Thread 13"        [_thread_blocked, id=21436, stack(0x000000130b100000,0x000000130b200000) (1024K)]
  0x0000013788043df0 JavaThread "Unconstrained build operations Thread 14"        [_thread_blocked, id=17296, stack(0x000000130b200000,0x000000130b300000) (1024K)]
  0x0000013788042a40 JavaThread "Unconstrained build operations Thread 15"        [_thread_blocked, id=21844, stack(0x000000130b300000,0x000000130b400000) (1024K)]
  0x00000137880451a0 JavaThread "Unconstrained build operations Thread 16"        [_thread_blocked, id=20916, stack(0x000000130b400000,0x000000130b500000) (1024K)]
  0x0000013788044480 JavaThread "Unconstrained build operations Thread 17"        [_thread_blocked, id=21984, stack(0x000000130b500000,0x000000130b600000) (1024K)]
  0x00000137880430d0 JavaThread "Unconstrained build operations Thread 18"        [_thread_blocked, id=18420, stack(0x000000130b600000,0x000000130b700000) (1024K)]
  0x0000013788044b10 JavaThread "Unconstrained build operations Thread 19"        [_thread_blocked, id=4976, stack(0x000000130b700000,0x000000130b800000) (1024K)]
  0x00000137938b2480 JavaThread "Unconstrained build operations Thread 20"        [_thread_blocked, id=21044, stack(0x000000130b800000,0x000000130b900000) (1024K)]
  0x00000137938b2b10 JavaThread "Unconstrained build operations Thread 21"        [_thread_blocked, id=15944, stack(0x000000130b900000,0x000000130ba00000) (1024K)]
  0x00000137938b0a40 JavaThread "Unconstrained build operations Thread 22"        [_thread_blocked, id=20660, stack(0x000000130ba00000,0x000000130bb00000) (1024K)]
  0x00000137938b1df0 JavaThread "build event listener"              [_thread_blocked, id=22616, stack(0x000000130bb00000,0x000000130bc00000) (1024K)]
  0x00000137938b31a0 JavaThread "included builds"                   [_thread_blocked, id=8776, stack(0x000000130bc00000,0x000000130bd00000) (1024K)]
  0x0000013790e3ba60 JavaThread "Execution worker"                  [_thread_blocked, id=11784, stack(0x000000130bd00000,0x000000130be00000) (1024K)]
  0x0000013790e3c780 JavaThread "Execution worker Thread 2"         [_thread_blocked, id=16444, stack(0x000000130be00000,0x000000130bf00000) (1024K)]
  0x0000013790e3e850 JavaThread "Execution worker Thread 3"         [_thread_blocked, id=5624, stack(0x000000130bf00000,0x000000130c000000) (1024K)]
  0x0000013790e3f570 JavaThread "Execution worker Thread 4"         [_thread_blocked, id=7612, stack(0x000000130c000000,0x000000130c100000) (1024K)]
  0x0000013790e3db30 JavaThread "Execution worker Thread 5"         [_thread_blocked, id=19148, stack(0x000000130c100000,0x000000130c200000) (1024K)]
  0x0000013790e3ce10 JavaThread "Execution worker Thread 6"         [_thread_blocked, id=9092, stack(0x000000130c200000,0x000000130c300000) (1024K)]
  0x0000013790e3c0f0 JavaThread "Execution worker Thread 7"         [_thread_blocked, id=6872, stack(0x000000130c300000,0x000000130c400000) (1024K)]
  0x0000013790e40920 JavaThread "Execution worker Thread 8"         [_thread_blocked, id=15424, stack(0x000000130c400000,0x000000130c500000) (1024K)]
  0x0000013790e3d4a0 JavaThread "Execution worker Thread 9"         [_thread_blocked, id=22536, stack(0x000000130c500000,0x000000130c600000) (1024K)]
  0x0000013790e41640 JavaThread "Execution worker Thread 10"        [_thread_blocked, id=6376, stack(0x000000130c600000,0x000000130c700000) (1024K)]
  0x0000013790e43da0 JavaThread "Execution worker Thread 11"        [_thread_blocked, id=6796, stack(0x000000130c700000,0x000000130c800000) (1024K)]
  0x0000013788844980 JavaThread "Cache worker for execution history cache (C:\flutter\packages\flutter_tools\gradle\.gradle\8.14\executionHistory)"        [_thread_blocked, id=21584, stack(0x000000130c900000,0x000000130ca00000) (1024K)]
  0x00000137fd31ecb0 JavaThread "Unconstrained build operations Thread 23"        [_thread_blocked, id=17864, stack(0x000000130ca00000,0x000000130cb00000) (1024K)]
  0x00000137fd31f340 JavaThread "Unconstrained build operations Thread 24"        [_thread_blocked, id=14032, stack(0x000000130cb00000,0x000000130cc00000) (1024K)]
  0x00000137fd320060 JavaThread "Unconstrained build operations Thread 25"        [_thread_blocked, id=23284, stack(0x000000130cc00000,0x000000130cd00000) (1024K)]
  0x00000137fd320d80 JavaThread "Unconstrained build operations Thread 26"        [_thread_blocked, id=7572, stack(0x000000130cd00000,0x000000130ce00000) (1024K)]
  0x00000137fd322e50 JavaThread "Unconstrained build operations Thread 27"        [_thread_blocked, id=23140, stack(0x000000130ce00000,0x000000130cf00000) (1024K)]
  0x00000137fd321410 JavaThread "Unconstrained build operations Thread 28"        [_thread_blocked, id=18412, stack(0x000000130cf00000,0x000000130d000000) (1024K)]
  0x00000137fd321aa0 JavaThread "Unconstrained build operations Thread 29"        [_thread_blocked, id=22000, stack(0x000000130d000000,0x000000130d100000) (1024K)]
  0x00000137fd322130 JavaThread "Unconstrained build operations Thread 30"        [_thread_blocked, id=23448, stack(0x000000130d100000,0x000000130d200000) (1024K)]
  0x0000013790e44430 JavaThread "Unconstrained build operations Thread 31"        [_thread_blocked, id=4412, stack(0x000000130d200000,0x000000130d300000) (1024K)]
  0x0000013790e429f0 JavaThread "Unconstrained build operations Thread 32"        [_thread_blocked, id=6744, stack(0x000000130d300000,0x000000130d400000) (1024K)]
  0x0000013790e41cd0 JavaThread "Unconstrained build operations Thread 33"        [_thread_blocked, id=13152, stack(0x000000130d400000,0x000000130d500000) (1024K)]
  0x00000137fd0f1f20 JavaThread "Unconstrained build operations Thread 34"        [_thread_blocked, id=21688, stack(0x000000130d500000,0x000000130d600000) (1024K)]
  0x00000137fd0f4680 JavaThread "Unconstrained build operations Thread 35"        [_thread_blocked, id=1444, stack(0x000000130d600000,0x000000130d700000) (1024K)]
  0x00000137fd0f1890 JavaThread "Unconstrained build operations Thread 36"        [_thread_blocked, id=22392, stack(0x000000130d700000,0x000000130d800000) (1024K)]
  0x00000137fd0f25b0 JavaThread "Unconstrained build operations Thread 37"        [_thread_blocked, id=16600, stack(0x000000130d800000,0x000000130d900000) (1024K)]
  0x00000137fd0f2c40 JavaThread "Unconstrained build operations Thread 38"        [_thread_blocked, id=6156, stack(0x000000130d900000,0x000000130da00000) (1024K)]
  0x00000137fd0f9540 JavaThread "Unconstrained build operations Thread 39"        [_thread_blocked, id=22100, stack(0x000000130da00000,0x000000130db00000) (1024K)]
  0x00000137fd0f9bd0 JavaThread "Unconstrained build operations Thread 40"        [_thread_blocked, id=16680, stack(0x000000130db00000,0x000000130dc00000) (1024K)]
  0x00000137fd0f7470 JavaThread "Unconstrained build operations Thread 41"        [_thread_blocked, id=18656, stack(0x000000130dc00000,0x000000130dd00000) (1024K)]
  0x00000137fd0f6750 JavaThread "Unconstrained build operations Thread 42"        [_thread_blocked, id=23152, stack(0x000000130dd00000,0x000000130de00000) (1024K)]
  0x00000137fd0f8190 JavaThread "Unconstrained build operations Thread 43"        [_thread_blocked, id=744, stack(0x000000130de00000,0x000000130df00000) (1024K)]
  0x00000137fd0fa260 JavaThread "Unconstrained build operations Thread 44"        [_thread_blocked, id=23256, stack(0x000000130df00000,0x000000130e000000) (1024K)]
  0x00000137fc309fd0 JavaThread "Unconstrained build operations Thread 45"        [_thread_blocked, id=23168, stack(0x000000130e000000,0x000000130e100000) (1024K)]
  0x00000137fc30b380 JavaThread "Unconstrained build operations Thread 46"        [_thread_blocked, id=21712, stack(0x000000130e100000,0x000000130e200000) (1024K)]
  0x00000137938b3830 JavaThread "Unconstrained build operations Thread 47"        [_thread_blocked, id=23060, stack(0x000000130e300000,0x000000130e400000) (1024K)]
  0x00000137938b3ec0 JavaThread "Unconstrained build operations Thread 48"        [_thread_blocked, id=22888, stack(0x000000130e400000,0x000000130e500000) (1024K)]
  0x00000137938b10d0 JavaThread "Unconstrained build operations Thread 49"        [_thread_blocked, id=12656, stack(0x000000130e500000,0x000000130e600000) (1024K)]
  0x00000137938b1760 JavaThread "Unconstrained build operations Thread 50"        [_thread_blocked, id=16108, stack(0x000000130e600000,0x000000130e700000) (1024K)]
  0x0000013790234d90 JavaThread "Unconstrained build operations Thread 51"        [_thread_blocked, id=6184, stack(0x000000130e700000,0x000000130e800000) (1024K)]
  0x0000013790234070 JavaThread "Unconstrained build operations Thread 52"        [_thread_blocked, id=12508, stack(0x000000130e800000,0x000000130e900000) (1024K)]
  0x0000013790235420 JavaThread "Unconstrained build operations Thread 53"        [_thread_blocked, id=1692, stack(0x000000130e900000,0x000000130ea00000) (1024K)]
  0x0000013790234700 JavaThread "Unconstrained build operations Thread 54"        [_thread_blocked, id=22272, stack(0x000000130ea00000,0x000000130eb00000) (1024K)]
  0x0000013780c7d440 JavaThread "Unconstrained build operations Thread 55"        [_thread_blocked, id=23524, stack(0x000000130eb00000,0x000000130ec00000) (1024K)]
  0x0000013780c7f510 JavaThread "Unconstrained build operations Thread 56"        [_thread_blocked, id=17204, stack(0x000000130ec00000,0x000000130ed00000) (1024K)]
  0x0000013780c7dad0 JavaThread "Unconstrained build operations Thread 57"        [_thread_blocked, id=22520, stack(0x000000130ed00000,0x000000130ee00000) (1024K)]
  0x0000013780c7ee80 JavaThread "Unconstrained build operations Thread 58"        [_thread_blocked, id=22080, stack(0x000000130ee00000,0x000000130ef00000) (1024K)]
  0x0000013780c80230 JavaThread "Unconstrained build operations Thread 59"        [_thread_blocked, id=18180, stack(0x000000130ef00000,0x000000130f000000) (1024K)]
  0x0000013780c7fba0 JavaThread "Unconstrained build operations Thread 60"        [_thread_blocked, id=21356, stack(0x000000130f000000,0x000000130f100000) (1024K)]
  0x00000137810ac440 JavaThread "Unconstrained build operations Thread 61"        [_thread_blocked, id=16188, stack(0x000000130f100000,0x000000130f200000) (1024K)]
  0x000001378884a560 JavaThread "Unconstrained build operations Thread 62"        [_thread_blocked, id=23156, stack(0x000000130f200000,0x000000130f300000) (1024K)]
  0x0000013788848490 JavaThread "Unconstrained build operations Thread 63"        [_thread_blocked, id=3964, stack(0x000000130f300000,0x000000130f400000) (1024K)]
  0x000001378884abf0 JavaThread "Unconstrained build operations Thread 64"        [_thread_blocked, id=19212, stack(0x000000130f400000,0x000000130f500000) (1024K)]
  0x0000013788849840 JavaThread "Unconstrained build operations Thread 65"        [_thread_blocked, id=6664, stack(0x000000130f500000,0x000000130f600000) (1024K)]
  0x000001378884b280 JavaThread "Unconstrained build operations Thread 66"        [_thread_blocked, id=2400, stack(0x000000130f600000,0x000000130f700000) (1024K)]
  0x000001378884b910 JavaThread "Unconstrained build operations Thread 67"        [_thread_blocked, id=23304, stack(0x000000130f700000,0x000000130f800000) (1024K)]
  0x0000013788848b20 JavaThread "Unconstrained build operations Thread 68"        [_thread_blocked, id=6324, stack(0x000000130f800000,0x000000130f900000) (1024K)]
  0x00000137fd3227c0 JavaThread "build event listener"              [_thread_blocked, id=1632, stack(0x000000130f900000,0x000000130fa00000) (1024K)]
  0x00000137888491b0 JavaThread "Unconstrained build operations Thread 69"        [_thread_blocked, id=2112, stack(0x000000130fa00000,0x000000130fb00000) (1024K)]
  0x0000013788849ed0 JavaThread "Unconstrained build operations Thread 70"        [_thread_blocked, id=21388, stack(0x000000130fb00000,0x000000130fc00000) (1024K)]
  0x000001379373a780 JavaThread "Unconstrained build operations Thread 71"        [_thread_blocked, id=20420, stack(0x000000130fc00000,0x000000130fd00000) (1024K)]
  0x000001379373b4a0 JavaThread "Unconstrained build operations Thread 72"        [_thread_blocked, id=19672, stack(0x000000130fd00000,0x000000130fe00000) (1024K)]
  0x00000137810acad0 JavaThread "Unconstrained build operations Thread 73"        [_thread_blocked, id=20800, stack(0x000000130fe00000,0x000000130ff00000) (1024K)]
  0x00000137810a9ce0 JavaThread "Unconstrained build operations Thread 74"        [_thread_blocked, id=22260, stack(0x000000130ff00000,0x0000001310000000) (1024K)]
  0x00000137810ad7f0 JavaThread "Unconstrained build operations Thread 75"        [_thread_blocked, id=22892, stack(0x0000001310000000,0x0000001310100000) (1024K)]
  0x00000137810aa370 JavaThread "Unconstrained build operations Thread 76"        [_thread_blocked, id=17756, stack(0x0000001310100000,0x0000001310200000) (1024K)]
  0x00000137810aff50 JavaThread "Unconstrained build operations Thread 77"        [_thread_blocked, id=19520, stack(0x0000001310200000,0x0000001310300000) (1024K)]
  0x00000137810b05e0 JavaThread "Unconstrained build operations Thread 78"        [_thread_blocked, id=20532, stack(0x0000001310300000,0x0000001310400000) (1024K)]
  0x00000137810b0c70 JavaThread "Unconstrained build operations Thread 79"        [_thread_blocked, id=18956, stack(0x0000001310400000,0x0000001310500000) (1024K)]
  0x00000137fd31f9d0 JavaThread "Unconstrained build operations Thread 80"        [_thread_blocked, id=23028, stack(0x0000001310500000,0x0000001310600000) (1024K)]
  0x0000013780c808c0 JavaThread "Unconstrained build operations Thread 81"        [_thread_blocked, id=2368, stack(0x0000001310600000,0x0000001310700000) (1024K)]
  0x00000137810af8c0 JavaThread "Unconstrained build operations Thread 82"        [_thread_blocked, id=23380, stack(0x0000001310700000,0x0000001310800000) (1024K)]
  0x00000137810af230 JavaThread "Unconstrained build operations Thread 83"        [_thread_blocked, id=13444, stack(0x0000001310800000,0x0000001310900000) (1024K)]
  0x00000137810b1300 JavaThread "Unconstrained build operations Thread 84"        [_thread_blocked, id=9424, stack(0x0000001310900000,0x0000001310a00000) (1024K)]
  0x00000137810ade80 JavaThread "Unconstrained build operations Thread 85"        [_thread_blocked, id=3576, stack(0x0000001310a00000,0x0000001310b00000) (1024K)]
  0x00000137810b1990 JavaThread "Unconstrained build operations Thread 86"        [_thread_blocked, id=18712, stack(0x0000001310b00000,0x0000001310c00000) (1024K)]
  0x00000137810b2020 JavaThread "Unconstrained build operations Thread 87"        [_thread_blocked, id=21744, stack(0x0000001310c00000,0x0000001310d00000) (1024K)]
  0x00000137810aeba0 JavaThread "Unconstrained build operations Thread 88"        [_thread_blocked, id=22844, stack(0x0000001310d00000,0x0000001310e00000) (1024K)]
  0x00000137810b54a0 JavaThread "Unconstrained build operations Thread 89"        [_thread_blocked, id=3632, stack(0x0000001310e00000,0x0000001310f00000) (1024K)]
  0x00000137810b4780 JavaThread "Unconstrained build operations Thread 90"        [_thread_blocked, id=2488, stack(0x0000001310f00000,0x0000001311000000) (1024K)]
  0x00000137810b2d40 JavaThread "Problems report writer"            [_thread_blocked, id=7080, stack(0x0000001311000000,0x0000001311100000) (1024K)]
  0x0000013795079ba0 JavaThread "Unconstrained build operations Thread 91"        [_thread_blocked, id=10976, stack(0x0000001311100000,0x0000001311200000) (1024K)]
  0x0000013795076db0 JavaThread "Unconstrained build operations Thread 92"        [_thread_blocked, id=11964, stack(0x0000001311200000,0x0000001311300000) (1024K)]
  0x0000013795077440 JavaThread "Unconstrained build operations Thread 93"        [_thread_blocked, id=22908, stack(0x0000001311300000,0x0000001311400000) (1024K)]
  0x0000013791a8cd40 JavaThread "Unconstrained build operations Thread 94"        [_thread_blocked, id=22232, stack(0x0000001311400000,0x0000001311500000) (1024K)]
  0x0000013791a8e780 JavaThread "Unconstrained build operations Thread 95"        [_thread_blocked, id=22912, stack(0x0000001311500000,0x0000001311600000) (1024K)]
  0x0000013791a8da60 JavaThread "Unconstrained build operations Thread 96"        [_thread_blocked, id=2096, stack(0x0000001311600000,0x0000001311700000) (1024K)]
  0x0000013791a8ee10 JavaThread "Unconstrained build operations Thread 97"        [_thread_blocked, id=20924, stack(0x0000001311700000,0x0000001311800000) (1024K)]
  0x0000013791a8e0f0 JavaThread "Unconstrained build operations Thread 98"        [_thread_blocked, id=10972, stack(0x0000001311800000,0x0000001311900000) (1024K)]
  0x0000013791a8f4a0 JavaThread "Unconstrained build operations Thread 99"        [_thread_blocked, id=22432, stack(0x0000001311900000,0x0000001311a00000) (1024K)]
  0x0000013791a8c020 JavaThread "Unconstrained build operations Thread 100"        [_thread_blocked, id=4540, stack(0x0000001311a00000,0x0000001311b00000) (1024K)]
  0x0000013791a8c6b0 JavaThread "Unconstrained build operations Thread 101"        [_thread_blocked, id=19728, stack(0x0000001311b00000,0x0000001311c00000) (1024K)]
  0x0000013791a8d3d0 JavaThread "Unconstrained build operations Thread 102"        [_thread_blocked, id=5156, stack(0x0000001311d00000,0x0000001311e00000) (1024K)]
  0x00000137a1079430 JavaThread "Unconstrained build operations Thread 103"        [_thread_blocked, id=20720, stack(0x0000001311e00000,0x0000001311f00000) (1024K)]
  0x00000137a107b500 JavaThread "Unconstrained build operations Thread 104"        [_thread_blocked, id=23240, stack(0x0000001311f00000,0x0000001312000000) (1024K)]
  0x00000137a1078da0 JavaThread "Unconstrained build operations Thread 105"        [_thread_blocked, id=22368, stack(0x0000001312000000,0x0000001312100000) (1024K)]
  0x00000137a107ae70 JavaThread "Unconstrained build operations Thread 106"        [_thread_blocked, id=21912, stack(0x0000001312100000,0x0000001312200000) (1024K)]
  0x00000137a1078080 JavaThread "Unconstrained build operations Thread 107"        [_thread_blocked, id=6908, stack(0x0000001312200000,0x0000001312300000) (1024K)]
  0x0000013780c7e160 JavaThread "Unconstrained build operations Thread 108"        [_thread_blocked, id=14608, stack(0x0000001312300000,0x0000001312400000) (1024K)]
  0x0000013780c7e7f0 JavaThread "Unconstrained build operations Thread 109"        [_thread_blocked, id=3916, stack(0x0000001312400000,0x0000001312500000) (1024K)]
  0x0000013792f99b00 JavaThread "Unconstrained build operations Thread 110"        [_thread_blocked, id=11320, stack(0x0000001312500000,0x0000001312600000) (1024K)]
  0x0000013792f980c0 JavaThread "Unconstrained build operations Thread 111"        [_thread_blocked, id=13588, stack(0x0000001312600000,0x0000001312700000) (1024K)]
  0x0000013792f98750 JavaThread "Unconstrained build operations Thread 112"        [_thread_blocked, id=23188, stack(0x0000001312700000,0x0000001312800000) (1024K)]
  0x0000013792f9b540 JavaThread "Unconstrained build operations Thread 113"        [_thread_blocked, id=22848, stack(0x000000130e200000,0x000000130e300000) (1024K)]
  0x0000013792f9a820 JavaThread "Unconstrained build operations Thread 114"        [_thread_blocked, id=21100, stack(0x0000001312800000,0x0000001312900000) (1024K)]
  0x0000013792f9a190 JavaThread "Unconstrained build operations Thread 115"        [_thread_blocked, id=9176, stack(0x0000001312900000,0x0000001312a00000) (1024K)]
  0x0000013792f9aeb0 JavaThread "Unconstrained build operations Thread 116"        [_thread_blocked, id=5744, stack(0x0000001312a00000,0x0000001312b00000) (1024K)]
  0x0000013792f98de0 JavaThread "Unconstrained build operations Thread 117"        [_thread_blocked, id=21948, stack(0x0000001312b00000,0x0000001312c00000) (1024K)]
  0x0000013792f99470 JavaThread "Unconstrained build operations Thread 118"        [_thread_blocked, id=8820, stack(0x0000001312c00000,0x0000001312d00000) (1024K)]
  0x00000137935d6520 JavaThread "Unconstrained build operations Thread 119"        [_thread_blocked, id=22476, stack(0x0000001312d00000,0x0000001312e00000) (1024K)]
  0x00000137935d4ae0 JavaThread "Unconstrained build operations Thread 120"        [_thread_blocked, id=23440, stack(0x0000001312e00000,0x0000001312f00000) (1024K)]
  0x00000137810b26b0 JavaThread "Cache worker for execution history cache (C:\Users\tech1\OneDrive\Desktop\framer website\agri-flow-flutter\android\.gradle\8.14\executionHistory)"        [_thread_blocked, id=19716, stack(0x0000001308d00000,0x0000001308e00000) (1024K)]
  0x00000137907aa870 JavaThread "WorkerExecutor Queue"              [_thread_blocked, id=16504, stack(0x0000001312f00000,0x0000001313000000) (1024K)]
  0x00000137907b0450 JavaThread "WorkerExecutor Queue Thread 3"        [_thread_blocked, id=23100, stack(0x0000001313b00000,0x0000001313c00000) (1024K)]
  0x000001379373ae10 JavaThread "WorkerExecutor Queue Thread 4"        [_thread_blocked, id=20912, stack(0x0000001313c00000,0x0000001313d00000) (1024K)]
  0x00000137a1078710 JavaThread "WorkerExecutor Queue Thread 5"        [_thread_blocked, id=14956, stack(0x0000001313d00000,0x0000001313e00000) (1024K)]
  0x00000137810b3a60 JavaThread "WorkerExecutor Queue Thread 7"        [_thread_blocked, id=17988, stack(0x0000001313f00000,0x0000001314000000) (1024K)]
  0x00000137907ae380 JavaThread "WorkerExecutor Queue Thread 8"        [_thread_blocked, id=11076, stack(0x0000001314000000,0x0000001314100000) (1024K)]
  0x00000137f7683180 JavaThread "WorkerExecutor Queue Thread 9"        [_thread_blocked, id=16564, stack(0x0000001314100000,0x0000001314200000) (1024K)]
  0x000001379037ab40 JavaThread "WorkerExecutor Queue Thread 10"        [_thread_blocked, id=21608, stack(0x0000001314200000,0x0000001314300000) (1024K)]
  0x000001379258a5b0 JavaThread "Exec process Thread 163"           [_thread_in_native, id=23544, stack(0x0000001314300000,0x0000001314400000) (1024K)]
  0x0000013790377d50 JavaThread "WorkerExecutor Queue Thread 11"        [_thread_in_native, id=22208, stack(0x0000001314400000,0x0000001314500000) (1024K)]
  0x000001379258e0c0 JavaThread "WorkerExecutor Queue Thread 12"        [_thread_blocked, id=20512, stack(0x0000001314500000,0x0000001314600000) (1024K)]
  0x00000137fd0f04e0 JavaThread "Exec process Thread 164"           [_thread_in_native, id=17948, stack(0x0000001314800000,0x0000001314900000) (1024K)]
  0x0000013781a23480 JavaThread "Exec process Thread 165"           [_thread_in_native, id=22480, stack(0x0000001314900000,0x0000001314a00000) (1024K)]
  0x00000137907aea10 JavaThread "WorkerExecutor Queue Thread 15"        [_thread_blocked, id=21888, stack(0x0000001313100000,0x0000001313200000) (1024K)]
  0x00000137936ea6f0 JavaThread "Exec process Thread 166"           [_thread_blocked, id=22920, stack(0x0000001314600000,0x0000001314700000) (1024K)]
  0x0000013788fc1730 JavaThread "Exec process Thread 167"           [_thread_blocked, id=13412, stack(0x0000001314a00000,0x0000001314b00000) (1024K)]
  0x0000013788fc4bb0 JavaThread "Exec process Thread 168"           [_thread_blocked, id=14740, stack(0x0000001314b00000,0x0000001314c00000) (1024K)]
  0x000001379efcd420 JavaThread "WorkerExecutor Queue Thread 16"        [_thread_blocked, id=18084, stack(0x0000001314700000,0x0000001314800000) (1024K)]
  0x000001379efccd90 JavaThread "Exec process Thread 169"           [_thread_blocked, id=23468, stack(0x0000001314c00000,0x0000001314d00000) (1024K)]
  0x00000137935d6bb0 JavaThread "Exec process Thread 170"           [_thread_blocked, id=23316, stack(0x0000001314d00000,0x0000001314e00000) (1024K)]
  0x00000137935d5e90 JavaThread "Exec process Thread 171"           [_thread_blocked, id=22264, stack(0x0000001314e00000,0x0000001314f00000) (1024K)]
  0x0000013795a41380 JavaThread "Exec process Thread 172"           [_thread_blocked, id=22384, stack(0x0000001314f00000,0x0000001315000000) (1024K)]
  0x0000013795a40cf0 JavaThread "Exec process Thread 173"           [_thread_blocked, id=22200, stack(0x0000001315100000,0x0000001315200000) (1024K)]
  0x00000137a1079ac0 JavaThread "Exec process Thread 174"           [_thread_blocked, id=23032, stack(0x0000001315200000,0x0000001315300000) (1024K)]
  0x00000137a107a150 JavaThread "Exec process Thread 175"           [_thread_blocked, id=4524, stack(0x0000001315300000,0x0000001315400000) (1024K)]
  0x0000013788fc1dc0 JavaThread "Exec process Thread 176"           [_thread_blocked, id=21360, stack(0x0000001315400000,0x0000001315500000) (1024K)]
  0x00000137a107a7e0 JavaThread "Exec process Thread 177"           [_thread_blocked, id=4556, stack(0x0000001315500000,0x0000001315600000) (1024K)]
  0x0000013781a27cb0 JavaThread "Build operations"                  [_thread_blocked, id=21600, stack(0x0000001313e00000,0x0000001313f00000) (1024K)]
  0x0000013781a28340 JavaThread "Build operations Thread 2"         [_thread_blocked, id=23308, stack(0x0000001315b00000,0x0000001315c00000) (1024K)]
  0x0000013781a0b150 JavaThread "Build operations Thread 3"         [_thread_blocked, id=23224, stack(0x0000001315c00000,0x0000001315d00000) (1024K)]
  0x0000013781a0cb90 JavaThread "Build operations Thread 4"         [_thread_blocked, id=9220, stack(0x0000001315d00000,0x0000001315e00000) (1024K)]
  0x0000013781624690 JavaThread "Build operations Thread 5"         [_thread_blocked, id=1756, stack(0x0000001315e00000,0x0000001315f00000) (1024K)]
  0x0000013781623970 JavaThread "Build operations Thread 6"         [_thread_blocked, id=19772, stack(0x0000001315f00000,0x0000001316000000) (1024K)]
  0x0000013781627480 JavaThread "Build operations Thread 7"         [_thread_blocked, id=2860, stack(0x0000001316000000,0x0000001316100000) (1024K)]
  0x0000013781a113c0 JavaThread "Build operations Thread 8"         [_thread_blocked, id=4428, stack(0x0000001316100000,0x0000001316200000) (1024K)]
  0x0000013781a0f2f0 JavaThread "Build operations Thread 9"         [_thread_blocked, id=11096, stack(0x0000001316200000,0x0000001316300000) (1024K)]
  0x0000013781a11a50 JavaThread "Build operations Thread 10"        [_thread_blocked, id=19760, stack(0x0000001316300000,0x0000001316400000) (1024K)]
  0x0000013781a120e0 JavaThread "Build operations Thread 11"        [_thread_blocked, id=16160, stack(0x0000001316400000,0x0000001316500000) (1024K)]
  0x0000013781577330 JavaThread "DefaultDispatcher-worker-1" daemon [_thread_blocked, id=24280, stack(0x0000001316500000,0x0000001316600000) (1024K)]
  0x0000013781578d70 JavaThread "DefaultDispatcher-worker-2" daemon [_thread_blocked, id=24284, stack(0x0000001316600000,0x0000001316700000) (1024K)]
  0x0000013790e40290 JavaThread "DefaultDispatcher-worker-3" daemon [_thread_blocked, id=24300, stack(0x0000001316700000,0x0000001316800000) (1024K)]
Total: 238

Other Threads:
  0x00000137d03905d0 VMThread "VM Thread"                           [id=18436, stack(0x0000001307a00000,0x0000001307b00000) (1024K)]
  0x00000137ec442e60 WatcherThread "VM Periodic Task Thread"        [id=15860, stack(0x0000001307900000,0x0000001307a00000) (1024K)]
  0x00000137d038f750 WorkerThread "GC Thread#0"                     [id=19600, stack(0x0000001307400000,0x0000001307500000) (1024K)]
  0x00000137d038f010 WorkerThread "GC Thread#1"                     [id=17464, stack(0x0000001308600000,0x0000001308700000) (1024K)]
  0x00000137d038fe90 WorkerThread "GC Thread#2"                     [id=10620, stack(0x0000001308700000,0x0000001308800000) (1024K)]
  0x00000137d0390230 WorkerThread "GC Thread#3"                     [id=16616, stack(0x0000001308900000,0x0000001308a00000) (1024K)]
  0x00000137d0390970 WorkerThread "GC Thread#4"                     [id=9900, stack(0x0000001308a00000,0x0000001308b00000) (1024K)]
  0x00000137f236ce00 WorkerThread "GC Thread#5"                     [id=20096, stack(0x0000001309400000,0x0000001309500000) (1024K)]
  0x00000137f236e760 WorkerThread "GC Thread#6"                     [id=11628, stack(0x0000001309500000,0x0000001309600000) (1024K)]
  0x00000137f236d540 WorkerThread "GC Thread#7"                     [id=17700, stack(0x0000001309600000,0x0000001309700000) (1024K)]
  0x00000137f236c6c0 WorkerThread "GC Thread#8"                     [id=10460, stack(0x0000001309700000,0x0000001309800000) (1024K)]
  0x00000137f236f5e0 WorkerThread "GC Thread#9"                     [id=20408, stack(0x0000001309800000,0x0000001309900000) (1024K)]
  0x00000137d28809e0 ConcurrentGCThread "G1 Main Marker"            [id=19468, stack(0x0000001307500000,0x0000001307600000) (1024K)]
  0x00000137d038faf0 WorkerThread "G1 Conc#0"                       [id=8376, stack(0x0000001307600000,0x0000001307700000) (1024K)]
  0x00000137f236fd20 WorkerThread "G1 Conc#1"                       [id=6172, stack(0x0000001309900000,0x0000001309a00000) (1024K)]
  0x00000137f236ca60 WorkerThread "G1 Conc#2"                       [id=11240, stack(0x0000001309a00000,0x0000001309b00000) (1024K)]
  0x00000137ec314430 ConcurrentGCThread "G1 Refine#0"               [id=5528, stack(0x0000001307700000,0x0000001307800000) (1024K)]
  0x00000137884c1e80 ConcurrentGCThread "G1 Refine#1"               [id=20120, stack(0x0000001315700000,0x0000001315800000) (1024K)]
  0x00000137ec314c50 ConcurrentGCThread "G1 Service"                [id=19440, stack(0x0000001307800000,0x0000001307900000) (1024K)]
Total: 19

Threads with active compile tasks:
C2 CompilerThread0  6260364 230691       4       com.android.tools.r8.graph.c5$c::a (777 bytes)
Total: 1

VM state: not at safepoint (normal execution)

VM Mutex/Monitor currently owned by a thread: None

Heap address: 0x0000000700000000, size: 4096 MB, Compressed Oops mode: Zero based, Oop shift amount: 3

CDS archive(s) not mapped
Compressed class space mapped at: 0x0000000800000000-0x0000000834000000, reserved size: 872415232
Narrow klass base: 0x0000000800000000, Narrow klass shift: 0, Narrow klass range: 0x34000000

GC Precious Log:
 CardTable entry size: 512
 Card Set container configuration: InlinePtr #cards 4 size 8 Array Of Cards #cards 16 size 48 Howl #buckets 8 coarsen threshold 3686 Howl Bitmap #cards 512 size 80 coarsen threshold 460 Card regions per heap region 1 cards per card region 4096
 CPUs: 12 total, 12 available
 Memory: 7832M
 Large Page Support: Disabled
 NUMA Support: Disabled
 Compressed Oops: Enabled (Zero based)
 Heap Region Size: 2M
 Heap Min Capacity: 8M
 Heap Initial Capacity: 124M
 Heap Max Capacity: 4G
 Pre-touch: Disabled
 Parallel Workers: 10
 Concurrent Workers: 3
 Concurrent Refinement Workers: 10
 Periodic GC: Disabled

Heap:
 garbage-first heap   total 1945600K, used 716461K [0x0000000700000000, 0x0000000800000000)
  region size 2048K, 69 young (141312K), 4 survivors (8192K)
 Metaspace       used 330923K, committed 333248K, reserved 1179648K
  class space    used 43188K, committed 44288K, reserved 851968K

Heap Regions: E=young(eden), S=young(survivor), O=old, HS=humongous(starts), HC=humongous(continues), CS=collection set, F=free, TAMS=top-at-mark-start, PB=parsable bottom
|   0|0x0000000700000000, 0x0000000700200000, 0x0000000700200000|100%|HS|  |TAMS 0x0000000700000000| PB 0x0000000700000000| Complete 
|   1|0x0000000700200000, 0x0000000700400000, 0x0000000700400000|100%|HC|  |TAMS 0x0000000700200000| PB 0x0000000700200000| Complete 
|   2|0x0000000700400000, 0x0000000700600000, 0x0000000700600000|100%| O|  |TAMS 0x0000000700400000| PB 0x0000000700400000| Untracked 
|   3|0x0000000700600000, 0x0000000700800000, 0x0000000700800000|100%| O|  |TAMS 0x0000000700600000| PB 0x0000000700600000| Untracked 
|   4|0x0000000700800000, 0x0000000700a00000, 0x0000000700a00000|100%| O|  |TAMS 0x0000000700800000| PB 0x0000000700800000| Untracked 
|   5|0x0000000700a00000, 0x0000000700c00000, 0x0000000700c00000|100%| O|  |TAMS 0x0000000700a00000| PB 0x0000000700a00000| Untracked 
|   6|0x0000000700c00000, 0x0000000700e00000, 0x0000000700e00000|100%| O|  |TAMS 0x0000000700c00000| PB 0x0000000700c00000| Untracked 
|   7|0x0000000700e00000, 0x0000000701000000, 0x0000000701000000|100%| O|  |TAMS 0x0000000700e00000| PB 0x0000000700e00000| Untracked 
|   8|0x0000000701000000, 0x0000000701200000, 0x0000000701200000|100%| O|  |TAMS 0x0000000701000000| PB 0x0000000701000000| Untracked 
|   9|0x0000000701200000, 0x0000000701400000, 0x0000000701400000|100%| O|  |TAMS 0x0000000701200000| PB 0x0000000701200000| Untracked 
|  10|0x0000000701400000, 0x0000000701600000, 0x0000000701600000|100%| O|  |TAMS 0x0000000701400000| PB 0x0000000701400000| Untracked 
|  11|0x0000000701600000, 0x0000000701800000, 0x0000000701800000|100%| O|  |TAMS 0x0000000701600000| PB 0x0000000701600000| Untracked 
|  12|0x0000000701800000, 0x0000000701a00000, 0x0000000701a00000|100%| O|  |TAMS 0x0000000701800000| PB 0x0000000701800000| Untracked 
|  13|0x0000000701a00000, 0x0000000701c00000, 0x0000000701c00000|100%|HS|  |TAMS 0x0000000701a00000| PB 0x0000000701a00000| Complete 
|  14|0x0000000701c00000, 0x0000000701e00000, 0x0000000701e00000|100%| O|  |TAMS 0x0000000701c00000| PB 0x0000000701c00000| Untracked 
|  15|0x0000000701e00000, 0x0000000702000000, 0x0000000702000000|100%| O|  |TAMS 0x0000000701e00000| PB 0x0000000701e00000| Untracked 
|  16|0x0000000702000000, 0x0000000702200000, 0x0000000702200000|100%|HS|  |TAMS 0x0000000702000000| PB 0x0000000702000000| Complete 
|  17|0x0000000702200000, 0x0000000702400000, 0x0000000702400000|100%|HC|  |TAMS 0x0000000702200000| PB 0x0000000702200000| Complete 
|  18|0x0000000702400000, 0x0000000702600000, 0x0000000702600000|100%| O|  |TAMS 0x0000000702400000| PB 0x0000000702400000| Untracked 
|  19|0x0000000702600000, 0x0000000702800000, 0x0000000702800000|100%|HS|  |TAMS 0x0000000702600000| PB 0x0000000702600000| Complete 
|  20|0x0000000702800000, 0x0000000702a00000, 0x0000000702a00000|100%|HS|  |TAMS 0x0000000702800000| PB 0x0000000702800000| Complete 
|  21|0x0000000702a00000, 0x0000000702c00000, 0x0000000702c00000|100%|HC|  |TAMS 0x0000000702a00000| PB 0x0000000702a00000| Complete 
|  22|0x0000000702c00000, 0x0000000702e00000, 0x0000000702e00000|100%| O|  |TAMS 0x0000000702c00000| PB 0x0000000702c00000| Untracked 
|  23|0x0000000702e00000, 0x0000000703000000, 0x0000000703000000|100%| O|  |TAMS 0x0000000702e00000| PB 0x0000000702e00000| Untracked 
|  24|0x0000000703000000, 0x0000000703200000, 0x0000000703200000|100%| O|  |TAMS 0x0000000703000000| PB 0x0000000703000000| Untracked 
|  25|0x0000000703200000, 0x0000000703400000, 0x0000000703400000|100%| O|  |TAMS 0x0000000703200000| PB 0x0000000703200000| Untracked 
|  26|0x0000000703400000, 0x0000000703600000, 0x0000000703600000|100%| O|Cm|TAMS 0x0000000703400000| PB 0x0000000703400000| Complete 
|  27|0x0000000703600000, 0x0000000703800000, 0x0000000703800000|100%| O|  |TAMS 0x0000000703600000| PB 0x0000000703600000| Untracked 
|  28|0x0000000703800000, 0x0000000703a00000, 0x0000000703a00000|100%| O|  |TAMS 0x0000000703800000| PB 0x0000000703800000| Untracked 
|  29|0x0000000703a00000, 0x0000000703c00000, 0x0000000703c00000|100%| O|  |TAMS 0x0000000703a00000| PB 0x0000000703a00000| Untracked 
|  30|0x0000000703c00000, 0x0000000703e00000, 0x0000000703e00000|100%|HS|  |TAMS 0x0000000703c00000| PB 0x0000000703c00000| Complete 
|  31|0x0000000703e00000, 0x0000000704000000, 0x0000000704000000|100%| O|  |TAMS 0x0000000703e00000| PB 0x0000000703e00000| Untracked 
|  32|0x0000000704000000, 0x0000000704200000, 0x0000000704200000|100%| O|  |TAMS 0x0000000704000000| PB 0x0000000704000000| Untracked 
|  33|0x0000000704200000, 0x0000000704400000, 0x0000000704400000|100%|HS|  |TAMS 0x0000000704200000| PB 0x0000000704200000| Complete 
|  34|0x0000000704400000, 0x0000000704600000, 0x0000000704600000|100%| O|  |TAMS 0x0000000704400000| PB 0x0000000704400000| Untracked 
|  35|0x0000000704600000, 0x0000000704800000, 0x0000000704800000|100%| O|  |TAMS 0x0000000704600000| PB 0x0000000704600000| Untracked 
|  36|0x0000000704800000, 0x0000000704a00000, 0x0000000704a00000|100%| O|  |TAMS 0x0000000704800000| PB 0x0000000704800000| Untracked 
|  37|0x0000000704a00000, 0x0000000704c00000, 0x0000000704c00000|100%| O|Cm|TAMS 0x0000000704a00000| PB 0x0000000704a00000| Complete 
|  38|0x0000000704c00000, 0x0000000704e00000, 0x0000000704e00000|100%| O|Cm|TAMS 0x0000000704c00000| PB 0x0000000704c00000| Complete 
|  39|0x0000000704e00000, 0x0000000705000000, 0x0000000705000000|100%| O|  |TAMS 0x0000000704e00000| PB 0x0000000704e00000| Untracked 
|  40|0x0000000705000000, 0x0000000705200000, 0x0000000705200000|100%| O|  |TAMS 0x0000000705000000| PB 0x0000000705000000| Untracked 
|  41|0x0000000705200000, 0x0000000705400000, 0x0000000705400000|100%| O|  |TAMS 0x0000000705200000| PB 0x0000000705200000| Untracked 
|  42|0x0000000705400000, 0x0000000705600000, 0x0000000705600000|100%| O|  |TAMS 0x0000000705400000| PB 0x0000000705400000| Untracked 
|  43|0x0000000705600000, 0x0000000705800000, 0x0000000705800000|100%| O|  |TAMS 0x0000000705600000| PB 0x0000000705600000| Untracked 
|  44|0x0000000705800000, 0x0000000705a00000, 0x0000000705a00000|100%| O|  |TAMS 0x0000000705800000| PB 0x0000000705800000| Untracked 
|  45|0x0000000705a00000, 0x0000000705c00000, 0x0000000705c00000|100%| O|  |TAMS 0x0000000705a00000| PB 0x0000000705a00000| Untracked 
|  46|0x0000000705c00000, 0x0000000705e00000, 0x0000000705e00000|100%| O|  |TAMS 0x0000000705c00000| PB 0x0000000705c00000| Untracked 
|  47|0x0000000705e00000, 0x0000000706000000, 0x0000000706000000|100%| O|  |TAMS 0x0000000705e00000| PB 0x0000000705e00000| Untracked 
|  48|0x0000000706000000, 0x0000000706200000, 0x0000000706200000|100%|HS|  |TAMS 0x0000000706000000| PB 0x0000000706000000| Complete 
|  49|0x0000000706200000, 0x0000000706400000, 0x0000000706400000|100%| O|  |TAMS 0x0000000706200000| PB 0x0000000706200000| Untracked 
|  50|0x0000000706400000, 0x0000000706600000, 0x0000000706600000|100%| O|  |TAMS 0x0000000706400000| PB 0x0000000706400000| Untracked 
|  51|0x0000000706600000, 0x0000000706800000, 0x0000000706800000|100%|HS|  |TAMS 0x0000000706600000| PB 0x0000000706600000| Complete 
|  52|0x0000000706800000, 0x0000000706a00000, 0x0000000706a00000|100%| O|  |TAMS 0x0000000706800000| PB 0x0000000706800000| Untracked 
|  53|0x0000000706a00000, 0x0000000706c00000, 0x0000000706c00000|100%| O|  |TAMS 0x0000000706a00000| PB 0x0000000706a00000| Untracked 
|  54|0x0000000706c00000, 0x0000000706e00000, 0x0000000706e00000|100%|HS|  |TAMS 0x0000000706c00000| PB 0x0000000706c00000| Complete 
|  55|0x0000000706e00000, 0x0000000707000000, 0x0000000707000000|100%|HC|  |TAMS 0x0000000706e00000| PB 0x0000000706e00000| Complete 
|  56|0x0000000707000000, 0x0000000707200000, 0x0000000707200000|100%| O|  |TAMS 0x0000000707000000| PB 0x0000000707000000| Untracked 
|  57|0x0000000707200000, 0x0000000707400000, 0x0000000707400000|100%|HS|  |TAMS 0x0000000707200000| PB 0x0000000707200000| Complete 
|  58|0x0000000707400000, 0x0000000707600000, 0x0000000707600000|100%| O|Cm|TAMS 0x0000000707400000| PB 0x0000000707400000| Complete 
|  59|0x0000000707600000, 0x0000000707800000, 0x0000000707800000|100%| O|  |TAMS 0x0000000707600000| PB 0x0000000707600000| Untracked 
|  60|0x0000000707800000, 0x0000000707a00000, 0x0000000707a00000|100%| O|  |TAMS 0x0000000707800000| PB 0x0000000707800000| Untracked 
|  61|0x0000000707a00000, 0x0000000707c00000, 0x0000000707c00000|100%| O|  |TAMS 0x0000000707a00000| PB 0x0000000707a00000| Untracked 
|  62|0x0000000707c00000, 0x0000000707e00000, 0x0000000707e00000|100%| O|  |TAMS 0x0000000707c00000| PB 0x0000000707c00000| Untracked 
|  63|0x0000000707e00000, 0x0000000708000000, 0x0000000708000000|100%| O|Cm|TAMS 0x0000000707e00000| PB 0x0000000707e00000| Complete 
|  64|0x0000000708000000, 0x0000000708200000, 0x0000000708200000|100%| O|  |TAMS 0x0000000708000000| PB 0x0000000708000000| Untracked 
|  65|0x0000000708200000, 0x0000000708400000, 0x0000000708400000|100%| O|  |TAMS 0x0000000708200000| PB 0x0000000708200000| Untracked 
|  66|0x0000000708400000, 0x0000000708600000, 0x0000000708600000|100%| O|  |TAMS 0x0000000708400000| PB 0x0000000708400000| Untracked 
|  67|0x0000000708600000, 0x0000000708800000, 0x0000000708800000|100%| O|  |TAMS 0x0000000708600000| PB 0x0000000708600000| Untracked 
|  68|0x0000000708800000, 0x0000000708a00000, 0x0000000708a00000|100%| O|  |TAMS 0x0000000708800000| PB 0x0000000708800000| Untracked 
|  69|0x0000000708a00000, 0x0000000708c00000, 0x0000000708c00000|100%| O|  |TAMS 0x0000000708a00000| PB 0x0000000708a00000| Untracked 
|  70|0x0000000708c00000, 0x0000000708e00000, 0x0000000708e00000|100%| O|  |TAMS 0x0000000708c00000| PB 0x0000000708c00000| Untracked 
|  71|0x0000000708e00000, 0x0000000709000000, 0x0000000709000000|100%| O|  |TAMS 0x0000000708e00000| PB 0x0000000708e00000| Untracked 
|  72|0x0000000709000000, 0x0000000709200000, 0x0000000709200000|100%| O|  |TAMS 0x0000000709000000| PB 0x0000000709000000| Untracked 
|  73|0x0000000709200000, 0x0000000709400000, 0x0000000709400000|100%| O|  |TAMS 0x0000000709200000| PB 0x0000000709200000| Untracked 
|  74|0x0000000709400000, 0x0000000709600000, 0x0000000709600000|100%| O|  |TAMS 0x0000000709400000| PB 0x0000000709400000| Untracked 
|  75|0x0000000709600000, 0x0000000709800000, 0x0000000709800000|100%| O|  |TAMS 0x0000000709600000| PB 0x0000000709600000| Untracked 
|  76|0x0000000709800000, 0x0000000709a00000, 0x0000000709a00000|100%| O|  |TAMS 0x0000000709800000| PB 0x0000000709800000| Untracked 
|  77|0x0000000709a00000, 0x0000000709c00000, 0x0000000709c00000|100%| O|  |TAMS 0x0000000709a00000| PB 0x0000000709a00000| Untracked 
|  78|0x0000000709c00000, 0x0000000709e00000, 0x0000000709e00000|100%| O|  |TAMS 0x0000000709c00000| PB 0x0000000709c00000| Untracked 
|  79|0x0000000709e00000, 0x000000070a000000, 0x000000070a000000|100%| O|  |TAMS 0x0000000709e00000| PB 0x0000000709e00000| Untracked 
|  80|0x000000070a000000, 0x000000070a200000, 0x000000070a200000|100%| O|  |TAMS 0x000000070a000000| PB 0x000000070a000000| Untracked 
|  81|0x000000070a200000, 0x000000070a400000, 0x000000070a400000|100%| O|  |TAMS 0x000000070a200000| PB 0x000000070a200000| Untracked 
|  82|0x000000070a400000, 0x000000070a600000, 0x000000070a600000|100%| O|  |TAMS 0x000000070a400000| PB 0x000000070a400000| Untracked 
|  83|0x000000070a600000, 0x000000070a800000, 0x000000070a800000|100%| O|  |TAMS 0x000000070a600000| PB 0x000000070a600000| Untracked 
|  84|0x000000070a800000, 0x000000070aa00000, 0x000000070aa00000|100%| O|  |TAMS 0x000000070a800000| PB 0x000000070a800000| Untracked 
|  85|0x000000070aa00000, 0x000000070ac00000, 0x000000070ac00000|100%| O|  |TAMS 0x000000070aa00000| PB 0x000000070aa00000| Untracked 
|  86|0x000000070ac00000, 0x000000070ae00000, 0x000000070ae00000|100%| O|  |TAMS 0x000000070ac00000| PB 0x000000070ac00000| Untracked 
|  87|0x000000070ae00000, 0x000000070b000000, 0x000000070b000000|100%| O|  |TAMS 0x000000070ae00000| PB 0x000000070ae00000| Untracked 
|  88|0x000000070b000000, 0x000000070b200000, 0x000000070b200000|100%| O|  |TAMS 0x000000070b000000| PB 0x000000070b000000| Untracked 
|  89|0x000000070b200000, 0x000000070b400000, 0x000000070b400000|100%| O|  |TAMS 0x000000070b200000| PB 0x000000070b200000| Untracked 
|  90|0x000000070b400000, 0x000000070b600000, 0x000000070b600000|100%| O|  |TAMS 0x000000070b400000| PB 0x000000070b400000| Untracked 
|  91|0x000000070b600000, 0x000000070b800000, 0x000000070b800000|100%| O|  |TAMS 0x000000070b600000| PB 0x000000070b600000| Untracked 
|  92|0x000000070b800000, 0x000000070ba00000, 0x000000070ba00000|100%| O|  |TAMS 0x000000070b800000| PB 0x000000070b800000| Untracked 
|  93|0x000000070ba00000, 0x000000070bc00000, 0x000000070bc00000|100%| O|  |TAMS 0x000000070ba00000| PB 0x000000070ba00000| Untracked 
|  94|0x000000070bc00000, 0x000000070be00000, 0x000000070be00000|100%| O|  |TAMS 0x000000070bc00000| PB 0x000000070bc00000| Untracked 
|  95|0x000000070be00000, 0x000000070c000000, 0x000000070c000000|100%| O|  |TAMS 0x000000070be00000| PB 0x000000070be00000| Untracked 
|  96|0x000000070c000000, 0x000000070c200000, 0x000000070c200000|100%| O|  |TAMS 0x000000070c000000| PB 0x000000070c000000| Untracked 
|  97|0x000000070c200000, 0x000000070c400000, 0x000000070c400000|100%| O|  |TAMS 0x000000070c200000| PB 0x000000070c200000| Untracked 
|  98|0x000000070c400000, 0x000000070c600000, 0x000000070c600000|100%| O|  |TAMS 0x000000070c400000| PB 0x000000070c400000| Untracked 
|  99|0x000000070c600000, 0x000000070c800000, 0x000000070c800000|100%| O|  |TAMS 0x000000070c600000| PB 0x000000070c600000| Untracked 
| 100|0x000000070c800000, 0x000000070ca00000, 0x000000070ca00000|100%| O|  |TAMS 0x000000070c800000| PB 0x000000070c800000| Untracked 
| 101|0x000000070ca00000, 0x000000070cc00000, 0x000000070cc00000|100%| O|  |TAMS 0x000000070ca00000| PB 0x000000070ca00000| Untracked 
| 102|0x000000070cc00000, 0x000000070ce00000, 0x000000070ce00000|100%| O|  |TAMS 0x000000070cc00000| PB 0x000000070cc00000| Untracked 
| 103|0x000000070ce00000, 0x000000070d000000, 0x000000070d000000|100%| O|  |TAMS 0x000000070ce00000| PB 0x000000070ce00000| Untracked 
| 104|0x000000070d000000, 0x000000070d200000, 0x000000070d200000|100%| O|Cm|TAMS 0x000000070d000000| PB 0x000000070d000000| Complete 
| 105|0x000000070d200000, 0x000000070d400000, 0x000000070d400000|100%| O|  |TAMS 0x000000070d200000| PB 0x000000070d200000| Untracked 
| 106|0x000000070d400000, 0x000000070d600000, 0x000000070d600000|100%| O|  |TAMS 0x000000070d400000| PB 0x000000070d400000| Untracked 
| 107|0x000000070d600000, 0x000000070d800000, 0x000000070d800000|100%|HS|  |TAMS 0x000000070d600000| PB 0x000000070d600000| Complete 
| 108|0x000000070d800000, 0x000000070da00000, 0x000000070da00000|100%|HC|  |TAMS 0x000000070d800000| PB 0x000000070d800000| Complete 
| 109|0x000000070da00000, 0x000000070dc00000, 0x000000070dc00000|100%| O|  |TAMS 0x000000070da00000| PB 0x000000070da00000| Untracked 
| 110|0x000000070dc00000, 0x000000070de00000, 0x000000070de00000|100%| O|  |TAMS 0x000000070dc00000| PB 0x000000070dc00000| Untracked 
| 111|0x000000070de00000, 0x000000070e000000, 0x000000070e000000|100%| O|  |TAMS 0x000000070de00000| PB 0x000000070de00000| Untracked 
| 112|0x000000070e000000, 0x000000070e200000, 0x000000070e200000|100%| O|  |TAMS 0x000000070e000000| PB 0x000000070e000000| Untracked 
| 113|0x000000070e200000, 0x000000070e400000, 0x000000070e400000|100%| O|  |TAMS 0x000000070e200000| PB 0x000000070e200000| Untracked 
| 114|0x000000070e400000, 0x000000070e600000, 0x000000070e600000|100%| O|  |TAMS 0x000000070e400000| PB 0x000000070e400000| Untracked 
| 115|0x000000070e600000, 0x000000070e800000, 0x000000070e800000|100%| O|  |TAMS 0x000000070e600000| PB 0x000000070e600000| Untracked 
| 116|0x000000070e800000, 0x000000070ea00000, 0x000000070ea00000|100%| O|Cm|TAMS 0x000000070e800000| PB 0x000000070e800000| Complete 
| 117|0x000000070ea00000, 0x000000070ec00000, 0x000000070ec00000|100%| O|  |TAMS 0x000000070ea00000| PB 0x000000070ea00000| Untracked 
| 118|0x000000070ec00000, 0x000000070ee00000, 0x000000070ee00000|100%| O|  |TAMS 0x000000070ec00000| PB 0x000000070ec00000| Untracked 
| 119|0x000000070ee00000, 0x000000070f000000, 0x000000070f000000|100%| O|  |TAMS 0x000000070ee00000| PB 0x000000070ee00000| Untracked 
| 120|0x000000070f000000, 0x000000070f200000, 0x000000070f200000|100%| O|  |TAMS 0x000000070f000000| PB 0x000000070f000000| Untracked 
| 121|0x000000070f200000, 0x000000070f400000, 0x000000070f400000|100%| O|Cm|TAMS 0x000000070f200000| PB 0x000000070f200000| Complete 
| 122|0x000000070f400000, 0x000000070f600000, 0x000000070f600000|100%|HS|  |TAMS 0x000000070f400000| PB 0x000000070f400000| Complete 
| 123|0x000000070f600000, 0x000000070f800000, 0x000000070f800000|100%|HC|  |TAMS 0x000000070f600000| PB 0x000000070f600000| Complete 
| 124|0x000000070f800000, 0x000000070fa00000, 0x000000070fa00000|100%| O|Cm|TAMS 0x000000070f800000| PB 0x000000070f800000| Complete 
| 125|0x000000070fa00000, 0x000000070fc00000, 0x000000070fc00000|100%| O|  |TAMS 0x000000070fa00000| PB 0x000000070fa00000| Untracked 
| 126|0x000000070fc00000, 0x000000070fe00000, 0x000000070fe00000|100%| O|  |TAMS 0x000000070fc00000| PB 0x000000070fc00000| Untracked 
| 127|0x000000070fe00000, 0x0000000710000000, 0x0000000710000000|100%| O|  |TAMS 0x000000070fe00000| PB 0x000000070fe00000| Untracked 
| 128|0x0000000710000000, 0x0000000710200000, 0x0000000710200000|100%| O|  |TAMS 0x0000000710000000| PB 0x0000000710000000| Untracked 
| 129|0x0000000710200000, 0x0000000710400000, 0x0000000710400000|100%|HS|  |TAMS 0x0000000710200000| PB 0x0000000710200000| Complete 
| 130|0x0000000710400000, 0x0000000710600000, 0x0000000710600000|100%|HC|  |TAMS 0x0000000710400000| PB 0x0000000710400000| Complete 
| 131|0x0000000710600000, 0x0000000710800000, 0x0000000710800000|100%| O|  |TAMS 0x0000000710600000| PB 0x0000000710600000| Untracked 
| 132|0x0000000710800000, 0x0000000710a00000, 0x0000000710a00000|100%| O|  |TAMS 0x0000000710800000| PB 0x0000000710800000| Untracked 
| 133|0x0000000710a00000, 0x0000000710c00000, 0x0000000710c00000|100%| O|Cm|TAMS 0x0000000710a00000| PB 0x0000000710a00000| Complete 
| 134|0x0000000710c00000, 0x0000000710e00000, 0x0000000710e00000|100%| O|Cm|TAMS 0x0000000710c00000| PB 0x0000000710c00000| Complete 
| 135|0x0000000710e00000, 0x0000000711000000, 0x0000000711000000|100%| O|  |TAMS 0x0000000710e00000| PB 0x0000000710e00000| Untracked 
| 136|0x0000000711000000, 0x0000000711200000, 0x0000000711200000|100%| O|  |TAMS 0x0000000711000000| PB 0x0000000711000000| Untracked 
| 137|0x0000000711200000, 0x0000000711400000, 0x0000000711400000|100%| O|  |TAMS 0x0000000711200000| PB 0x0000000711200000| Untracked 
| 138|0x0000000711400000, 0x0000000711600000, 0x0000000711600000|100%| O|  |TAMS 0x0000000711400000| PB 0x0000000711400000| Untracked 
| 139|0x0000000711600000, 0x0000000711800000, 0x0000000711800000|100%| O|Cm|TAMS 0x0000000711600000| PB 0x0000000711600000| Complete 
| 140|0x0000000711800000, 0x0000000711a00000, 0x0000000711a00000|100%| O|  |TAMS 0x0000000711800000| PB 0x0000000711800000| Untracked 
| 141|0x0000000711a00000, 0x0000000711c00000, 0x0000000711c00000|100%| O|  |TAMS 0x0000000711a00000| PB 0x0000000711a00000| Untracked 
| 142|0x0000000711c00000, 0x0000000711e00000, 0x0000000711e00000|100%| O|  |TAMS 0x0000000711c00000| PB 0x0000000711c00000| Untracked 
| 143|0x0000000711e00000, 0x0000000712000000, 0x0000000712000000|100%| O|  |TAMS 0x0000000711e00000| PB 0x0000000711e00000| Untracked 
| 144|0x0000000712000000, 0x0000000712200000, 0x0000000712200000|100%| O|Cm|TAMS 0x0000000712000000| PB 0x0000000712000000| Complete 
| 145|0x0000000712200000, 0x0000000712400000, 0x0000000712400000|100%| O|  |TAMS 0x0000000712200000| PB 0x0000000712200000| Untracked 
| 146|0x0000000712400000, 0x0000000712600000, 0x0000000712600000|100%| O|  |TAMS 0x0000000712400000| PB 0x0000000712400000| Untracked 
| 147|0x0000000712600000, 0x0000000712800000, 0x0000000712800000|100%| O|  |TAMS 0x0000000712600000| PB 0x0000000712600000| Untracked 
| 148|0x0000000712800000, 0x0000000712a00000, 0x0000000712a00000|100%| O|Cm|TAMS 0x0000000712800000| PB 0x0000000712800000| Complete 
| 149|0x0000000712a00000, 0x0000000712c00000, 0x0000000712c00000|100%| O|  |TAMS 0x0000000712a00000| PB 0x0000000712a00000| Untracked 
| 150|0x0000000712c00000, 0x0000000712e00000, 0x0000000712e00000|100%| O|  |TAMS 0x0000000712c00000| PB 0x0000000712c00000| Untracked 
| 151|0x0000000712e00000, 0x0000000713000000, 0x0000000713000000|100%| O|Cm|TAMS 0x0000000712e00000| PB 0x0000000712e00000| Complete 
| 152|0x0000000713000000, 0x0000000713200000, 0x0000000713200000|100%| O|  |TAMS 0x0000000713000000| PB 0x0000000713000000| Untracked 
| 153|0x0000000713200000, 0x0000000713400000, 0x0000000713400000|100%| O|  |TAMS 0x0000000713200000| PB 0x0000000713200000| Untracked 
| 154|0x0000000713400000, 0x0000000713600000, 0x0000000713600000|100%| O|Cm|TAMS 0x0000000713400000| PB 0x0000000713400000| Complete 
| 155|0x0000000713600000, 0x0000000713800000, 0x0000000713800000|100%| O|  |TAMS 0x0000000713600000| PB 0x0000000713600000| Untracked 
| 156|0x0000000713800000, 0x0000000713a00000, 0x0000000713a00000|100%| O|  |TAMS 0x0000000713800000| PB 0x0000000713800000| Untracked 
| 157|0x0000000713a00000, 0x0000000713c00000, 0x0000000713c00000|100%| O|Cm|TAMS 0x0000000713a00000| PB 0x0000000713a00000| Complete 
| 158|0x0000000713c00000, 0x0000000713e00000, 0x0000000713e00000|100%| O|  |TAMS 0x0000000713c00000| PB 0x0000000713c00000| Untracked 
| 159|0x0000000713e00000, 0x0000000714000000, 0x0000000714000000|100%| O|Cm|TAMS 0x0000000713e00000| PB 0x0000000713e00000| Complete 
| 160|0x0000000714000000, 0x0000000714200000, 0x0000000714200000|100%| O|  |TAMS 0x0000000714000000| PB 0x0000000714000000| Untracked 
| 161|0x0000000714200000, 0x0000000714400000, 0x0000000714400000|100%| O|  |TAMS 0x0000000714200000| PB 0x0000000714200000| Untracked 
| 162|0x0000000714400000, 0x0000000714600000, 0x0000000714600000|100%| O|Cm|TAMS 0x0000000714400000| PB 0x0000000714400000| Complete 
| 163|0x0000000714600000, 0x0000000714800000, 0x0000000714800000|100%| O|  |TAMS 0x0000000714600000| PB 0x0000000714600000| Untracked 
| 164|0x0000000714800000, 0x0000000714a00000, 0x0000000714a00000|100%| O|Cm|TAMS 0x0000000714800000| PB 0x0000000714800000| Complete 
| 165|0x0000000714a00000, 0x0000000714c00000, 0x0000000714c00000|100%| O|  |TAMS 0x0000000714a00000| PB 0x0000000714a00000| Untracked 
| 166|0x0000000714c00000, 0x0000000714e00000, 0x0000000714e00000|100%| O|  |TAMS 0x0000000714c00000| PB 0x0000000714c00000| Untracked 
| 167|0x0000000714e00000, 0x0000000715000000, 0x0000000715000000|100%| O|Cm|TAMS 0x0000000714e00000| PB 0x0000000714e00000| Complete 
| 168|0x0000000715000000, 0x0000000715200000, 0x0000000715200000|100%| O|  |TAMS 0x0000000715000000| PB 0x0000000715000000| Untracked 
| 169|0x0000000715200000, 0x0000000715400000, 0x0000000715400000|100%| O|  |TAMS 0x0000000715200000| PB 0x0000000715200000| Untracked 
| 170|0x0000000715400000, 0x0000000715600000, 0x0000000715600000|100%| O|  |TAMS 0x0000000715400000| PB 0x0000000715400000| Untracked 
| 171|0x0000000715600000, 0x0000000715800000, 0x0000000715800000|100%| O|  |TAMS 0x0000000715600000| PB 0x0000000715600000| Untracked 
| 172|0x0000000715800000, 0x0000000715a00000, 0x0000000715a00000|100%| O|  |TAMS 0x0000000715800000| PB 0x0000000715800000| Untracked 
| 173|0x0000000715a00000, 0x0000000715c00000, 0x0000000715c00000|100%| O|  |TAMS 0x0000000715a00000| PB 0x0000000715a00000| Untracked 
| 174|0x0000000715c00000, 0x0000000715e00000, 0x0000000715e00000|100%| O|  |TAMS 0x0000000715c00000| PB 0x0000000715c00000| Untracked 
| 175|0x0000000715e00000, 0x0000000716000000, 0x0000000716000000|100%| O|Cm|TAMS 0x0000000715e00000| PB 0x0000000715e00000| Complete 
| 176|0x0000000716000000, 0x0000000716200000, 0x0000000716200000|100%| O|Cm|TAMS 0x0000000716000000| PB 0x0000000716000000| Complete 
| 177|0x0000000716200000, 0x0000000716400000, 0x0000000716400000|100%| O|Cm|TAMS 0x0000000716200000| PB 0x0000000716200000| Complete 
| 178|0x0000000716400000, 0x0000000716600000, 0x0000000716600000|100%|HS|  |TAMS 0x0000000716400000| PB 0x0000000716400000| Complete 
| 179|0x0000000716600000, 0x0000000716800000, 0x0000000716800000|100%|HC|  |TAMS 0x0000000716600000| PB 0x0000000716600000| Complete 
| 180|0x0000000716800000, 0x0000000716a00000, 0x0000000716a00000|100%|HC|  |TAMS 0x0000000716800000| PB 0x0000000716800000| Complete 
| 181|0x0000000716a00000, 0x0000000716c00000, 0x0000000716c00000|100%|HC|  |TAMS 0x0000000716a00000| PB 0x0000000716a00000| Complete 
| 182|0x0000000716c00000, 0x0000000716e00000, 0x0000000716e00000|100%| O|Cm|TAMS 0x0000000716c00000| PB 0x0000000716c00000| Complete 
| 183|0x0000000716e00000, 0x0000000717000000, 0x0000000717000000|100%| O|Cm|TAMS 0x0000000716e00000| PB 0x0000000716e00000| Complete 
| 184|0x0000000717000000, 0x0000000717200000, 0x0000000717200000|100%| O|Cm|TAMS 0x0000000717000000| PB 0x0000000717000000| Complete 
| 185|0x0000000717200000, 0x0000000717400000, 0x0000000717400000|100%| O|  |TAMS 0x0000000717200000| PB 0x0000000717200000| Untracked 
| 186|0x0000000717400000, 0x0000000717600000, 0x0000000717600000|100%| O|  |TAMS 0x0000000717400000| PB 0x0000000717400000| Untracked 
| 187|0x0000000717600000, 0x0000000717800000, 0x0000000717800000|100%| O|Cm|TAMS 0x0000000717600000| PB 0x0000000717600000| Complete 
| 188|0x0000000717800000, 0x0000000717a00000, 0x0000000717a00000|100%| O|  |TAMS 0x0000000717800000| PB 0x0000000717800000| Untracked 
| 189|0x0000000717a00000, 0x0000000717c00000, 0x0000000717c00000|100%| O|  |TAMS 0x0000000717a00000| PB 0x0000000717a00000| Untracked 
| 190|0x0000000717c00000, 0x0000000717e00000, 0x0000000717e00000|100%| O|  |TAMS 0x0000000717c00000| PB 0x0000000717c00000| Untracked 
| 191|0x0000000717e00000, 0x0000000718000000, 0x0000000718000000|100%| O|  |TAMS 0x0000000717e00000| PB 0x0000000717e00000| Untracked 
| 192|0x0000000718000000, 0x0000000718200000, 0x0000000718200000|100%| O|  |TAMS 0x0000000718000000| PB 0x0000000718000000| Untracked 
| 193|0x0000000718200000, 0x0000000718400000, 0x0000000718400000|100%| O|Cm|TAMS 0x0000000718200000| PB 0x0000000718200000| Complete 
| 194|0x0000000718400000, 0x0000000718600000, 0x0000000718600000|100%|HS|  |TAMS 0x0000000718400000| PB 0x0000000718400000| Complete 
| 195|0x0000000718600000, 0x0000000718600000, 0x0000000718800000|  0%| F|  |TAMS 0x0000000718600000| PB 0x0000000718600000| Untracked 
| 196|0x0000000718800000, 0x0000000718800000, 0x0000000718a00000|  0%| F|  |TAMS 0x0000000718800000| PB 0x0000000718800000| Untracked 
| 197|0x0000000718a00000, 0x0000000718c00000, 0x0000000718c00000|100%| O|  |TAMS 0x0000000718a00000| PB 0x0000000718a00000| Untracked 
| 198|0x0000000718c00000, 0x0000000718e00000, 0x0000000718e00000|100%| O|  |TAMS 0x0000000718c00000| PB 0x0000000718c00000| Untracked 
| 199|0x0000000718e00000, 0x0000000719000000, 0x0000000719000000|100%| O|Cm|TAMS 0x0000000718e00000| PB 0x0000000718e00000| Complete 
| 200|0x0000000719000000, 0x0000000719000000, 0x0000000719200000|  0%| F|  |TAMS 0x0000000719000000| PB 0x0000000719000000| Untracked 
| 201|0x0000000719200000, 0x0000000719400000, 0x0000000719400000|100%| O|Cm|TAMS 0x0000000719200000| PB 0x0000000719200000| Complete 
| 202|0x0000000719400000, 0x0000000719400000, 0x0000000719600000|  0%| F|  |TAMS 0x0000000719400000| PB 0x0000000719400000| Untracked 
| 203|0x0000000719600000, 0x0000000719800000, 0x0000000719800000|100%| O|Cm|TAMS 0x0000000719600000| PB 0x0000000719600000| Complete 
| 204|0x0000000719800000, 0x0000000719800000, 0x0000000719a00000|  0%| F|  |TAMS 0x0000000719800000| PB 0x0000000719800000| Untracked 
| 205|0x0000000719a00000, 0x0000000719a00000, 0x0000000719c00000|  0%| F|  |TAMS 0x0000000719a00000| PB 0x0000000719a00000| Untracked 
| 206|0x0000000719c00000, 0x0000000719c00000, 0x0000000719e00000|  0%| F|  |TAMS 0x0000000719c00000| PB 0x0000000719c00000| Untracked 
| 207|0x0000000719e00000, 0x0000000719e00000, 0x000000071a000000|  0%| F|  |TAMS 0x0000000719e00000| PB 0x0000000719e00000| Untracked 
| 208|0x000000071a000000, 0x000000071a000000, 0x000000071a200000|  0%| F|  |TAMS 0x000000071a000000| PB 0x000000071a000000| Untracked 
| 209|0x000000071a200000, 0x000000071a200000, 0x000000071a400000|  0%| F|  |TAMS 0x000000071a200000| PB 0x000000071a200000| Untracked 
| 210|0x000000071a400000, 0x000000071a400000, 0x000000071a600000|  0%| F|  |TAMS 0x000000071a400000| PB 0x000000071a400000| Untracked 
| 211|0x000000071a600000, 0x000000071a600000, 0x000000071a800000|  0%| F|  |TAMS 0x000000071a600000| PB 0x000000071a600000| Untracked 
| 212|0x000000071a800000, 0x000000071a800000, 0x000000071aa00000|  0%| F|  |TAMS 0x000000071a800000| PB 0x000000071a800000| Untracked 
| 213|0x000000071aa00000, 0x000000071ac00000, 0x000000071ac00000|100%| O|Cm|TAMS 0x000000071aa00000| PB 0x000000071aa00000| Complete 
| 214|0x000000071ac00000, 0x000000071ac00000, 0x000000071ae00000|  0%| F|  |TAMS 0x000000071ac00000| PB 0x000000071ac00000| Untracked 
| 215|0x000000071ae00000, 0x000000071ae00000, 0x000000071b000000|  0%| F|  |TAMS 0x000000071ae00000| PB 0x000000071ae00000| Untracked 
| 216|0x000000071b000000, 0x000000071b000000, 0x000000071b200000|  0%| F|  |TAMS 0x000000071b000000| PB 0x000000071b000000| Untracked 
| 217|0x000000071b200000, 0x000000071b200000, 0x000000071b400000|  0%| F|  |TAMS 0x000000071b200000| PB 0x000000071b200000| Untracked 
| 218|0x000000071b400000, 0x000000071b400000, 0x000000071b600000|  0%| F|  |TAMS 0x000000071b400000| PB 0x000000071b400000| Untracked 
| 219|0x000000071b600000, 0x000000071b800000, 0x000000071b800000|100%| O|Cm|TAMS 0x000000071b600000| PB 0x000000071b600000| Complete 
| 220|0x000000071b800000, 0x000000071b800000, 0x000000071ba00000|  0%| F|  |TAMS 0x000000071b800000| PB 0x000000071b800000| Untracked 
| 221|0x000000071ba00000, 0x000000071ba00000, 0x000000071bc00000|  0%| F|  |TAMS 0x000000071ba00000| PB 0x000000071ba00000| Untracked 
| 222|0x000000071bc00000, 0x000000071be00000, 0x000000071be00000|100%| O|Cm|TAMS 0x000000071bc00000| PB 0x000000071bc00000| Complete 
| 223|0x000000071be00000, 0x000000071be00000, 0x000000071c000000|  0%| F|  |TAMS 0x000000071be00000| PB 0x000000071be00000| Untracked 
| 224|0x000000071c000000, 0x000000071c000000, 0x000000071c200000|  0%| F|  |TAMS 0x000000071c000000| PB 0x000000071c000000| Untracked 
| 225|0x000000071c200000, 0x000000071c200000, 0x000000071c400000|  0%| F|  |TAMS 0x000000071c200000| PB 0x000000071c200000| Untracked 
| 226|0x000000071c400000, 0x000000071c400000, 0x000000071c600000|  0%| F|  |TAMS 0x000000071c400000| PB 0x000000071c400000| Untracked 
| 227|0x000000071c600000, 0x000000071c800000, 0x000000071c800000|100%| O|Cm|TAMS 0x000000071c600000| PB 0x000000071c600000| Complete 
| 228|0x000000071c800000, 0x000000071c800000, 0x000000071ca00000|  0%| F|  |TAMS 0x000000071c800000| PB 0x000000071c800000| Untracked 
| 229|0x000000071ca00000, 0x000000071ca00000, 0x000000071cc00000|  0%| F|  |TAMS 0x000000071ca00000| PB 0x000000071ca00000| Untracked 
| 230|0x000000071cc00000, 0x000000071cc00000, 0x000000071ce00000|  0%| F|  |TAMS 0x000000071cc00000| PB 0x000000071cc00000| Untracked 
| 231|0x000000071ce00000, 0x000000071ce00000, 0x000000071d000000|  0%| F|  |TAMS 0x000000071ce00000| PB 0x000000071ce00000| Untracked 
| 232|0x000000071d000000, 0x000000071d200000, 0x000000071d200000|100%| O|Cm|TAMS 0x000000071d000000| PB 0x000000071d000000| Complete 
| 233|0x000000071d200000, 0x000000071d200000, 0x000000071d400000|  0%| F|  |TAMS 0x000000071d200000| PB 0x000000071d200000| Untracked 
| 234|0x000000071d400000, 0x000000071d600000, 0x000000071d600000|100%| O|Cm|TAMS 0x000000071d400000| PB 0x000000071d400000| Complete 
| 235|0x000000071d600000, 0x000000071d600000, 0x000000071d800000|  0%| F|  |TAMS 0x000000071d600000| PB 0x000000071d600000| Untracked 
| 236|0x000000071d800000, 0x000000071d800000, 0x000000071da00000|  0%| F|  |TAMS 0x000000071d800000| PB 0x000000071d800000| Untracked 
| 237|0x000000071da00000, 0x000000071da00000, 0x000000071dc00000|  0%| F|  |TAMS 0x000000071da00000| PB 0x000000071da00000| Untracked 
| 238|0x000000071dc00000, 0x000000071dc00000, 0x000000071de00000|  0%| F|  |TAMS 0x000000071dc00000| PB 0x000000071dc00000| Untracked 
| 239|0x000000071de00000, 0x000000071de00000, 0x000000071e000000|  0%| F|  |TAMS 0x000000071de00000| PB 0x000000071de00000| Untracked 
| 240|0x000000071e000000, 0x000000071e200000, 0x000000071e200000|100%| O|  |TAMS 0x000000071e000000| PB 0x000000071e000000| Untracked 
| 241|0x000000071e200000, 0x000000071e200000, 0x000000071e400000|  0%| F|  |TAMS 0x000000071e200000| PB 0x000000071e200000| Untracked 
| 242|0x000000071e400000, 0x000000071e400000, 0x000000071e600000|  0%| F|  |TAMS 0x000000071e400000| PB 0x000000071e400000| Untracked 
| 243|0x000000071e600000, 0x000000071e600000, 0x000000071e800000|  0%| F|  |TAMS 0x000000071e600000| PB 0x000000071e600000| Untracked 
| 244|0x000000071e800000, 0x000000071e800000, 0x000000071ea00000|  0%| F|  |TAMS 0x000000071e800000| PB 0x000000071e800000| Untracked 
| 245|0x000000071ea00000, 0x000000071ec00000, 0x000000071ec00000|100%| O|Cm|TAMS 0x000000071ea00000| PB 0x000000071ea00000| Complete 
| 246|0x000000071ec00000, 0x000000071ec00000, 0x000000071ee00000|  0%| F|  |TAMS 0x000000071ec00000| PB 0x000000071ec00000| Untracked 
| 247|0x000000071ee00000, 0x000000071f000000, 0x000000071f000000|100%| O|Cm|TAMS 0x000000071ee00000| PB 0x000000071ee00000| Complete 
| 248|0x000000071f000000, 0x000000071f000000, 0x000000071f200000|  0%| F|  |TAMS 0x000000071f000000| PB 0x000000071f000000| Untracked 
| 249|0x000000071f200000, 0x000000071f200000, 0x000000071f400000|  0%| F|  |TAMS 0x000000071f200000| PB 0x000000071f200000| Untracked 
| 250|0x000000071f400000, 0x000000071f600000, 0x000000071f600000|100%| O|  |TAMS 0x000000071f400000| PB 0x000000071f400000| Untracked 
| 251|0x000000071f600000, 0x000000071f800000, 0x000000071f800000|100%| O|Cm|TAMS 0x000000071f600000| PB 0x000000071f600000| Complete 
| 252|0x000000071f800000, 0x000000071fa00000, 0x000000071fa00000|100%| O|  |TAMS 0x000000071f800000| PB 0x000000071f800000| Untracked 
| 253|0x000000071fa00000, 0x000000071fc00000, 0x000000071fc00000|100%| O|  |TAMS 0x000000071fa00000| PB 0x000000071fa00000| Untracked 
| 254|0x000000071fc00000, 0x000000071fe00000, 0x000000071fe00000|100%| O|  |TAMS 0x000000071fc00000| PB 0x000000071fc00000| Untracked 
| 255|0x000000071fe00000, 0x000000071fe00000, 0x0000000720000000|  0%| F|  |TAMS 0x000000071fe00000| PB 0x000000071fe00000| Untracked 
| 256|0x0000000720000000, 0x0000000720200000, 0x0000000720200000|100%| O|  |TAMS 0x0000000720000000| PB 0x0000000720000000| Untracked 
| 257|0x0000000720200000, 0x0000000720200000, 0x0000000720400000|  0%| F|  |TAMS 0x0000000720200000| PB 0x0000000720200000| Untracked 
| 258|0x0000000720400000, 0x0000000720600000, 0x0000000720600000|100%| O|  |TAMS 0x0000000720400000| PB 0x0000000720400000| Untracked 
| 259|0x0000000720600000, 0x0000000720600000, 0x0000000720800000|  0%| F|  |TAMS 0x0000000720600000| PB 0x0000000720600000| Untracked 
| 260|0x0000000720800000, 0x0000000720a00000, 0x0000000720a00000|100%| O|Cm|TAMS 0x0000000720800000| PB 0x0000000720800000| Complete 
| 261|0x0000000720a00000, 0x0000000720a00000, 0x0000000720c00000|  0%| F|  |TAMS 0x0000000720a00000| PB 0x0000000720a00000| Untracked 
| 262|0x0000000720c00000, 0x0000000720e00000, 0x0000000720e00000|100%| O|Cm|TAMS 0x0000000720c00000| PB 0x0000000720c00000| Complete 
| 263|0x0000000720e00000, 0x0000000720e00000, 0x0000000721000000|  0%| F|  |TAMS 0x0000000720e00000| PB 0x0000000720e00000| Untracked 
| 264|0x0000000721000000, 0x0000000721000000, 0x0000000721200000|  0%| F|  |TAMS 0x0000000721000000| PB 0x0000000721000000| Untracked 
| 265|0x0000000721200000, 0x0000000721200000, 0x0000000721400000|  0%| F|  |TAMS 0x0000000721200000| PB 0x0000000721200000| Untracked 
| 266|0x0000000721400000, 0x0000000721400000, 0x0000000721600000|  0%| F|  |TAMS 0x0000000721400000| PB 0x0000000721400000| Untracked 
| 267|0x0000000721600000, 0x0000000721600000, 0x0000000721800000|  0%| F|  |TAMS 0x0000000721600000| PB 0x0000000721600000| Untracked 
| 268|0x0000000721800000, 0x0000000721800000, 0x0000000721a00000|  0%| F|  |TAMS 0x0000000721800000| PB 0x0000000721800000| Untracked 
| 269|0x0000000721a00000, 0x0000000721a00000, 0x0000000721c00000|  0%| F|  |TAMS 0x0000000721a00000| PB 0x0000000721a00000| Untracked 
| 270|0x0000000721c00000, 0x0000000721c00000, 0x0000000721e00000|  0%| F|  |TAMS 0x0000000721c00000| PB 0x0000000721c00000| Untracked 
| 271|0x0000000721e00000, 0x0000000721e00000, 0x0000000722000000|  0%| F|  |TAMS 0x0000000721e00000| PB 0x0000000721e00000| Untracked 
| 272|0x0000000722000000, 0x0000000722000000, 0x0000000722200000|  0%| F|  |TAMS 0x0000000722000000| PB 0x0000000722000000| Untracked 
| 273|0x0000000722200000, 0x0000000722200000, 0x0000000722400000|  0%| F|  |TAMS 0x0000000722200000| PB 0x0000000722200000| Untracked 
| 274|0x0000000722400000, 0x0000000722400000, 0x0000000722600000|  0%| F|  |TAMS 0x0000000722400000| PB 0x0000000722400000| Untracked 
| 275|0x0000000722600000, 0x0000000722600000, 0x0000000722800000|  0%| F|  |TAMS 0x0000000722600000| PB 0x0000000722600000| Untracked 
| 276|0x0000000722800000, 0x0000000722800000, 0x0000000722a00000|  0%| F|  |TAMS 0x0000000722800000| PB 0x0000000722800000| Untracked 
| 277|0x0000000722a00000, 0x0000000722a00000, 0x0000000722c00000|  0%| F|  |TAMS 0x0000000722a00000| PB 0x0000000722a00000| Untracked 
| 278|0x0000000722c00000, 0x0000000722c00000, 0x0000000722e00000|  0%| F|  |TAMS 0x0000000722c00000| PB 0x0000000722c00000| Untracked 
| 279|0x0000000722e00000, 0x0000000722e00000, 0x0000000723000000|  0%| F|  |TAMS 0x0000000722e00000| PB 0x0000000722e00000| Untracked 
| 280|0x0000000723000000, 0x0000000723000000, 0x0000000723200000|  0%| F|  |TAMS 0x0000000723000000| PB 0x0000000723000000| Untracked 
| 281|0x0000000723200000, 0x0000000723200000, 0x0000000723400000|  0%| F|  |TAMS 0x0000000723200000| PB 0x0000000723200000| Untracked 
| 282|0x0000000723400000, 0x0000000723400000, 0x0000000723600000|  0%| F|  |TAMS 0x0000000723400000| PB 0x0000000723400000| Untracked 
| 283|0x0000000723600000, 0x0000000723600000, 0x0000000723800000|  0%| F|  |TAMS 0x0000000723600000| PB 0x0000000723600000| Untracked 
| 284|0x0000000723800000, 0x0000000723800000, 0x0000000723a00000|  0%| F|  |TAMS 0x0000000723800000| PB 0x0000000723800000| Untracked 
| 285|0x0000000723a00000, 0x0000000723c00000, 0x0000000723c00000|100%| O|Cm|TAMS 0x0000000723a00000| PB 0x0000000723a00000| Complete 
| 286|0x0000000723c00000, 0x0000000723c00000, 0x0000000723e00000|  0%| F|  |TAMS 0x0000000723c00000| PB 0x0000000723c00000| Untracked 
| 287|0x0000000723e00000, 0x0000000723e00000, 0x0000000724000000|  0%| F|  |TAMS 0x0000000723e00000| PB 0x0000000723e00000| Untracked 
| 288|0x0000000724000000, 0x0000000724200000, 0x0000000724200000|100%| O|Cm|TAMS 0x0000000724000000| PB 0x0000000724000000| Complete 
| 289|0x0000000724200000, 0x0000000724400000, 0x0000000724400000|100%| O|Cm|TAMS 0x0000000724200000| PB 0x0000000724200000| Complete 
| 290|0x0000000724400000, 0x0000000724600000, 0x0000000724600000|100%| O|Cm|TAMS 0x0000000724400000| PB 0x0000000724400000| Complete 
| 291|0x0000000724600000, 0x0000000724800000, 0x0000000724800000|100%| O|Cm|TAMS 0x0000000724600000| PB 0x0000000724600000| Complete 
| 292|0x0000000724800000, 0x0000000724a00000, 0x0000000724a00000|100%| O|Cm|TAMS 0x0000000724800000| PB 0x0000000724800000| Complete 
| 293|0x0000000724a00000, 0x0000000724c00000, 0x0000000724c00000|100%| O|Cm|TAMS 0x0000000724a00000| PB 0x0000000724a00000| Complete 
| 294|0x0000000724c00000, 0x0000000724e00000, 0x0000000724e00000|100%| O|Cm|TAMS 0x0000000724c00000| PB 0x0000000724c00000| Complete 
| 295|0x0000000724e00000, 0x0000000725000000, 0x0000000725000000|100%| O|Cm|TAMS 0x0000000724e00000| PB 0x0000000724e00000| Complete 
| 296|0x0000000725000000, 0x0000000725000000, 0x0000000725200000|  0%| F|  |TAMS 0x0000000725000000| PB 0x0000000725000000| Untracked 
| 297|0x0000000725200000, 0x0000000725400000, 0x0000000725400000|100%| O|Cm|TAMS 0x0000000725200000| PB 0x0000000725200000| Complete 
| 298|0x0000000725400000, 0x0000000725600000, 0x0000000725600000|100%| O|Cm|TAMS 0x0000000725400000| PB 0x0000000725400000| Complete 
| 299|0x0000000725600000, 0x0000000725800000, 0x0000000725800000|100%| O|Cm|TAMS 0x0000000725600000| PB 0x0000000725600000| Complete 
| 300|0x0000000725800000, 0x0000000725a00000, 0x0000000725a00000|100%| O|Cm|TAMS 0x0000000725800000| PB 0x0000000725800000| Complete 
| 301|0x0000000725a00000, 0x0000000725c00000, 0x0000000725c00000|100%| O|Cm|TAMS 0x0000000725a00000| PB 0x0000000725a00000| Complete 
| 302|0x0000000725c00000, 0x0000000725c00000, 0x0000000725e00000|  0%| F|  |TAMS 0x0000000725c00000| PB 0x0000000725c00000| Untracked 
| 303|0x0000000725e00000, 0x0000000726000000, 0x0000000726000000|100%| O|Cm|TAMS 0x0000000725e00000| PB 0x0000000725e00000| Complete 
| 304|0x0000000726000000, 0x0000000726200000, 0x0000000726200000|100%| O|Cm|TAMS 0x0000000726000000| PB 0x0000000726000000| Complete 
| 305|0x0000000726200000, 0x0000000726200000, 0x0000000726400000|  0%| F|  |TAMS 0x0000000726200000| PB 0x0000000726200000| Untracked 
| 306|0x0000000726400000, 0x0000000726600000, 0x0000000726600000|100%| O|Cm|TAMS 0x0000000726400000| PB 0x0000000726400000| Complete 
| 307|0x0000000726600000, 0x0000000726800000, 0x0000000726800000|100%| O|Cm|TAMS 0x0000000726600000| PB 0x0000000726600000| Complete 
| 308|0x0000000726800000, 0x0000000726800000, 0x0000000726a00000|  0%| F|  |TAMS 0x0000000726800000| PB 0x0000000726800000| Untracked 
| 309|0x0000000726a00000, 0x0000000726c00000, 0x0000000726c00000|100%| O|Cm|TAMS 0x0000000726a00000| PB 0x0000000726a00000| Complete 
| 310|0x0000000726c00000, 0x0000000726e00000, 0x0000000726e00000|100%| O|Cm|TAMS 0x0000000726c00000| PB 0x0000000726c00000| Complete 
| 311|0x0000000726e00000, 0x0000000726e00000, 0x0000000727000000|  0%| F|  |TAMS 0x0000000726e00000| PB 0x0000000726e00000| Untracked 
| 312|0x0000000727000000, 0x0000000727200000, 0x0000000727200000|100%| O|Cm|TAMS 0x0000000727000000| PB 0x0000000727000000| Complete 
| 313|0x0000000727200000, 0x0000000727400000, 0x0000000727400000|100%| O|Cm|TAMS 0x0000000727200000| PB 0x0000000727200000| Complete 
| 314|0x0000000727400000, 0x0000000727600000, 0x0000000727600000|100%| O|Cm|TAMS 0x0000000727400000| PB 0x0000000727400000| Complete 
| 315|0x0000000727600000, 0x0000000727800000, 0x0000000727800000|100%| O|Cm|TAMS 0x0000000727600000| PB 0x0000000727600000| Complete 
| 316|0x0000000727800000, 0x0000000727800000, 0x0000000727a00000|  0%| F|  |TAMS 0x0000000727800000| PB 0x0000000727800000| Untracked 
| 317|0x0000000727a00000, 0x0000000727a00000, 0x0000000727c00000|  0%| F|  |TAMS 0x0000000727a00000| PB 0x0000000727a00000| Untracked 
| 318|0x0000000727c00000, 0x0000000727c00000, 0x0000000727e00000|  0%| F|  |TAMS 0x0000000727c00000| PB 0x0000000727c00000| Untracked 
| 319|0x0000000727e00000, 0x0000000727e00000, 0x0000000728000000|  0%| F|  |TAMS 0x0000000727e00000| PB 0x0000000727e00000| Untracked 
| 320|0x0000000728000000, 0x0000000728000000, 0x0000000728200000|  0%| F|  |TAMS 0x0000000728000000| PB 0x0000000728000000| Untracked 
| 321|0x0000000728200000, 0x0000000728400000, 0x0000000728400000|100%| O|Cm|TAMS 0x0000000728200000| PB 0x0000000728200000| Complete 
| 322|0x0000000728400000, 0x0000000728600000, 0x0000000728600000|100%| O|  |TAMS 0x0000000728400000| PB 0x0000000728400000| Untracked 
| 323|0x0000000728600000, 0x0000000728800000, 0x0000000728800000|100%| O|  |TAMS 0x0000000728600000| PB 0x0000000728600000| Untracked 
| 324|0x0000000728800000, 0x0000000728a00000, 0x0000000728a00000|100%| O|  |TAMS 0x0000000728800000| PB 0x0000000728800000| Untracked 
| 325|0x0000000728a00000, 0x0000000728c00000, 0x0000000728c00000|100%| O|  |TAMS 0x0000000728a00000| PB 0x0000000728a00000| Untracked 
| 326|0x0000000728c00000, 0x0000000728e00000, 0x0000000728e00000|100%| O|  |TAMS 0x0000000728c00000| PB 0x0000000728c00000| Untracked 
| 327|0x0000000728e00000, 0x0000000729000000, 0x0000000729000000|100%| O|  |TAMS 0x0000000728e00000| PB 0x0000000728e00000| Untracked 
| 328|0x0000000729000000, 0x0000000729200000, 0x0000000729200000|100%| O|  |TAMS 0x0000000729000000| PB 0x0000000729000000| Untracked 
| 329|0x0000000729200000, 0x0000000729400000, 0x0000000729400000|100%| O|Cm|TAMS 0x0000000729200000| PB 0x0000000729200000| Complete 
| 330|0x0000000729400000, 0x0000000729600000, 0x0000000729600000|100%| O|Cm|TAMS 0x0000000729400000| PB 0x0000000729400000| Complete 
| 331|0x0000000729600000, 0x0000000729800000, 0x0000000729800000|100%| O|Cm|TAMS 0x0000000729600000| PB 0x0000000729600000| Complete 
| 332|0x0000000729800000, 0x0000000729a00000, 0x0000000729a00000|100%| O|Cm|TAMS 0x0000000729800000| PB 0x0000000729800000| Complete 
| 333|0x0000000729a00000, 0x0000000729c00000, 0x0000000729c00000|100%| O|Cm|TAMS 0x0000000729a00000| PB 0x0000000729a00000| Complete 
| 334|0x0000000729c00000, 0x0000000729e00000, 0x0000000729e00000|100%| O|Cm|TAMS 0x0000000729c00000| PB 0x0000000729c00000| Complete 
| 335|0x0000000729e00000, 0x0000000729e00000, 0x000000072a000000|  0%| F|  |TAMS 0x0000000729e00000| PB 0x0000000729e00000| Untracked 
| 336|0x000000072a000000, 0x000000072a000000, 0x000000072a200000|  0%| F|  |TAMS 0x000000072a000000| PB 0x000000072a000000| Untracked 
| 337|0x000000072a200000, 0x000000072a200000, 0x000000072a400000|  0%| F|  |TAMS 0x000000072a200000| PB 0x000000072a200000| Untracked 
| 338|0x000000072a400000, 0x000000072a600000, 0x000000072a600000|100%| O|Cm|TAMS 0x000000072a400000| PB 0x000000072a400000| Complete 
| 339|0x000000072a600000, 0x000000072a800000, 0x000000072a800000|100%| O|Cm|TAMS 0x000000072a600000| PB 0x000000072a600000| Complete 
| 340|0x000000072a800000, 0x000000072aa00000, 0x000000072aa00000|100%| O|Cm|TAMS 0x000000072a800000| PB 0x000000072a800000| Complete 
| 341|0x000000072aa00000, 0x000000072aa00000, 0x000000072ac00000|  0%| F|  |TAMS 0x000000072aa00000| PB 0x000000072aa00000| Untracked 
| 342|0x000000072ac00000, 0x000000072ac00000, 0x000000072ae00000|  0%| F|  |TAMS 0x000000072ac00000| PB 0x000000072ac00000| Untracked 
| 343|0x000000072ae00000, 0x000000072ae00000, 0x000000072b000000|  0%| F|  |TAMS 0x000000072ae00000| PB 0x000000072ae00000| Untracked 
| 344|0x000000072b000000, 0x000000072b000000, 0x000000072b200000|  0%| F|  |TAMS 0x000000072b000000| PB 0x000000072b000000| Untracked 
| 345|0x000000072b200000, 0x000000072b400000, 0x000000072b400000|100%| O|Cm|TAMS 0x000000072b200000| PB 0x000000072b200000| Complete 
| 346|0x000000072b400000, 0x000000072b600000, 0x000000072b600000|100%| O|Cm|TAMS 0x000000072b400000| PB 0x000000072b400000| Complete 
| 347|0x000000072b600000, 0x000000072b600000, 0x000000072b800000|  0%| F|  |TAMS 0x000000072b600000| PB 0x000000072b600000| Untracked 
| 348|0x000000072b800000, 0x000000072b800000, 0x000000072ba00000|  0%| F|  |TAMS 0x000000072b800000| PB 0x000000072b800000| Untracked 
| 349|0x000000072ba00000, 0x000000072bc00000, 0x000000072bc00000|100%| O|Cm|TAMS 0x000000072ba00000| PB 0x000000072ba00000| Complete 
| 350|0x000000072bc00000, 0x000000072be00000, 0x000000072be00000|100%| O|Cm|TAMS 0x000000072bc00000| PB 0x000000072bc00000| Complete 
| 351|0x000000072be00000, 0x000000072be00000, 0x000000072c000000|  0%| F|  |TAMS 0x000000072be00000| PB 0x000000072be00000| Untracked 
| 352|0x000000072c000000, 0x000000072c200000, 0x000000072c200000|100%| O|Cm|TAMS 0x000000072c000000| PB 0x000000072c000000| Complete 
| 353|0x000000072c200000, 0x000000072c200000, 0x000000072c400000|  0%| F|  |TAMS 0x000000072c200000| PB 0x000000072c200000| Untracked 
| 354|0x000000072c400000, 0x000000072c600000, 0x000000072c600000|100%| O|Cm|TAMS 0x000000072c400000| PB 0x000000072c400000| Complete 
| 355|0x000000072c600000, 0x000000072c600000, 0x000000072c800000|  0%| F|  |TAMS 0x000000072c600000| PB 0x000000072c600000| Untracked 
| 356|0x000000072c800000, 0x000000072c800000, 0x000000072ca00000|  0%| F|  |TAMS 0x000000072c800000| PB 0x000000072c800000| Untracked 
| 357|0x000000072ca00000, 0x000000072ca00000, 0x000000072cc00000|  0%| F|  |TAMS 0x000000072ca00000| PB 0x000000072ca00000| Untracked 
| 358|0x000000072cc00000, 0x000000072cc00000, 0x000000072ce00000|  0%| F|  |TAMS 0x000000072cc00000| PB 0x000000072cc00000| Untracked 
| 359|0x000000072ce00000, 0x000000072ce00000, 0x000000072d000000|  0%| F|  |TAMS 0x000000072ce00000| PB 0x000000072ce00000| Untracked 
| 360|0x000000072d000000, 0x000000072d000000, 0x000000072d200000|  0%| F|  |TAMS 0x000000072d000000| PB 0x000000072d000000| Untracked 
| 361|0x000000072d200000, 0x000000072d200000, 0x000000072d400000|  0%| F|  |TAMS 0x000000072d200000| PB 0x000000072d200000| Untracked 
| 362|0x000000072d400000, 0x000000072d400000, 0x000000072d600000|  0%| F|  |TAMS 0x000000072d400000| PB 0x000000072d400000| Untracked 
| 363|0x000000072d600000, 0x000000072d800000, 0x000000072d800000|100%| O|Cm|TAMS 0x000000072d600000| PB 0x000000072d600000| Complete 
| 364|0x000000072d800000, 0x000000072da00000, 0x000000072da00000|100%| O|Cm|TAMS 0x000000072d800000| PB 0x000000072d800000| Complete 
| 365|0x000000072da00000, 0x000000072dc00000, 0x000000072dc00000|100%| O|Cm|TAMS 0x000000072da00000| PB 0x000000072da00000| Complete 
| 366|0x000000072dc00000, 0x000000072dc00000, 0x000000072de00000|  0%| F|  |TAMS 0x000000072dc00000| PB 0x000000072dc00000| Untracked 
| 367|0x000000072de00000, 0x000000072e000000, 0x000000072e000000|100%| O|Cm|TAMS 0x000000072de00000| PB 0x000000072de00000| Complete 
| 368|0x000000072e000000, 0x000000072e000000, 0x000000072e200000|  0%| F|  |TAMS 0x000000072e000000| PB 0x000000072e000000| Untracked 
| 369|0x000000072e200000, 0x000000072e400000, 0x000000072e400000|100%| O|Cm|TAMS 0x000000072e200000| PB 0x000000072e200000| Complete 
| 370|0x000000072e400000, 0x000000072e400000, 0x000000072e600000|  0%| F|  |TAMS 0x000000072e400000| PB 0x000000072e400000| Untracked 
| 371|0x000000072e600000, 0x000000072e600000, 0x000000072e800000|  0%| F|  |TAMS 0x000000072e600000| PB 0x000000072e600000| Untracked 
| 372|0x000000072e800000, 0x000000072ea00000, 0x000000072ea00000|100%| O|Cm|TAMS 0x000000072e800000| PB 0x000000072e800000| Complete 
| 373|0x000000072ea00000, 0x000000072ea00000, 0x000000072ec00000|  0%| F|  |TAMS 0x000000072ea00000| PB 0x000000072ea00000| Untracked 
| 374|0x000000072ec00000, 0x000000072ec00000, 0x000000072ee00000|  0%| F|  |TAMS 0x000000072ec00000| PB 0x000000072ec00000| Untracked 
| 375|0x000000072ee00000, 0x000000072ee00000, 0x000000072f000000|  0%| F|  |TAMS 0x000000072ee00000| PB 0x000000072ee00000| Untracked 
| 376|0x000000072f000000, 0x000000072f000000, 0x000000072f200000|  0%| F|  |TAMS 0x000000072f000000| PB 0x000000072f000000| Untracked 
| 377|0x000000072f200000, 0x000000072f200000, 0x000000072f400000|  0%| F|  |TAMS 0x000000072f200000| PB 0x000000072f200000| Untracked 
| 378|0x000000072f400000, 0x000000072f400000, 0x000000072f600000|  0%| F|  |TAMS 0x000000072f400000| PB 0x000000072f400000| Untracked 
| 379|0x000000072f600000, 0x000000072f600000, 0x000000072f800000|  0%| F|  |TAMS 0x000000072f600000| PB 0x000000072f600000| Untracked 
| 380|0x000000072f800000, 0x000000072f800000, 0x000000072fa00000|  0%| F|  |TAMS 0x000000072f800000| PB 0x000000072f800000| Untracked 
| 381|0x000000072fa00000, 0x000000072fa00000, 0x000000072fc00000|  0%| F|  |TAMS 0x000000072fa00000| PB 0x000000072fa00000| Untracked 
| 382|0x000000072fc00000, 0x000000072fc00000, 0x000000072fe00000|  0%| F|  |TAMS 0x000000072fc00000| PB 0x000000072fc00000| Untracked 
| 383|0x000000072fe00000, 0x000000072fe00000, 0x0000000730000000|  0%| F|  |TAMS 0x000000072fe00000| PB 0x000000072fe00000| Untracked 
| 384|0x0000000730000000, 0x0000000730000000, 0x0000000730200000|  0%| F|  |TAMS 0x0000000730000000| PB 0x0000000730000000| Untracked 
| 385|0x0000000730200000, 0x0000000730200000, 0x0000000730400000|  0%| F|  |TAMS 0x0000000730200000| PB 0x0000000730200000| Untracked 
| 386|0x0000000730400000, 0x0000000730400000, 0x0000000730600000|  0%| F|  |TAMS 0x0000000730400000| PB 0x0000000730400000| Untracked 
| 387|0x0000000730600000, 0x0000000730600000, 0x0000000730800000|  0%| F|  |TAMS 0x0000000730600000| PB 0x0000000730600000| Untracked 
| 388|0x0000000730800000, 0x0000000730800000, 0x0000000730a00000|  0%| F|  |TAMS 0x0000000730800000| PB 0x0000000730800000| Untracked 
| 389|0x0000000730a00000, 0x0000000730a00000, 0x0000000730c00000|  0%| F|  |TAMS 0x0000000730a00000| PB 0x0000000730a00000| Untracked 
| 390|0x0000000730c00000, 0x0000000730c00000, 0x0000000730e00000|  0%| F|  |TAMS 0x0000000730c00000| PB 0x0000000730c00000| Untracked 
| 391|0x0000000730e00000, 0x0000000730e00000, 0x0000000731000000|  0%| F|  |TAMS 0x0000000730e00000| PB 0x0000000730e00000| Untracked 
| 392|0x0000000731000000, 0x0000000731000000, 0x0000000731200000|  0%| F|  |TAMS 0x0000000731000000| PB 0x0000000731000000| Untracked 
| 393|0x0000000731200000, 0x0000000731200000, 0x0000000731400000|  0%| F|  |TAMS 0x0000000731200000| PB 0x0000000731200000| Untracked 
| 394|0x0000000731400000, 0x0000000731400000, 0x0000000731600000|  0%| F|  |TAMS 0x0000000731400000| PB 0x0000000731400000| Untracked 
| 395|0x0000000731600000, 0x0000000731600000, 0x0000000731800000|  0%| F|  |TAMS 0x0000000731600000| PB 0x0000000731600000| Untracked 
| 396|0x0000000731800000, 0x0000000731800000, 0x0000000731a00000|  0%| F|  |TAMS 0x0000000731800000| PB 0x0000000731800000| Untracked 
| 397|0x0000000731a00000, 0x0000000731c00000, 0x0000000731c00000|100%| O|  |TAMS 0x0000000731a00000| PB 0x0000000731a00000| Untracked 
| 398|0x0000000731c00000, 0x0000000731c00000, 0x0000000731e00000|  0%| F|  |TAMS 0x0000000731c00000| PB 0x0000000731c00000| Untracked 
| 399|0x0000000731e00000, 0x0000000731e00000, 0x0000000732000000|  0%| F|  |TAMS 0x0000000731e00000| PB 0x0000000731e00000| Untracked 
| 400|0x0000000732000000, 0x0000000732000000, 0x0000000732200000|  0%| F|  |TAMS 0x0000000732000000| PB 0x0000000732000000| Untracked 
| 401|0x0000000732200000, 0x0000000732200000, 0x0000000732400000|  0%| F|  |TAMS 0x0000000732200000| PB 0x0000000732200000| Untracked 
| 402|0x0000000732400000, 0x0000000732400000, 0x0000000732600000|  0%| F|  |TAMS 0x0000000732400000| PB 0x0000000732400000| Untracked 
| 403|0x0000000732600000, 0x0000000732600000, 0x0000000732800000|  0%| F|  |TAMS 0x0000000732600000| PB 0x0000000732600000| Untracked 
| 404|0x0000000732800000, 0x0000000732800000, 0x0000000732a00000|  0%| F|  |TAMS 0x0000000732800000| PB 0x0000000732800000| Untracked 
| 405|0x0000000732a00000, 0x0000000732a00000, 0x0000000732c00000|  0%| F|  |TAMS 0x0000000732a00000| PB 0x0000000732a00000| Untracked 
| 406|0x0000000732c00000, 0x0000000732c00000, 0x0000000732e00000|  0%| F|  |TAMS 0x0000000732c00000| PB 0x0000000732c00000| Untracked 
| 407|0x0000000732e00000, 0x0000000732e00000, 0x0000000733000000|  0%| F|  |TAMS 0x0000000732e00000| PB 0x0000000732e00000| Untracked 
| 408|0x0000000733000000, 0x0000000733200000, 0x0000000733200000|100%| O|  |TAMS 0x0000000733000000| PB 0x0000000733000000| Untracked 
| 409|0x0000000733200000, 0x0000000733400000, 0x0000000733400000|100%| O|  |TAMS 0x0000000733200000| PB 0x0000000733200000| Untracked 
| 410|0x0000000733400000, 0x0000000733400000, 0x0000000733600000|  0%| F|  |TAMS 0x0000000733400000| PB 0x0000000733400000| Untracked 
| 411|0x0000000733600000, 0x0000000733600000, 0x0000000733800000|  0%| F|  |TAMS 0x0000000733600000| PB 0x0000000733600000| Untracked 
| 412|0x0000000733800000, 0x0000000733800000, 0x0000000733a00000|  0%| F|  |TAMS 0x0000000733800000| PB 0x0000000733800000| Untracked 
| 413|0x0000000733a00000, 0x0000000733a00000, 0x0000000733c00000|  0%| F|  |TAMS 0x0000000733a00000| PB 0x0000000733a00000| Untracked 
| 414|0x0000000733c00000, 0x0000000733c00000, 0x0000000733e00000|  0%| F|  |TAMS 0x0000000733c00000| PB 0x0000000733c00000| Untracked 
| 415|0x0000000733e00000, 0x0000000733e00000, 0x0000000734000000|  0%| F|  |TAMS 0x0000000733e00000| PB 0x0000000733e00000| Untracked 
| 416|0x0000000734000000, 0x0000000734000000, 0x0000000734200000|  0%| F|  |TAMS 0x0000000734000000| PB 0x0000000734000000| Untracked 
| 417|0x0000000734200000, 0x0000000734200000, 0x0000000734400000|  0%| F|  |TAMS 0x0000000734200000| PB 0x0000000734200000| Untracked 
| 418|0x0000000734400000, 0x0000000734400000, 0x0000000734600000|  0%| F|  |TAMS 0x0000000734400000| PB 0x0000000734400000| Untracked 
| 419|0x0000000734600000, 0x0000000734600000, 0x0000000734800000|  0%| F|  |TAMS 0x0000000734600000| PB 0x0000000734600000| Untracked 
| 420|0x0000000734800000, 0x0000000734800000, 0x0000000734a00000|  0%| F|  |TAMS 0x0000000734800000| PB 0x0000000734800000| Untracked 
| 421|0x0000000734a00000, 0x0000000734a00000, 0x0000000734c00000|  0%| F|  |TAMS 0x0000000734a00000| PB 0x0000000734a00000| Untracked 
| 422|0x0000000734c00000, 0x0000000734c00000, 0x0000000734e00000|  0%| F|  |TAMS 0x0000000734c00000| PB 0x0000000734c00000| Untracked 
| 423|0x0000000734e00000, 0x0000000734e00000, 0x0000000735000000|  0%| F|  |TAMS 0x0000000734e00000| PB 0x0000000734e00000| Untracked 
| 424|0x0000000735000000, 0x0000000735000000, 0x0000000735200000|  0%| F|  |TAMS 0x0000000735000000| PB 0x0000000735000000| Untracked 
| 425|0x0000000735200000, 0x0000000735200000, 0x0000000735400000|  0%| F|  |TAMS 0x0000000735200000| PB 0x0000000735200000| Untracked 
| 426|0x0000000735400000, 0x0000000735400000, 0x0000000735600000|  0%| F|  |TAMS 0x0000000735400000| PB 0x0000000735400000| Untracked 
| 427|0x0000000735600000, 0x0000000735600000, 0x0000000735800000|  0%| F|  |TAMS 0x0000000735600000| PB 0x0000000735600000| Untracked 
| 428|0x0000000735800000, 0x0000000735800000, 0x0000000735a00000|  0%| F|  |TAMS 0x0000000735800000| PB 0x0000000735800000| Untracked 
| 429|0x0000000735a00000, 0x0000000735a00000, 0x0000000735c00000|  0%| F|  |TAMS 0x0000000735a00000| PB 0x0000000735a00000| Untracked 
| 430|0x0000000735c00000, 0x0000000735c00000, 0x0000000735e00000|  0%| F|  |TAMS 0x0000000735c00000| PB 0x0000000735c00000| Untracked 
| 431|0x0000000735e00000, 0x0000000735e00000, 0x0000000736000000|  0%| F|  |TAMS 0x0000000735e00000| PB 0x0000000735e00000| Untracked 
| 432|0x0000000736000000, 0x0000000736000000, 0x0000000736200000|  0%| F|  |TAMS 0x0000000736000000| PB 0x0000000736000000| Untracked 
| 433|0x0000000736200000, 0x0000000736200000, 0x0000000736400000|  0%| F|  |TAMS 0x0000000736200000| PB 0x0000000736200000| Untracked 
| 434|0x0000000736400000, 0x0000000736400000, 0x0000000736600000|  0%| F|  |TAMS 0x0000000736400000| PB 0x0000000736400000| Untracked 
| 435|0x0000000736600000, 0x0000000736600000, 0x0000000736800000|  0%| F|  |TAMS 0x0000000736600000| PB 0x0000000736600000| Untracked 
| 436|0x0000000736800000, 0x0000000736800000, 0x0000000736a00000|  0%| F|  |TAMS 0x0000000736800000| PB 0x0000000736800000| Untracked 
| 437|0x0000000736a00000, 0x0000000736a00000, 0x0000000736c00000|  0%| F|  |TAMS 0x0000000736a00000| PB 0x0000000736a00000| Untracked 
| 438|0x0000000736c00000, 0x0000000736c00000, 0x0000000736e00000|  0%| F|  |TAMS 0x0000000736c00000| PB 0x0000000736c00000| Untracked 
| 439|0x0000000736e00000, 0x0000000736e00000, 0x0000000737000000|  0%| F|  |TAMS 0x0000000736e00000| PB 0x0000000736e00000| Untracked 
| 440|0x0000000737000000, 0x0000000737000000, 0x0000000737200000|  0%| F|  |TAMS 0x0000000737000000| PB 0x0000000737000000| Untracked 
| 441|0x0000000737200000, 0x0000000737200000, 0x0000000737400000|  0%| F|  |TAMS 0x0000000737200000| PB 0x0000000737200000| Untracked 
| 442|0x0000000737400000, 0x0000000737400000, 0x0000000737600000|  0%| F|  |TAMS 0x0000000737400000| PB 0x0000000737400000| Untracked 
| 443|0x0000000737600000, 0x0000000737600000, 0x0000000737800000|  0%| F|  |TAMS 0x0000000737600000| PB 0x0000000737600000| Untracked 
| 444|0x0000000737800000, 0x0000000737800000, 0x0000000737a00000|  0%| F|  |TAMS 0x0000000737800000| PB 0x0000000737800000| Untracked 
| 445|0x0000000737a00000, 0x0000000737a00000, 0x0000000737c00000|  0%| F|  |TAMS 0x0000000737a00000| PB 0x0000000737a00000| Untracked 
| 446|0x0000000737c00000, 0x0000000737c00000, 0x0000000737e00000|  0%| F|  |TAMS 0x0000000737c00000| PB 0x0000000737c00000| Untracked 
| 447|0x0000000737e00000, 0x0000000737e00000, 0x0000000738000000|  0%| F|  |TAMS 0x0000000737e00000| PB 0x0000000737e00000| Untracked 
| 448|0x0000000738000000, 0x0000000738000000, 0x0000000738200000|  0%| F|  |TAMS 0x0000000738000000| PB 0x0000000738000000| Untracked 
| 449|0x0000000738200000, 0x0000000738200000, 0x0000000738400000|  0%| F|  |TAMS 0x0000000738200000| PB 0x0000000738200000| Untracked 
| 450|0x0000000738400000, 0x0000000738400000, 0x0000000738600000|  0%| F|  |TAMS 0x0000000738400000| PB 0x0000000738400000| Untracked 
| 451|0x0000000738600000, 0x0000000738600000, 0x0000000738800000|  0%| F|  |TAMS 0x0000000738600000| PB 0x0000000738600000| Untracked 
| 452|0x0000000738800000, 0x0000000738800000, 0x0000000738a00000|  0%| F|  |TAMS 0x0000000738800000| PB 0x0000000738800000| Untracked 
| 453|0x0000000738a00000, 0x0000000738a00000, 0x0000000738c00000|  0%| F|  |TAMS 0x0000000738a00000| PB 0x0000000738a00000| Untracked 
| 454|0x0000000738c00000, 0x0000000738c00000, 0x0000000738e00000|  0%| F|  |TAMS 0x0000000738c00000| PB 0x0000000738c00000| Untracked 
| 455|0x0000000738e00000, 0x0000000738e00000, 0x0000000739000000|  0%| F|  |TAMS 0x0000000738e00000| PB 0x0000000738e00000| Untracked 
| 456|0x0000000739000000, 0x0000000739000000, 0x0000000739200000|  0%| F|  |TAMS 0x0000000739000000| PB 0x0000000739000000| Untracked 
| 457|0x0000000739200000, 0x0000000739200000, 0x0000000739400000|  0%| F|  |TAMS 0x0000000739200000| PB 0x0000000739200000| Untracked 
| 458|0x0000000739400000, 0x0000000739400000, 0x0000000739600000|  0%| F|  |TAMS 0x0000000739400000| PB 0x0000000739400000| Untracked 
| 459|0x0000000739600000, 0x0000000739600000, 0x0000000739800000|  0%| F|  |TAMS 0x0000000739600000| PB 0x0000000739600000| Untracked 
| 460|0x0000000739800000, 0x0000000739800000, 0x0000000739a00000|  0%| F|  |TAMS 0x0000000739800000| PB 0x0000000739800000| Untracked 
| 461|0x0000000739a00000, 0x0000000739a00000, 0x0000000739c00000|  0%| F|  |TAMS 0x0000000739a00000| PB 0x0000000739a00000| Untracked 
| 462|0x0000000739c00000, 0x0000000739c00000, 0x0000000739e00000|  0%| F|  |TAMS 0x0000000739c00000| PB 0x0000000739c00000| Untracked 
| 463|0x0000000739e00000, 0x0000000739e00000, 0x000000073a000000|  0%| F|  |TAMS 0x0000000739e00000| PB 0x0000000739e00000| Untracked 
| 464|0x000000073a000000, 0x000000073a000000, 0x000000073a200000|  0%| F|  |TAMS 0x000000073a000000| PB 0x000000073a000000| Untracked 
| 465|0x000000073a200000, 0x000000073a200000, 0x000000073a400000|  0%| F|  |TAMS 0x000000073a200000| PB 0x000000073a200000| Untracked 
| 466|0x000000073a400000, 0x000000073a400000, 0x000000073a600000|  0%| F|  |TAMS 0x000000073a400000| PB 0x000000073a400000| Untracked 
| 467|0x000000073a600000, 0x000000073a600000, 0x000000073a800000|  0%| F|  |TAMS 0x000000073a600000| PB 0x000000073a600000| Untracked 
| 468|0x000000073a800000, 0x000000073a800000, 0x000000073aa00000|  0%| F|  |TAMS 0x000000073a800000| PB 0x000000073a800000| Untracked 
| 469|0x000000073aa00000, 0x000000073aa00000, 0x000000073ac00000|  0%| F|  |TAMS 0x000000073aa00000| PB 0x000000073aa00000| Untracked 
| 470|0x000000073ac00000, 0x000000073ac00000, 0x000000073ae00000|  0%| F|  |TAMS 0x000000073ac00000| PB 0x000000073ac00000| Untracked 
| 471|0x000000073ae00000, 0x000000073ae00000, 0x000000073b000000|  0%| F|  |TAMS 0x000000073ae00000| PB 0x000000073ae00000| Untracked 
| 472|0x000000073b000000, 0x000000073b000000, 0x000000073b200000|  0%| F|  |TAMS 0x000000073b000000| PB 0x000000073b000000| Untracked 
| 473|0x000000073b200000, 0x000000073b200000, 0x000000073b400000|  0%| F|  |TAMS 0x000000073b200000| PB 0x000000073b200000| Untracked 
| 474|0x000000073b400000, 0x000000073b400000, 0x000000073b600000|  0%| F|  |TAMS 0x000000073b400000| PB 0x000000073b400000| Untracked 
| 475|0x000000073b600000, 0x000000073b600000, 0x000000073b800000|  0%| F|  |TAMS 0x000000073b600000| PB 0x000000073b600000| Untracked 
| 476|0x000000073b800000, 0x000000073b800000, 0x000000073ba00000|  0%| F|  |TAMS 0x000000073b800000| PB 0x000000073b800000| Untracked 
| 477|0x000000073ba00000, 0x000000073ba00000, 0x000000073bc00000|  0%| F|  |TAMS 0x000000073ba00000| PB 0x000000073ba00000| Untracked 
| 478|0x000000073bc00000, 0x000000073bc00000, 0x000000073be00000|  0%| F|  |TAMS 0x000000073bc00000| PB 0x000000073bc00000| Untracked 
| 479|0x000000073be00000, 0x000000073be00000, 0x000000073c000000|  0%| F|  |TAMS 0x000000073be00000| PB 0x000000073be00000| Untracked 
| 480|0x000000073c000000, 0x000000073c000000, 0x000000073c200000|  0%| F|  |TAMS 0x000000073c000000| PB 0x000000073c000000| Untracked 
| 481|0x000000073c200000, 0x000000073c200000, 0x000000073c400000|  0%| F|  |TAMS 0x000000073c200000| PB 0x000000073c200000| Untracked 
| 482|0x000000073c400000, 0x000000073c400000, 0x000000073c600000|  0%| F|  |TAMS 0x000000073c400000| PB 0x000000073c400000| Untracked 
| 483|0x000000073c600000, 0x000000073c600000, 0x000000073c800000|  0%| F|  |TAMS 0x000000073c600000| PB 0x000000073c600000| Untracked 
| 484|0x000000073c800000, 0x000000073c800000, 0x000000073ca00000|  0%| F|  |TAMS 0x000000073c800000| PB 0x000000073c800000| Untracked 
| 485|0x000000073ca00000, 0x000000073ca00000, 0x000000073cc00000|  0%| F|  |TAMS 0x000000073ca00000| PB 0x000000073ca00000| Untracked 
| 486|0x000000073cc00000, 0x000000073cc00000, 0x000000073ce00000|  0%| F|  |TAMS 0x000000073cc00000| PB 0x000000073cc00000| Untracked 
| 487|0x000000073ce00000, 0x000000073ce00000, 0x000000073d000000|  0%| F|  |TAMS 0x000000073ce00000| PB 0x000000073ce00000| Untracked 
| 488|0x000000073d000000, 0x000000073d000000, 0x000000073d200000|  0%| F|  |TAMS 0x000000073d000000| PB 0x000000073d000000| Untracked 
| 489|0x000000073d200000, 0x000000073d200000, 0x000000073d400000|  0%| F|  |TAMS 0x000000073d200000| PB 0x000000073d200000| Untracked 
| 490|0x000000073d400000, 0x000000073d400000, 0x000000073d600000|  0%| F|  |TAMS 0x000000073d400000| PB 0x000000073d400000| Untracked 
| 491|0x000000073d600000, 0x000000073d600000, 0x000000073d800000|  0%| F|  |TAMS 0x000000073d600000| PB 0x000000073d600000| Untracked 
| 492|0x000000073d800000, 0x000000073d800000, 0x000000073da00000|  0%| F|  |TAMS 0x000000073d800000| PB 0x000000073d800000| Untracked 
| 493|0x000000073da00000, 0x000000073da00000, 0x000000073dc00000|  0%| F|  |TAMS 0x000000073da00000| PB 0x000000073da00000| Untracked 
| 494|0x000000073dc00000, 0x000000073dc00000, 0x000000073de00000|  0%| F|  |TAMS 0x000000073dc00000| PB 0x000000073dc00000| Untracked 
| 495|0x000000073de00000, 0x000000073de00000, 0x000000073e000000|  0%| F|  |TAMS 0x000000073de00000| PB 0x000000073de00000| Untracked 
| 496|0x000000073e000000, 0x000000073e000000, 0x000000073e200000|  0%| F|  |TAMS 0x000000073e000000| PB 0x000000073e000000| Untracked 
| 497|0x000000073e200000, 0x000000073e200000, 0x000000073e400000|  0%| F|  |TAMS 0x000000073e200000| PB 0x000000073e200000| Untracked 
| 498|0x000000073e400000, 0x000000073e400000, 0x000000073e600000|  0%| F|  |TAMS 0x000000073e400000| PB 0x000000073e400000| Untracked 
| 499|0x000000073e600000, 0x000000073e600000, 0x000000073e800000|  0%| F|  |TAMS 0x000000073e600000| PB 0x000000073e600000| Untracked 
| 500|0x000000073e800000, 0x000000073e800000, 0x000000073ea00000|  0%| F|  |TAMS 0x000000073e800000| PB 0x000000073e800000| Untracked 
| 501|0x000000073ea00000, 0x000000073ea00000, 0x000000073ec00000|  0%| F|  |TAMS 0x000000073ea00000| PB 0x000000073ea00000| Untracked 
| 502|0x000000073ec00000, 0x000000073ec00000, 0x000000073ee00000|  0%| F|  |TAMS 0x000000073ec00000| PB 0x000000073ec00000| Untracked 
| 503|0x000000073ee00000, 0x000000073ee00000, 0x000000073f000000|  0%| F|  |TAMS 0x000000073ee00000| PB 0x000000073ee00000| Untracked 
| 504|0x000000073f000000, 0x000000073f000000, 0x000000073f200000|  0%| F|  |TAMS 0x000000073f000000| PB 0x000000073f000000| Untracked 
| 505|0x000000073f200000, 0x000000073f200000, 0x000000073f400000|  0%| F|  |TAMS 0x000000073f200000| PB 0x000000073f200000| Untracked 
| 506|0x000000073f400000, 0x000000073f400000, 0x000000073f600000|  0%| F|  |TAMS 0x000000073f400000| PB 0x000000073f400000| Untracked 
| 507|0x000000073f600000, 0x000000073f600000, 0x000000073f800000|  0%| F|  |TAMS 0x000000073f600000| PB 0x000000073f600000| Untracked 
| 508|0x000000073f800000, 0x000000073f800000, 0x000000073fa00000|  0%| F|  |TAMS 0x000000073f800000| PB 0x000000073f800000| Untracked 
| 509|0x000000073fa00000, 0x000000073fa00000, 0x000000073fc00000|  0%| F|  |TAMS 0x000000073fa00000| PB 0x000000073fa00000| Untracked 
| 510|0x000000073fc00000, 0x000000073fc00000, 0x000000073fe00000|  0%| F|  |TAMS 0x000000073fc00000| PB 0x000000073fc00000| Untracked 
| 511|0x000000073fe00000, 0x000000073fe00000, 0x0000000740000000|  0%| F|  |TAMS 0x000000073fe00000| PB 0x000000073fe00000| Untracked 
| 512|0x0000000740000000, 0x0000000740000000, 0x0000000740200000|  0%| F|  |TAMS 0x0000000740000000| PB 0x0000000740000000| Untracked 
| 513|0x0000000740200000, 0x0000000740200000, 0x0000000740400000|  0%| F|  |TAMS 0x0000000740200000| PB 0x0000000740200000| Untracked 
| 514|0x0000000740400000, 0x0000000740400000, 0x0000000740600000|  0%| F|  |TAMS 0x0000000740400000| PB 0x0000000740400000| Untracked 
| 515|0x0000000740600000, 0x0000000740600000, 0x0000000740800000|  0%| F|  |TAMS 0x0000000740600000| PB 0x0000000740600000| Untracked 
| 516|0x0000000740800000, 0x0000000740800000, 0x0000000740a00000|  0%| F|  |TAMS 0x0000000740800000| PB 0x0000000740800000| Untracked 
| 517|0x0000000740a00000, 0x0000000740a00000, 0x0000000740c00000|  0%| F|  |TAMS 0x0000000740a00000| PB 0x0000000740a00000| Untracked 
| 518|0x0000000740c00000, 0x0000000740c00000, 0x0000000740e00000|  0%| F|  |TAMS 0x0000000740c00000| PB 0x0000000740c00000| Untracked 
| 519|0x0000000740e00000, 0x0000000740e00000, 0x0000000741000000|  0%| F|  |TAMS 0x0000000740e00000| PB 0x0000000740e00000| Untracked 
| 520|0x0000000741000000, 0x0000000741000000, 0x0000000741200000|  0%| F|  |TAMS 0x0000000741000000| PB 0x0000000741000000| Untracked 
| 521|0x0000000741200000, 0x0000000741200000, 0x0000000741400000|  0%| F|  |TAMS 0x0000000741200000| PB 0x0000000741200000| Untracked 
| 522|0x0000000741400000, 0x0000000741400000, 0x0000000741600000|  0%| F|  |TAMS 0x0000000741400000| PB 0x0000000741400000| Untracked 
| 523|0x0000000741600000, 0x0000000741600000, 0x0000000741800000|  0%| F|  |TAMS 0x0000000741600000| PB 0x0000000741600000| Untracked 
| 524|0x0000000741800000, 0x0000000741800000, 0x0000000741a00000|  0%| F|  |TAMS 0x0000000741800000| PB 0x0000000741800000| Untracked 
| 525|0x0000000741a00000, 0x0000000741a00000, 0x0000000741c00000|  0%| F|  |TAMS 0x0000000741a00000| PB 0x0000000741a00000| Untracked 
| 526|0x0000000741c00000, 0x0000000741c00000, 0x0000000741e00000|  0%| F|  |TAMS 0x0000000741c00000| PB 0x0000000741c00000| Untracked 
| 527|0x0000000741e00000, 0x0000000741e00000, 0x0000000742000000|  0%| F|  |TAMS 0x0000000741e00000| PB 0x0000000741e00000| Untracked 
| 528|0x0000000742000000, 0x0000000742000000, 0x0000000742200000|  0%| F|  |TAMS 0x0000000742000000| PB 0x0000000742000000| Untracked 
| 529|0x0000000742200000, 0x0000000742200000, 0x0000000742400000|  0%| F|  |TAMS 0x0000000742200000| PB 0x0000000742200000| Untracked 
| 530|0x0000000742400000, 0x0000000742400000, 0x0000000742600000|  0%| F|  |TAMS 0x0000000742400000| PB 0x0000000742400000| Untracked 
| 531|0x0000000742600000, 0x0000000742600000, 0x0000000742800000|  0%| F|  |TAMS 0x0000000742600000| PB 0x0000000742600000| Untracked 
| 532|0x0000000742800000, 0x0000000742800000, 0x0000000742a00000|  0%| F|  |TAMS 0x0000000742800000| PB 0x0000000742800000| Untracked 
| 533|0x0000000742a00000, 0x0000000742a00000, 0x0000000742c00000|  0%| F|  |TAMS 0x0000000742a00000| PB 0x0000000742a00000| Untracked 
| 534|0x0000000742c00000, 0x0000000742c00000, 0x0000000742e00000|  0%| F|  |TAMS 0x0000000742c00000| PB 0x0000000742c00000| Untracked 
| 535|0x0000000742e00000, 0x0000000742e00000, 0x0000000743000000|  0%| F|  |TAMS 0x0000000742e00000| PB 0x0000000742e00000| Untracked 
| 536|0x0000000743000000, 0x0000000743000000, 0x0000000743200000|  0%| F|  |TAMS 0x0000000743000000| PB 0x0000000743000000| Untracked 
| 537|0x0000000743200000, 0x0000000743200000, 0x0000000743400000|  0%| F|  |TAMS 0x0000000743200000| PB 0x0000000743200000| Untracked 
| 538|0x0000000743400000, 0x0000000743400000, 0x0000000743600000|  0%| F|  |TAMS 0x0000000743400000| PB 0x0000000743400000| Untracked 
| 539|0x0000000743600000, 0x0000000743600000, 0x0000000743800000|  0%| F|  |TAMS 0x0000000743600000| PB 0x0000000743600000| Untracked 
| 540|0x0000000743800000, 0x0000000743800000, 0x0000000743a00000|  0%| F|  |TAMS 0x0000000743800000| PB 0x0000000743800000| Untracked 
| 541|0x0000000743a00000, 0x0000000743a00000, 0x0000000743c00000|  0%| F|  |TAMS 0x0000000743a00000| PB 0x0000000743a00000| Untracked 
| 542|0x0000000743c00000, 0x0000000743c00000, 0x0000000743e00000|  0%| F|  |TAMS 0x0000000743c00000| PB 0x0000000743c00000| Untracked 
| 543|0x0000000743e00000, 0x0000000743e00000, 0x0000000744000000|  0%| F|  |TAMS 0x0000000743e00000| PB 0x0000000743e00000| Untracked 
| 544|0x0000000744000000, 0x0000000744000000, 0x0000000744200000|  0%| F|  |TAMS 0x0000000744000000| PB 0x0000000744000000| Untracked 
| 545|0x0000000744200000, 0x0000000744200000, 0x0000000744400000|  0%| F|  |TAMS 0x0000000744200000| PB 0x0000000744200000| Untracked 
| 546|0x0000000744400000, 0x0000000744400000, 0x0000000744600000|  0%| F|  |TAMS 0x0000000744400000| PB 0x0000000744400000| Untracked 
| 547|0x0000000744600000, 0x0000000744600000, 0x0000000744800000|  0%| F|  |TAMS 0x0000000744600000| PB 0x0000000744600000| Untracked 
| 548|0x0000000744800000, 0x0000000744800000, 0x0000000744a00000|  0%| F|  |TAMS 0x0000000744800000| PB 0x0000000744800000| Untracked 
| 549|0x0000000744a00000, 0x0000000744a00000, 0x0000000744c00000|  0%| F|  |TAMS 0x0000000744a00000| PB 0x0000000744a00000| Untracked 
| 550|0x0000000744c00000, 0x0000000744c00000, 0x0000000744e00000|  0%| F|  |TAMS 0x0000000744c00000| PB 0x0000000744c00000| Untracked 
| 551|0x0000000744e00000, 0x0000000744e00000, 0x0000000745000000|  0%| F|  |TAMS 0x0000000744e00000| PB 0x0000000744e00000| Untracked 
| 552|0x0000000745000000, 0x0000000745000000, 0x0000000745200000|  0%| F|  |TAMS 0x0000000745000000| PB 0x0000000745000000| Untracked 
| 553|0x0000000745200000, 0x0000000745200000, 0x0000000745400000|  0%| F|  |TAMS 0x0000000745200000| PB 0x0000000745200000| Untracked 
| 554|0x0000000745400000, 0x0000000745400000, 0x0000000745600000|  0%| F|  |TAMS 0x0000000745400000| PB 0x0000000745400000| Untracked 
| 555|0x0000000745600000, 0x0000000745600000, 0x0000000745800000|  0%| F|  |TAMS 0x0000000745600000| PB 0x0000000745600000| Untracked 
| 556|0x0000000745800000, 0x0000000745800000, 0x0000000745a00000|  0%| F|  |TAMS 0x0000000745800000| PB 0x0000000745800000| Untracked 
| 557|0x0000000745a00000, 0x0000000745a00000, 0x0000000745c00000|  0%| F|  |TAMS 0x0000000745a00000| PB 0x0000000745a00000| Untracked 
| 558|0x0000000745c00000, 0x0000000745c00000, 0x0000000745e00000|  0%| F|  |TAMS 0x0000000745c00000| PB 0x0000000745c00000| Untracked 
| 559|0x0000000745e00000, 0x0000000745e00000, 0x0000000746000000|  0%| F|  |TAMS 0x0000000745e00000| PB 0x0000000745e00000| Untracked 
| 560|0x0000000746000000, 0x0000000746000000, 0x0000000746200000|  0%| F|  |TAMS 0x0000000746000000| PB 0x0000000746000000| Untracked 
| 561|0x0000000746200000, 0x0000000746200000, 0x0000000746400000|  0%| F|  |TAMS 0x0000000746200000| PB 0x0000000746200000| Untracked 
| 562|0x0000000746400000, 0x0000000746400000, 0x0000000746600000|  0%| F|  |TAMS 0x0000000746400000| PB 0x0000000746400000| Untracked 
| 563|0x0000000746600000, 0x0000000746600000, 0x0000000746800000|  0%| F|  |TAMS 0x0000000746600000| PB 0x0000000746600000| Untracked 
| 564|0x0000000746800000, 0x0000000746800000, 0x0000000746a00000|  0%| F|  |TAMS 0x0000000746800000| PB 0x0000000746800000| Untracked 
| 565|0x0000000746a00000, 0x0000000746a00000, 0x0000000746c00000|  0%| F|  |TAMS 0x0000000746a00000| PB 0x0000000746a00000| Untracked 
| 566|0x0000000746c00000, 0x0000000746c00000, 0x0000000746e00000|  0%| F|  |TAMS 0x0000000746c00000| PB 0x0000000746c00000| Untracked 
| 567|0x0000000746e00000, 0x0000000746e00000, 0x0000000747000000|  0%| F|  |TAMS 0x0000000746e00000| PB 0x0000000746e00000| Untracked 
| 568|0x0000000747000000, 0x0000000747000000, 0x0000000747200000|  0%| F|  |TAMS 0x0000000747000000| PB 0x0000000747000000| Untracked 
| 569|0x0000000747200000, 0x0000000747200000, 0x0000000747400000|  0%| F|  |TAMS 0x0000000747200000| PB 0x0000000747200000| Untracked 
| 570|0x0000000747400000, 0x0000000747400000, 0x0000000747600000|  0%| F|  |TAMS 0x0000000747400000| PB 0x0000000747400000| Untracked 
| 571|0x0000000747600000, 0x0000000747600000, 0x0000000747800000|  0%| F|  |TAMS 0x0000000747600000| PB 0x0000000747600000| Untracked 
| 572|0x0000000747800000, 0x0000000747800000, 0x0000000747a00000|  0%| F|  |TAMS 0x0000000747800000| PB 0x0000000747800000| Untracked 
| 573|0x0000000747a00000, 0x0000000747a00000, 0x0000000747c00000|  0%| F|  |TAMS 0x0000000747a00000| PB 0x0000000747a00000| Untracked 
| 574|0x0000000747c00000, 0x0000000747c00000, 0x0000000747e00000|  0%| F|  |TAMS 0x0000000747c00000| PB 0x0000000747c00000| Untracked 
| 575|0x0000000747e00000, 0x0000000747e00000, 0x0000000748000000|  0%| F|  |TAMS 0x0000000747e00000| PB 0x0000000747e00000| Untracked 
| 576|0x0000000748000000, 0x0000000748000000, 0x0000000748200000|  0%| F|  |TAMS 0x0000000748000000| PB 0x0000000748000000| Untracked 
| 577|0x0000000748200000, 0x0000000748200000, 0x0000000748400000|  0%| F|  |TAMS 0x0000000748200000| PB 0x0000000748200000| Untracked 
| 578|0x0000000748400000, 0x0000000748400000, 0x0000000748600000|  0%| F|  |TAMS 0x0000000748400000| PB 0x0000000748400000| Untracked 
| 579|0x0000000748600000, 0x0000000748600000, 0x0000000748800000|  0%| F|  |TAMS 0x0000000748600000| PB 0x0000000748600000| Untracked 
| 580|0x0000000748800000, 0x0000000748800000, 0x0000000748a00000|  0%| F|  |TAMS 0x0000000748800000| PB 0x0000000748800000| Untracked 
| 581|0x0000000748a00000, 0x0000000748a00000, 0x0000000748c00000|  0%| F|  |TAMS 0x0000000748a00000| PB 0x0000000748a00000| Untracked 
| 582|0x0000000748c00000, 0x0000000748c00000, 0x0000000748e00000|  0%| F|  |TAMS 0x0000000748c00000| PB 0x0000000748c00000| Untracked 
| 583|0x0000000748e00000, 0x0000000748e00000, 0x0000000749000000|  0%| F|  |TAMS 0x0000000748e00000| PB 0x0000000748e00000| Untracked 
| 584|0x0000000749000000, 0x0000000749000000, 0x0000000749200000|  0%| F|  |TAMS 0x0000000749000000| PB 0x0000000749000000| Untracked 
| 585|0x0000000749200000, 0x0000000749200000, 0x0000000749400000|  0%| F|  |TAMS 0x0000000749200000| PB 0x0000000749200000| Untracked 
| 586|0x0000000749400000, 0x0000000749400000, 0x0000000749600000|  0%| F|  |TAMS 0x0000000749400000| PB 0x0000000749400000| Untracked 
| 587|0x0000000749600000, 0x0000000749600000, 0x0000000749800000|  0%| F|  |TAMS 0x0000000749600000| PB 0x0000000749600000| Untracked 
| 588|0x0000000749800000, 0x0000000749800000, 0x0000000749a00000|  0%| F|  |TAMS 0x0000000749800000| PB 0x0000000749800000| Untracked 
| 589|0x0000000749a00000, 0x0000000749a00000, 0x0000000749c00000|  0%| F|  |TAMS 0x0000000749a00000| PB 0x0000000749a00000| Untracked 
| 590|0x0000000749c00000, 0x0000000749c00000, 0x0000000749e00000|  0%| F|  |TAMS 0x0000000749c00000| PB 0x0000000749c00000| Untracked 
| 591|0x0000000749e00000, 0x0000000749e00000, 0x000000074a000000|  0%| F|  |TAMS 0x0000000749e00000| PB 0x0000000749e00000| Untracked 
| 592|0x000000074a000000, 0x000000074a000000, 0x000000074a200000|  0%| F|  |TAMS 0x000000074a000000| PB 0x000000074a000000| Untracked 
| 593|0x000000074a200000, 0x000000074a200000, 0x000000074a400000|  0%| F|  |TAMS 0x000000074a200000| PB 0x000000074a200000| Untracked 
| 594|0x000000074a400000, 0x000000074a400000, 0x000000074a600000|  0%| F|  |TAMS 0x000000074a400000| PB 0x000000074a400000| Untracked 
| 595|0x000000074a600000, 0x000000074a600000, 0x000000074a800000|  0%| F|  |TAMS 0x000000074a600000| PB 0x000000074a600000| Untracked 
| 596|0x000000074a800000, 0x000000074a800000, 0x000000074aa00000|  0%| F|  |TAMS 0x000000074a800000| PB 0x000000074a800000| Untracked 
| 597|0x000000074aa00000, 0x000000074aa00000, 0x000000074ac00000|  0%| F|  |TAMS 0x000000074aa00000| PB 0x000000074aa00000| Untracked 
| 598|0x000000074ac00000, 0x000000074ac00000, 0x000000074ae00000|  0%| F|  |TAMS 0x000000074ac00000| PB 0x000000074ac00000| Untracked 
| 599|0x000000074ae00000, 0x000000074ae00000, 0x000000074b000000|  0%| F|  |TAMS 0x000000074ae00000| PB 0x000000074ae00000| Untracked 
| 600|0x000000074b000000, 0x000000074b000000, 0x000000074b200000|  0%| F|  |TAMS 0x000000074b000000| PB 0x000000074b000000| Untracked 
| 601|0x000000074b200000, 0x000000074b200000, 0x000000074b400000|  0%| F|  |TAMS 0x000000074b200000| PB 0x000000074b200000| Untracked 
| 602|0x000000074b400000, 0x000000074b400000, 0x000000074b600000|  0%| F|  |TAMS 0x000000074b400000| PB 0x000000074b400000| Untracked 
| 603|0x000000074b600000, 0x000000074b600000, 0x000000074b800000|  0%| F|  |TAMS 0x000000074b600000| PB 0x000000074b600000| Untracked 
| 604|0x000000074b800000, 0x000000074b800000, 0x000000074ba00000|  0%| F|  |TAMS 0x000000074b800000| PB 0x000000074b800000| Untracked 
| 605|0x000000074ba00000, 0x000000074ba00000, 0x000000074bc00000|  0%| F|  |TAMS 0x000000074ba00000| PB 0x000000074ba00000| Untracked 
| 606|0x000000074bc00000, 0x000000074bc00000, 0x000000074be00000|  0%| F|  |TAMS 0x000000074bc00000| PB 0x000000074bc00000| Untracked 
| 607|0x000000074be00000, 0x000000074be00000, 0x000000074c000000|  0%| F|  |TAMS 0x000000074be00000| PB 0x000000074be00000| Untracked 
| 608|0x000000074c000000, 0x000000074c000000, 0x000000074c200000|  0%| F|  |TAMS 0x000000074c000000| PB 0x000000074c000000| Untracked 
| 609|0x000000074c200000, 0x000000074c200000, 0x000000074c400000|  0%| F|  |TAMS 0x000000074c200000| PB 0x000000074c200000| Untracked 
| 610|0x000000074c400000, 0x000000074c400000, 0x000000074c600000|  0%| F|  |TAMS 0x000000074c400000| PB 0x000000074c400000| Untracked 
| 611|0x000000074c600000, 0x000000074c600000, 0x000000074c800000|  0%| F|  |TAMS 0x000000074c600000| PB 0x000000074c600000| Untracked 
| 612|0x000000074c800000, 0x000000074c800000, 0x000000074ca00000|  0%| F|  |TAMS 0x000000074c800000| PB 0x000000074c800000| Untracked 
| 613|0x000000074ca00000, 0x000000074ca00000, 0x000000074cc00000|  0%| F|  |TAMS 0x000000074ca00000| PB 0x000000074ca00000| Untracked 
| 614|0x000000074cc00000, 0x000000074cc00000, 0x000000074ce00000|  0%| F|  |TAMS 0x000000074cc00000| PB 0x000000074cc00000| Untracked 
| 615|0x000000074ce00000, 0x000000074ce00000, 0x000000074d000000|  0%| F|  |TAMS 0x000000074ce00000| PB 0x000000074ce00000| Untracked 
| 616|0x000000074d000000, 0x000000074d000000, 0x000000074d200000|  0%| F|  |TAMS 0x000000074d000000| PB 0x000000074d000000| Untracked 
| 617|0x000000074d200000, 0x000000074d200000, 0x000000074d400000|  0%| F|  |TAMS 0x000000074d200000| PB 0x000000074d200000| Untracked 
| 618|0x000000074d400000, 0x000000074d400000, 0x000000074d600000|  0%| F|  |TAMS 0x000000074d400000| PB 0x000000074d400000| Untracked 
| 619|0x000000074d600000, 0x000000074d600000, 0x000000074d800000|  0%| F|  |TAMS 0x000000074d600000| PB 0x000000074d600000| Untracked 
| 620|0x000000074d800000, 0x000000074d800000, 0x000000074da00000|  0%| F|  |TAMS 0x000000074d800000| PB 0x000000074d800000| Untracked 
| 621|0x000000074da00000, 0x000000074da00000, 0x000000074dc00000|  0%| F|  |TAMS 0x000000074da00000| PB 0x000000074da00000| Untracked 
| 622|0x000000074dc00000, 0x000000074dc00000, 0x000000074de00000|  0%| F|  |TAMS 0x000000074dc00000| PB 0x000000074dc00000| Untracked 
| 623|0x000000074de00000, 0x000000074de00000, 0x000000074e000000|  0%| F|  |TAMS 0x000000074de00000| PB 0x000000074de00000| Untracked 
| 624|0x000000074e000000, 0x000000074e000000, 0x000000074e200000|  0%| F|  |TAMS 0x000000074e000000| PB 0x000000074e000000| Untracked 
| 625|0x000000074e200000, 0x000000074e200000, 0x000000074e400000|  0%| F|  |TAMS 0x000000074e200000| PB 0x000000074e200000| Untracked 
| 626|0x000000074e400000, 0x000000074e400000, 0x000000074e600000|  0%| F|  |TAMS 0x000000074e400000| PB 0x000000074e400000| Untracked 
| 627|0x000000074e600000, 0x000000074e600000, 0x000000074e800000|  0%| F|  |TAMS 0x000000074e600000| PB 0x000000074e600000| Untracked 
| 628|0x000000074e800000, 0x000000074e800000, 0x000000074ea00000|  0%| F|  |TAMS 0x000000074e800000| PB 0x000000074e800000| Untracked 
| 629|0x000000074ea00000, 0x000000074ea00000, 0x000000074ec00000|  0%| F|  |TAMS 0x000000074ea00000| PB 0x000000074ea00000| Untracked 
| 630|0x000000074ec00000, 0x000000074ec00000, 0x000000074ee00000|  0%| F|  |TAMS 0x000000074ec00000| PB 0x000000074ec00000| Untracked 
| 631|0x000000074ee00000, 0x000000074ee00000, 0x000000074f000000|  0%| F|  |TAMS 0x000000074ee00000| PB 0x000000074ee00000| Untracked 
| 632|0x000000074f000000, 0x000000074f000000, 0x000000074f200000|  0%| F|  |TAMS 0x000000074f000000| PB 0x000000074f000000| Untracked 
| 633|0x000000074f200000, 0x000000074f200000, 0x000000074f400000|  0%| F|  |TAMS 0x000000074f200000| PB 0x000000074f200000| Untracked 
| 634|0x000000074f400000, 0x000000074f400000, 0x000000074f600000|  0%| F|  |TAMS 0x000000074f400000| PB 0x000000074f400000| Untracked 
| 635|0x000000074f600000, 0x000000074f600000, 0x000000074f800000|  0%| F|  |TAMS 0x000000074f600000| PB 0x000000074f600000| Untracked 
| 636|0x000000074f800000, 0x000000074f800000, 0x000000074fa00000|  0%| F|  |TAMS 0x000000074f800000| PB 0x000000074f800000| Untracked 
| 637|0x000000074fa00000, 0x000000074fa00000, 0x000000074fc00000|  0%| F|  |TAMS 0x000000074fa00000| PB 0x000000074fa00000| Untracked 
| 638|0x000000074fc00000, 0x000000074fc00000, 0x000000074fe00000|  0%| F|  |TAMS 0x000000074fc00000| PB 0x000000074fc00000| Untracked 
| 639|0x000000074fe00000, 0x000000074fe00000, 0x0000000750000000|  0%| F|  |TAMS 0x000000074fe00000| PB 0x000000074fe00000| Untracked 
| 640|0x0000000750000000, 0x0000000750000000, 0x0000000750200000|  0%| F|  |TAMS 0x0000000750000000| PB 0x0000000750000000| Untracked 
| 641|0x0000000750200000, 0x0000000750200000, 0x0000000750400000|  0%| F|  |TAMS 0x0000000750200000| PB 0x0000000750200000| Untracked 
| 642|0x0000000750400000, 0x0000000750400000, 0x0000000750600000|  0%| F|  |TAMS 0x0000000750400000| PB 0x0000000750400000| Untracked 
| 643|0x0000000750600000, 0x0000000750600000, 0x0000000750800000|  0%| F|  |TAMS 0x0000000750600000| PB 0x0000000750600000| Untracked 
| 644|0x0000000750800000, 0x0000000750800000, 0x0000000750a00000|  0%| F|  |TAMS 0x0000000750800000| PB 0x0000000750800000| Untracked 
| 645|0x0000000750a00000, 0x0000000750a00000, 0x0000000750c00000|  0%| F|  |TAMS 0x0000000750a00000| PB 0x0000000750a00000| Untracked 
| 646|0x0000000750c00000, 0x0000000750c00000, 0x0000000750e00000|  0%| F|  |TAMS 0x0000000750c00000| PB 0x0000000750c00000| Untracked 
| 647|0x0000000750e00000, 0x0000000750e00000, 0x0000000751000000|  0%| F|  |TAMS 0x0000000750e00000| PB 0x0000000750e00000| Untracked 
| 648|0x0000000751000000, 0x0000000751000000, 0x0000000751200000|  0%| F|  |TAMS 0x0000000751000000| PB 0x0000000751000000| Untracked 
| 649|0x0000000751200000, 0x0000000751200000, 0x0000000751400000|  0%| F|  |TAMS 0x0000000751200000| PB 0x0000000751200000| Untracked 
| 650|0x0000000751400000, 0x0000000751400000, 0x0000000751600000|  0%| F|  |TAMS 0x0000000751400000| PB 0x0000000751400000| Untracked 
| 651|0x0000000751600000, 0x0000000751600000, 0x0000000751800000|  0%| F|  |TAMS 0x0000000751600000| PB 0x0000000751600000| Untracked 
| 652|0x0000000751800000, 0x0000000751800000, 0x0000000751a00000|  0%| F|  |TAMS 0x0000000751800000| PB 0x0000000751800000| Untracked 
| 653|0x0000000751a00000, 0x0000000751a00000, 0x0000000751c00000|  0%| F|  |TAMS 0x0000000751a00000| PB 0x0000000751a00000| Untracked 
| 654|0x0000000751c00000, 0x0000000751c00000, 0x0000000751e00000|  0%| F|  |TAMS 0x0000000751c00000| PB 0x0000000751c00000| Untracked 
| 655|0x0000000751e00000, 0x0000000751e00000, 0x0000000752000000|  0%| F|  |TAMS 0x0000000751e00000| PB 0x0000000751e00000| Untracked 
| 656|0x0000000752000000, 0x0000000752000000, 0x0000000752200000|  0%| F|  |TAMS 0x0000000752000000| PB 0x0000000752000000| Untracked 
| 657|0x0000000752200000, 0x0000000752200000, 0x0000000752400000|  0%| F|  |TAMS 0x0000000752200000| PB 0x0000000752200000| Untracked 
| 658|0x0000000752400000, 0x0000000752400000, 0x0000000752600000|  0%| F|  |TAMS 0x0000000752400000| PB 0x0000000752400000| Untracked 
| 659|0x0000000752600000, 0x0000000752600000, 0x0000000752800000|  0%| F|  |TAMS 0x0000000752600000| PB 0x0000000752600000| Untracked 
| 660|0x0000000752800000, 0x0000000752800000, 0x0000000752a00000|  0%| F|  |TAMS 0x0000000752800000| PB 0x0000000752800000| Untracked 
| 661|0x0000000752a00000, 0x0000000752a00000, 0x0000000752c00000|  0%| F|  |TAMS 0x0000000752a00000| PB 0x0000000752a00000| Untracked 
| 662|0x0000000752c00000, 0x0000000752c00000, 0x0000000752e00000|  0%| F|  |TAMS 0x0000000752c00000| PB 0x0000000752c00000| Untracked 
| 663|0x0000000752e00000, 0x0000000752e00000, 0x0000000753000000|  0%| F|  |TAMS 0x0000000752e00000| PB 0x0000000752e00000| Untracked 
| 664|0x0000000753000000, 0x0000000753000000, 0x0000000753200000|  0%| F|  |TAMS 0x0000000753000000| PB 0x0000000753000000| Untracked 
| 665|0x0000000753200000, 0x0000000753200000, 0x0000000753400000|  0%| F|  |TAMS 0x0000000753200000| PB 0x0000000753200000| Untracked 
| 666|0x0000000753400000, 0x0000000753400000, 0x0000000753600000|  0%| F|  |TAMS 0x0000000753400000| PB 0x0000000753400000| Untracked 
| 667|0x0000000753600000, 0x0000000753600000, 0x0000000753800000|  0%| F|  |TAMS 0x0000000753600000| PB 0x0000000753600000| Untracked 
| 668|0x0000000753800000, 0x0000000753800000, 0x0000000753a00000|  0%| F|  |TAMS 0x0000000753800000| PB 0x0000000753800000| Untracked 
| 669|0x0000000753a00000, 0x0000000753a00000, 0x0000000753c00000|  0%| F|  |TAMS 0x0000000753a00000| PB 0x0000000753a00000| Untracked 
| 670|0x0000000753c00000, 0x0000000753c00000, 0x0000000753e00000|  0%| F|  |TAMS 0x0000000753c00000| PB 0x0000000753c00000| Untracked 
| 671|0x0000000753e00000, 0x0000000753e00000, 0x0000000754000000|  0%| F|  |TAMS 0x0000000753e00000| PB 0x0000000753e00000| Untracked 
| 672|0x0000000754000000, 0x0000000754000000, 0x0000000754200000|  0%| F|  |TAMS 0x0000000754000000| PB 0x0000000754000000| Untracked 
| 673|0x0000000754200000, 0x0000000754200000, 0x0000000754400000|  0%| F|  |TAMS 0x0000000754200000| PB 0x0000000754200000| Untracked 
| 674|0x0000000754400000, 0x0000000754400000, 0x0000000754600000|  0%| F|  |TAMS 0x0000000754400000| PB 0x0000000754400000| Untracked 
| 675|0x0000000754600000, 0x0000000754600000, 0x0000000754800000|  0%| F|  |TAMS 0x0000000754600000| PB 0x0000000754600000| Untracked 
| 676|0x0000000754800000, 0x0000000754800000, 0x0000000754a00000|  0%| F|  |TAMS 0x0000000754800000| PB 0x0000000754800000| Untracked 
| 677|0x0000000754a00000, 0x0000000754a00000, 0x0000000754c00000|  0%| F|  |TAMS 0x0000000754a00000| PB 0x0000000754a00000| Untracked 
| 678|0x0000000754c00000, 0x0000000754c00000, 0x0000000754e00000|  0%| F|  |TAMS 0x0000000754c00000| PB 0x0000000754c00000| Untracked 
| 679|0x0000000754e00000, 0x0000000754e00000, 0x0000000755000000|  0%| F|  |TAMS 0x0000000754e00000| PB 0x0000000754e00000| Untracked 
| 680|0x0000000755000000, 0x0000000755000000, 0x0000000755200000|  0%| F|  |TAMS 0x0000000755000000| PB 0x0000000755000000| Untracked 
| 681|0x0000000755200000, 0x0000000755200000, 0x0000000755400000|  0%| F|  |TAMS 0x0000000755200000| PB 0x0000000755200000| Untracked 
| 682|0x0000000755400000, 0x0000000755400000, 0x0000000755600000|  0%| F|  |TAMS 0x0000000755400000| PB 0x0000000755400000| Untracked 
| 683|0x0000000755600000, 0x0000000755600000, 0x0000000755800000|  0%| F|  |TAMS 0x0000000755600000| PB 0x0000000755600000| Untracked 
| 684|0x0000000755800000, 0x0000000755800000, 0x0000000755a00000|  0%| F|  |TAMS 0x0000000755800000| PB 0x0000000755800000| Untracked 
| 685|0x0000000755a00000, 0x0000000755a00000, 0x0000000755c00000|  0%| F|  |TAMS 0x0000000755a00000| PB 0x0000000755a00000| Untracked 
| 686|0x0000000755c00000, 0x0000000755c00000, 0x0000000755e00000|  0%| F|  |TAMS 0x0000000755c00000| PB 0x0000000755c00000| Untracked 
| 687|0x0000000755e00000, 0x0000000755e00000, 0x0000000756000000|  0%| F|  |TAMS 0x0000000755e00000| PB 0x0000000755e00000| Untracked 
| 688|0x0000000756000000, 0x0000000756000000, 0x0000000756200000|  0%| F|  |TAMS 0x0000000756000000| PB 0x0000000756000000| Untracked 
| 689|0x0000000756200000, 0x0000000756200000, 0x0000000756400000|  0%| F|  |TAMS 0x0000000756200000| PB 0x0000000756200000| Untracked 
| 690|0x0000000756400000, 0x0000000756400000, 0x0000000756600000|  0%| F|  |TAMS 0x0000000756400000| PB 0x0000000756400000| Untracked 
| 691|0x0000000756600000, 0x0000000756600000, 0x0000000756800000|  0%| F|  |TAMS 0x0000000756600000| PB 0x0000000756600000| Untracked 
| 692|0x0000000756800000, 0x0000000756800000, 0x0000000756a00000|  0%| F|  |TAMS 0x0000000756800000| PB 0x0000000756800000| Untracked 
| 693|0x0000000756a00000, 0x0000000756a00000, 0x0000000756c00000|  0%| F|  |TAMS 0x0000000756a00000| PB 0x0000000756a00000| Untracked 
| 694|0x0000000756c00000, 0x0000000756c00000, 0x0000000756e00000|  0%| F|  |TAMS 0x0000000756c00000| PB 0x0000000756c00000| Untracked 
| 695|0x0000000756e00000, 0x0000000756e00000, 0x0000000757000000|  0%| F|  |TAMS 0x0000000756e00000| PB 0x0000000756e00000| Untracked 
| 696|0x0000000757000000, 0x0000000757000000, 0x0000000757200000|  0%| F|  |TAMS 0x0000000757000000| PB 0x0000000757000000| Untracked 
| 697|0x0000000757200000, 0x0000000757200000, 0x0000000757400000|  0%| F|  |TAMS 0x0000000757200000| PB 0x0000000757200000| Untracked 
| 698|0x0000000757400000, 0x0000000757400000, 0x0000000757600000|  0%| F|  |TAMS 0x0000000757400000| PB 0x0000000757400000| Untracked 
| 699|0x0000000757600000, 0x0000000757600000, 0x0000000757800000|  0%| F|  |TAMS 0x0000000757600000| PB 0x0000000757600000| Untracked 
| 700|0x0000000757800000, 0x0000000757800000, 0x0000000757a00000|  0%| F|  |TAMS 0x0000000757800000| PB 0x0000000757800000| Untracked 
| 701|0x0000000757a00000, 0x0000000757a00000, 0x0000000757c00000|  0%| F|  |TAMS 0x0000000757a00000| PB 0x0000000757a00000| Untracked 
| 702|0x0000000757c00000, 0x0000000757c00000, 0x0000000757e00000|  0%| F|  |TAMS 0x0000000757c00000| PB 0x0000000757c00000| Untracked 
| 703|0x0000000757e00000, 0x0000000757e00000, 0x0000000758000000|  0%| F|  |TAMS 0x0000000757e00000| PB 0x0000000757e00000| Untracked 
| 704|0x0000000758000000, 0x0000000758000000, 0x0000000758200000|  0%| F|  |TAMS 0x0000000758000000| PB 0x0000000758000000| Untracked 
| 705|0x0000000758200000, 0x0000000758200000, 0x0000000758400000|  0%| F|  |TAMS 0x0000000758200000| PB 0x0000000758200000| Untracked 
| 706|0x0000000758400000, 0x0000000758400000, 0x0000000758600000|  0%| F|  |TAMS 0x0000000758400000| PB 0x0000000758400000| Untracked 
| 707|0x0000000758600000, 0x0000000758600000, 0x0000000758800000|  0%| F|  |TAMS 0x0000000758600000| PB 0x0000000758600000| Untracked 
| 708|0x0000000758800000, 0x0000000758800000, 0x0000000758a00000|  0%| F|  |TAMS 0x0000000758800000| PB 0x0000000758800000| Untracked 
| 709|0x0000000758a00000, 0x0000000758a00000, 0x0000000758c00000|  0%| F|  |TAMS 0x0000000758a00000| PB 0x0000000758a00000| Untracked 
| 710|0x0000000758c00000, 0x0000000758c00000, 0x0000000758e00000|  0%| F|  |TAMS 0x0000000758c00000| PB 0x0000000758c00000| Untracked 
| 711|0x0000000758e00000, 0x0000000758e00000, 0x0000000759000000|  0%| F|  |TAMS 0x0000000758e00000| PB 0x0000000758e00000| Untracked 
| 712|0x0000000759000000, 0x0000000759000000, 0x0000000759200000|  0%| F|  |TAMS 0x0000000759000000| PB 0x0000000759000000| Untracked 
| 713|0x0000000759200000, 0x0000000759200000, 0x0000000759400000|  0%| F|  |TAMS 0x0000000759200000| PB 0x0000000759200000| Untracked 
| 714|0x0000000759400000, 0x0000000759400000, 0x0000000759600000|  0%| F|  |TAMS 0x0000000759400000| PB 0x0000000759400000| Untracked 
| 715|0x0000000759600000, 0x0000000759600000, 0x0000000759800000|  0%| F|  |TAMS 0x0000000759600000| PB 0x0000000759600000| Untracked 
| 716|0x0000000759800000, 0x0000000759800000, 0x0000000759a00000|  0%| F|  |TAMS 0x0000000759800000| PB 0x0000000759800000| Untracked 
| 717|0x0000000759a00000, 0x0000000759a00000, 0x0000000759c00000|  0%| F|  |TAMS 0x0000000759a00000| PB 0x0000000759a00000| Untracked 
| 718|0x0000000759c00000, 0x0000000759c00000, 0x0000000759e00000|  0%| F|  |TAMS 0x0000000759c00000| PB 0x0000000759c00000| Untracked 
| 719|0x0000000759e00000, 0x0000000759e00000, 0x000000075a000000|  0%| F|  |TAMS 0x0000000759e00000| PB 0x0000000759e00000| Untracked 
| 720|0x000000075a000000, 0x000000075a000000, 0x000000075a200000|  0%| F|  |TAMS 0x000000075a000000| PB 0x000000075a000000| Untracked 
| 721|0x000000075a200000, 0x000000075a200000, 0x000000075a400000|  0%| F|  |TAMS 0x000000075a200000| PB 0x000000075a200000| Untracked 
| 722|0x000000075a400000, 0x000000075a400000, 0x000000075a600000|  0%| F|  |TAMS 0x000000075a400000| PB 0x000000075a400000| Untracked 
| 723|0x000000075a600000, 0x000000075a600000, 0x000000075a800000|  0%| F|  |TAMS 0x000000075a600000| PB 0x000000075a600000| Untracked 
| 724|0x000000075a800000, 0x000000075a800000, 0x000000075aa00000|  0%| F|  |TAMS 0x000000075a800000| PB 0x000000075a800000| Untracked 
| 725|0x000000075aa00000, 0x000000075aa00000, 0x000000075ac00000|  0%| F|  |TAMS 0x000000075aa00000| PB 0x000000075aa00000| Untracked 
| 726|0x000000075ac00000, 0x000000075ac00000, 0x000000075ae00000|  0%| F|  |TAMS 0x000000075ac00000| PB 0x000000075ac00000| Untracked 
| 727|0x000000075ae00000, 0x000000075ae00000, 0x000000075b000000|  0%| F|  |TAMS 0x000000075ae00000| PB 0x000000075ae00000| Untracked 
| 728|0x000000075b000000, 0x000000075b000000, 0x000000075b200000|  0%| F|  |TAMS 0x000000075b000000| PB 0x000000075b000000| Untracked 
| 729|0x000000075b200000, 0x000000075b200000, 0x000000075b400000|  0%| F|  |TAMS 0x000000075b200000| PB 0x000000075b200000| Untracked 
| 730|0x000000075b400000, 0x000000075b400000, 0x000000075b600000|  0%| F|  |TAMS 0x000000075b400000| PB 0x000000075b400000| Untracked 
| 731|0x000000075b600000, 0x000000075b600000, 0x000000075b800000|  0%| F|  |TAMS 0x000000075b600000| PB 0x000000075b600000| Untracked 
| 732|0x000000075b800000, 0x000000075b800000, 0x000000075ba00000|  0%| F|  |TAMS 0x000000075b800000| PB 0x000000075b800000| Untracked 
| 733|0x000000075ba00000, 0x000000075ba00000, 0x000000075bc00000|  0%| F|  |TAMS 0x000000075ba00000| PB 0x000000075ba00000| Untracked 
| 734|0x000000075bc00000, 0x000000075bc00000, 0x000000075be00000|  0%| F|  |TAMS 0x000000075bc00000| PB 0x000000075bc00000| Untracked 
| 735|0x000000075be00000, 0x000000075be00000, 0x000000075c000000|  0%| F|  |TAMS 0x000000075be00000| PB 0x000000075be00000| Untracked 
| 736|0x000000075c000000, 0x000000075c000000, 0x000000075c200000|  0%| F|  |TAMS 0x000000075c000000| PB 0x000000075c000000| Untracked 
| 737|0x000000075c200000, 0x000000075c200000, 0x000000075c400000|  0%| F|  |TAMS 0x000000075c200000| PB 0x000000075c200000| Untracked 
| 738|0x000000075c400000, 0x000000075c400000, 0x000000075c600000|  0%| F|  |TAMS 0x000000075c400000| PB 0x000000075c400000| Untracked 
| 739|0x000000075c600000, 0x000000075c600000, 0x000000075c800000|  0%| F|  |TAMS 0x000000075c600000| PB 0x000000075c600000| Untracked 
| 740|0x000000075c800000, 0x000000075c800000, 0x000000075ca00000|  0%| F|  |TAMS 0x000000075c800000| PB 0x000000075c800000| Untracked 
| 741|0x000000075ca00000, 0x000000075ca00000, 0x000000075cc00000|  0%| F|  |TAMS 0x000000075ca00000| PB 0x000000075ca00000| Untracked 
| 742|0x000000075cc00000, 0x000000075cc00000, 0x000000075ce00000|  0%| F|  |TAMS 0x000000075cc00000| PB 0x000000075cc00000| Untracked 
| 743|0x000000075ce00000, 0x000000075ce00000, 0x000000075d000000|  0%| F|  |TAMS 0x000000075ce00000| PB 0x000000075ce00000| Untracked 
| 744|0x000000075d000000, 0x000000075d000000, 0x000000075d200000|  0%| F|  |TAMS 0x000000075d000000| PB 0x000000075d000000| Untracked 
| 745|0x000000075d200000, 0x000000075d200000, 0x000000075d400000|  0%| F|  |TAMS 0x000000075d200000| PB 0x000000075d200000| Untracked 
| 746|0x000000075d400000, 0x000000075d400000, 0x000000075d600000|  0%| F|  |TAMS 0x000000075d400000| PB 0x000000075d400000| Untracked 
| 747|0x000000075d600000, 0x000000075d600000, 0x000000075d800000|  0%| F|  |TAMS 0x000000075d600000| PB 0x000000075d600000| Untracked 
| 748|0x000000075d800000, 0x000000075d800000, 0x000000075da00000|  0%| F|  |TAMS 0x000000075d800000| PB 0x000000075d800000| Untracked 
| 749|0x000000075da00000, 0x000000075da00000, 0x000000075dc00000|  0%| F|  |TAMS 0x000000075da00000| PB 0x000000075da00000| Untracked 
| 750|0x000000075dc00000, 0x000000075dc00000, 0x000000075de00000|  0%| F|  |TAMS 0x000000075dc00000| PB 0x000000075dc00000| Untracked 
| 751|0x000000075de00000, 0x000000075de00000, 0x000000075e000000|  0%| F|  |TAMS 0x000000075de00000| PB 0x000000075de00000| Untracked 
| 752|0x000000075e000000, 0x000000075e000000, 0x000000075e200000|  0%| F|  |TAMS 0x000000075e000000| PB 0x000000075e000000| Untracked 
| 753|0x000000075e200000, 0x000000075e200000, 0x000000075e400000|  0%| F|  |TAMS 0x000000075e200000| PB 0x000000075e200000| Untracked 
| 754|0x000000075e400000, 0x000000075e400000, 0x000000075e600000|  0%| F|  |TAMS 0x000000075e400000| PB 0x000000075e400000| Untracked 
| 755|0x000000075e600000, 0x000000075e600000, 0x000000075e800000|  0%| F|  |TAMS 0x000000075e600000| PB 0x000000075e600000| Untracked 
| 756|0x000000075e800000, 0x000000075e800000, 0x000000075ea00000|  0%| F|  |TAMS 0x000000075e800000| PB 0x000000075e800000| Untracked 
| 757|0x000000075ea00000, 0x000000075ea00000, 0x000000075ec00000|  0%| F|  |TAMS 0x000000075ea00000| PB 0x000000075ea00000| Untracked 
| 758|0x000000075ec00000, 0x000000075ec00000, 0x000000075ee00000|  0%| F|  |TAMS 0x000000075ec00000| PB 0x000000075ec00000| Untracked 
| 759|0x000000075ee00000, 0x000000075ee00000, 0x000000075f000000|  0%| F|  |TAMS 0x000000075ee00000| PB 0x000000075ee00000| Untracked 
| 760|0x000000075f000000, 0x000000075f000000, 0x000000075f200000|  0%| F|  |TAMS 0x000000075f000000| PB 0x000000075f000000| Untracked 
| 761|0x000000075f200000, 0x000000075f200000, 0x000000075f400000|  0%| F|  |TAMS 0x000000075f200000| PB 0x000000075f200000| Untracked 
| 762|0x000000075f400000, 0x000000075f400000, 0x000000075f600000|  0%| F|  |TAMS 0x000000075f400000| PB 0x000000075f400000| Untracked 
| 763|0x000000075f600000, 0x000000075f600000, 0x000000075f800000|  0%| F|  |TAMS 0x000000075f600000| PB 0x000000075f600000| Untracked 
| 764|0x000000075f800000, 0x000000075f800000, 0x000000075fa00000|  0%| F|  |TAMS 0x000000075f800000| PB 0x000000075f800000| Untracked 
| 765|0x000000075fa00000, 0x000000075fa00000, 0x000000075fc00000|  0%| F|  |TAMS 0x000000075fa00000| PB 0x000000075fa00000| Untracked 
| 766|0x000000075fc00000, 0x000000075fc00000, 0x000000075fe00000|  0%| F|  |TAMS 0x000000075fc00000| PB 0x000000075fc00000| Untracked 
| 767|0x000000075fe00000, 0x000000075fe00000, 0x0000000760000000|  0%| F|  |TAMS 0x000000075fe00000| PB 0x000000075fe00000| Untracked 
| 768|0x0000000760000000, 0x0000000760000000, 0x0000000760200000|  0%| F|  |TAMS 0x0000000760000000| PB 0x0000000760000000| Untracked 
| 769|0x0000000760200000, 0x0000000760200000, 0x0000000760400000|  0%| F|  |TAMS 0x0000000760200000| PB 0x0000000760200000| Untracked 
| 770|0x0000000760400000, 0x0000000760400000, 0x0000000760600000|  0%| F|  |TAMS 0x0000000760400000| PB 0x0000000760400000| Untracked 
| 771|0x0000000760600000, 0x0000000760600000, 0x0000000760800000|  0%| F|  |TAMS 0x0000000760600000| PB 0x0000000760600000| Untracked 
| 772|0x0000000760800000, 0x0000000760800000, 0x0000000760a00000|  0%| F|  |TAMS 0x0000000760800000| PB 0x0000000760800000| Untracked 
| 773|0x0000000760a00000, 0x0000000760a00000, 0x0000000760c00000|  0%| F|  |TAMS 0x0000000760a00000| PB 0x0000000760a00000| Untracked 
| 774|0x0000000760c00000, 0x0000000760c00000, 0x0000000760e00000|  0%| F|  |TAMS 0x0000000760c00000| PB 0x0000000760c00000| Untracked 
| 775|0x0000000760e00000, 0x0000000760e00000, 0x0000000761000000|  0%| F|  |TAMS 0x0000000760e00000| PB 0x0000000760e00000| Untracked 
| 776|0x0000000761000000, 0x0000000761000000, 0x0000000761200000|  0%| F|  |TAMS 0x0000000761000000| PB 0x0000000761000000| Untracked 
| 777|0x0000000761200000, 0x0000000761200000, 0x0000000761400000|  0%| F|  |TAMS 0x0000000761200000| PB 0x0000000761200000| Untracked 
| 778|0x0000000761400000, 0x0000000761400000, 0x0000000761600000|  0%| F|  |TAMS 0x0000000761400000| PB 0x0000000761400000| Untracked 
| 779|0x0000000761600000, 0x0000000761600000, 0x0000000761800000|  0%| F|  |TAMS 0x0000000761600000| PB 0x0000000761600000| Untracked 
| 780|0x0000000761800000, 0x0000000761800000, 0x0000000761a00000|  0%| F|  |TAMS 0x0000000761800000| PB 0x0000000761800000| Untracked 
| 781|0x0000000761a00000, 0x0000000761a00000, 0x0000000761c00000|  0%| F|  |TAMS 0x0000000761a00000| PB 0x0000000761a00000| Untracked 
| 782|0x0000000761c00000, 0x0000000761c00000, 0x0000000761e00000|  0%| F|  |TAMS 0x0000000761c00000| PB 0x0000000761c00000| Untracked 
| 783|0x0000000761e00000, 0x0000000761e00000, 0x0000000762000000|  0%| F|  |TAMS 0x0000000761e00000| PB 0x0000000761e00000| Untracked 
| 784|0x0000000762000000, 0x0000000762000000, 0x0000000762200000|  0%| F|  |TAMS 0x0000000762000000| PB 0x0000000762000000| Untracked 
| 785|0x0000000762200000, 0x0000000762200000, 0x0000000762400000|  0%| F|  |TAMS 0x0000000762200000| PB 0x0000000762200000| Untracked 
| 786|0x0000000762400000, 0x0000000762400000, 0x0000000762600000|  0%| F|  |TAMS 0x0000000762400000| PB 0x0000000762400000| Untracked 
| 787|0x0000000762600000, 0x0000000762600000, 0x0000000762800000|  0%| F|  |TAMS 0x0000000762600000| PB 0x0000000762600000| Untracked 
| 788|0x0000000762800000, 0x0000000762800000, 0x0000000762a00000|  0%| F|  |TAMS 0x0000000762800000| PB 0x0000000762800000| Untracked 
| 789|0x0000000762a00000, 0x0000000762a00000, 0x0000000762c00000|  0%| F|  |TAMS 0x0000000762a00000| PB 0x0000000762a00000| Untracked 
| 790|0x0000000762c00000, 0x0000000762c00000, 0x0000000762e00000|  0%| F|  |TAMS 0x0000000762c00000| PB 0x0000000762c00000| Untracked 
| 791|0x0000000762e00000, 0x0000000762e00000, 0x0000000763000000|  0%| F|  |TAMS 0x0000000762e00000| PB 0x0000000762e00000| Untracked 
| 792|0x0000000763000000, 0x0000000763000000, 0x0000000763200000|  0%| F|  |TAMS 0x0000000763000000| PB 0x0000000763000000| Untracked 
| 793|0x0000000763200000, 0x0000000763200000, 0x0000000763400000|  0%| F|  |TAMS 0x0000000763200000| PB 0x0000000763200000| Untracked 
| 794|0x0000000763400000, 0x0000000763400000, 0x0000000763600000|  0%| F|  |TAMS 0x0000000763400000| PB 0x0000000763400000| Untracked 
| 795|0x0000000763600000, 0x0000000763600000, 0x0000000763800000|  0%| F|  |TAMS 0x0000000763600000| PB 0x0000000763600000| Untracked 
| 796|0x0000000763800000, 0x0000000763800000, 0x0000000763a00000|  0%| F|  |TAMS 0x0000000763800000| PB 0x0000000763800000| Untracked 
| 797|0x0000000763a00000, 0x0000000763a00000, 0x0000000763c00000|  0%| F|  |TAMS 0x0000000763a00000| PB 0x0000000763a00000| Untracked 
| 798|0x0000000763c00000, 0x0000000763c00000, 0x0000000763e00000|  0%| F|  |TAMS 0x0000000763c00000| PB 0x0000000763c00000| Untracked 
| 799|0x0000000763e00000, 0x0000000763e00000, 0x0000000764000000|  0%| F|  |TAMS 0x0000000763e00000| PB 0x0000000763e00000| Untracked 
| 800|0x0000000764000000, 0x0000000764000000, 0x0000000764200000|  0%| F|  |TAMS 0x0000000764000000| PB 0x0000000764000000| Untracked 
| 801|0x0000000764200000, 0x0000000764200000, 0x0000000764400000|  0%| F|  |TAMS 0x0000000764200000| PB 0x0000000764200000| Untracked 
| 802|0x0000000764400000, 0x0000000764400000, 0x0000000764600000|  0%| F|  |TAMS 0x0000000764400000| PB 0x0000000764400000| Untracked 
| 803|0x0000000764600000, 0x0000000764600000, 0x0000000764800000|  0%| F|  |TAMS 0x0000000764600000| PB 0x0000000764600000| Untracked 
| 804|0x0000000764800000, 0x0000000764800000, 0x0000000764a00000|  0%| F|  |TAMS 0x0000000764800000| PB 0x0000000764800000| Untracked 
| 805|0x0000000764a00000, 0x0000000764a00000, 0x0000000764c00000|  0%| F|  |TAMS 0x0000000764a00000| PB 0x0000000764a00000| Untracked 
| 806|0x0000000764c00000, 0x0000000764c00000, 0x0000000764e00000|  0%| F|  |TAMS 0x0000000764c00000| PB 0x0000000764c00000| Untracked 
| 807|0x0000000764e00000, 0x0000000764e00000, 0x0000000765000000|  0%| F|  |TAMS 0x0000000764e00000| PB 0x0000000764e00000| Untracked 
| 808|0x0000000765000000, 0x0000000765000000, 0x0000000765200000|  0%| F|  |TAMS 0x0000000765000000| PB 0x0000000765000000| Untracked 
| 809|0x0000000765200000, 0x0000000765200000, 0x0000000765400000|  0%| F|  |TAMS 0x0000000765200000| PB 0x0000000765200000| Untracked 
| 810|0x0000000765400000, 0x0000000765400000, 0x0000000765600000|  0%| F|  |TAMS 0x0000000765400000| PB 0x0000000765400000| Untracked 
| 811|0x0000000765600000, 0x0000000765600000, 0x0000000765800000|  0%| F|  |TAMS 0x0000000765600000| PB 0x0000000765600000| Untracked 
| 812|0x0000000765800000, 0x0000000765800000, 0x0000000765a00000|  0%| F|  |TAMS 0x0000000765800000| PB 0x0000000765800000| Untracked 
| 813|0x0000000765a00000, 0x0000000765a00000, 0x0000000765c00000|  0%| F|  |TAMS 0x0000000765a00000| PB 0x0000000765a00000| Untracked 
| 814|0x0000000765c00000, 0x0000000765c00000, 0x0000000765e00000|  0%| F|  |TAMS 0x0000000765c00000| PB 0x0000000765c00000| Untracked 
| 815|0x0000000765e00000, 0x0000000765e00000, 0x0000000766000000|  0%| F|  |TAMS 0x0000000765e00000| PB 0x0000000765e00000| Untracked 
| 816|0x0000000766000000, 0x0000000766000000, 0x0000000766200000|  0%| F|  |TAMS 0x0000000766000000| PB 0x0000000766000000| Untracked 
| 817|0x0000000766200000, 0x0000000766200000, 0x0000000766400000|  0%| F|  |TAMS 0x0000000766200000| PB 0x0000000766200000| Untracked 
| 818|0x0000000766400000, 0x0000000766400000, 0x0000000766600000|  0%| F|  |TAMS 0x0000000766400000| PB 0x0000000766400000| Untracked 
| 819|0x0000000766600000, 0x0000000766600000, 0x0000000766800000|  0%| F|  |TAMS 0x0000000766600000| PB 0x0000000766600000| Untracked 
| 820|0x0000000766800000, 0x0000000766800000, 0x0000000766a00000|  0%| F|  |TAMS 0x0000000766800000| PB 0x0000000766800000| Untracked 
| 821|0x0000000766a00000, 0x0000000766a00000, 0x0000000766c00000|  0%| F|  |TAMS 0x0000000766a00000| PB 0x0000000766a00000| Untracked 
| 822|0x0000000766c00000, 0x0000000766c00000, 0x0000000766e00000|  0%| F|  |TAMS 0x0000000766c00000| PB 0x0000000766c00000| Untracked 
| 823|0x0000000766e00000, 0x0000000766e00000, 0x0000000767000000|  0%| F|  |TAMS 0x0000000766e00000| PB 0x0000000766e00000| Untracked 
| 824|0x0000000767000000, 0x0000000767000000, 0x0000000767200000|  0%| F|  |TAMS 0x0000000767000000| PB 0x0000000767000000| Untracked 
| 825|0x0000000767200000, 0x0000000767200000, 0x0000000767400000|  0%| F|  |TAMS 0x0000000767200000| PB 0x0000000767200000| Untracked 
| 826|0x0000000767400000, 0x0000000767400000, 0x0000000767600000|  0%| F|  |TAMS 0x0000000767400000| PB 0x0000000767400000| Untracked 
| 827|0x0000000767600000, 0x0000000767600000, 0x0000000767800000|  0%| F|  |TAMS 0x0000000767600000| PB 0x0000000767600000| Untracked 
| 828|0x0000000767800000, 0x0000000767800000, 0x0000000767a00000|  0%| F|  |TAMS 0x0000000767800000| PB 0x0000000767800000| Untracked 
| 829|0x0000000767a00000, 0x0000000767a00000, 0x0000000767c00000|  0%| F|  |TAMS 0x0000000767a00000| PB 0x0000000767a00000| Untracked 
| 830|0x0000000767c00000, 0x0000000767c00000, 0x0000000767e00000|  0%| F|  |TAMS 0x0000000767c00000| PB 0x0000000767c00000| Untracked 
| 831|0x0000000767e00000, 0x0000000767e00000, 0x0000000768000000|  0%| F|  |TAMS 0x0000000767e00000| PB 0x0000000767e00000| Untracked 
| 832|0x0000000768000000, 0x0000000768000000, 0x0000000768200000|  0%| F|  |TAMS 0x0000000768000000| PB 0x0000000768000000| Untracked 
| 833|0x0000000768200000, 0x0000000768200000, 0x0000000768400000|  0%| F|  |TAMS 0x0000000768200000| PB 0x0000000768200000| Untracked 
| 834|0x0000000768400000, 0x0000000768400000, 0x0000000768600000|  0%| F|  |TAMS 0x0000000768400000| PB 0x0000000768400000| Untracked 
| 835|0x0000000768600000, 0x0000000768600000, 0x0000000768800000|  0%| F|  |TAMS 0x0000000768600000| PB 0x0000000768600000| Untracked 
| 836|0x0000000768800000, 0x0000000768800000, 0x0000000768a00000|  0%| F|  |TAMS 0x0000000768800000| PB 0x0000000768800000| Untracked 
| 837|0x0000000768a00000, 0x0000000768a00000, 0x0000000768c00000|  0%| F|  |TAMS 0x0000000768a00000| PB 0x0000000768a00000| Untracked 
| 838|0x0000000768c00000, 0x0000000768c00000, 0x0000000768e00000|  0%| F|  |TAMS 0x0000000768c00000| PB 0x0000000768c00000| Untracked 
| 839|0x0000000768e00000, 0x0000000768e00000, 0x0000000769000000|  0%| F|  |TAMS 0x0000000768e00000| PB 0x0000000768e00000| Untracked 
| 840|0x0000000769000000, 0x0000000769000000, 0x0000000769200000|  0%| F|  |TAMS 0x0000000769000000| PB 0x0000000769000000| Untracked 
| 841|0x0000000769200000, 0x0000000769200000, 0x0000000769400000|  0%| F|  |TAMS 0x0000000769200000| PB 0x0000000769200000| Untracked 
| 842|0x0000000769400000, 0x0000000769400000, 0x0000000769600000|  0%| F|  |TAMS 0x0000000769400000| PB 0x0000000769400000| Untracked 
| 843|0x0000000769600000, 0x0000000769600000, 0x0000000769800000|  0%| F|  |TAMS 0x0000000769600000| PB 0x0000000769600000| Untracked 
| 844|0x0000000769800000, 0x0000000769800000, 0x0000000769a00000|  0%| F|  |TAMS 0x0000000769800000| PB 0x0000000769800000| Untracked 
| 845|0x0000000769a00000, 0x0000000769a00000, 0x0000000769c00000|  0%| F|  |TAMS 0x0000000769a00000| PB 0x0000000769a00000| Untracked 
| 846|0x0000000769c00000, 0x0000000769c00000, 0x0000000769e00000|  0%| F|  |TAMS 0x0000000769c00000| PB 0x0000000769c00000| Untracked 
| 847|0x0000000769e00000, 0x0000000769e00000, 0x000000076a000000|  0%| F|  |TAMS 0x0000000769e00000| PB 0x0000000769e00000| Untracked 
| 848|0x000000076a000000, 0x000000076a000000, 0x000000076a200000|  0%| F|  |TAMS 0x000000076a000000| PB 0x000000076a000000| Untracked 
| 849|0x000000076a200000, 0x000000076a200000, 0x000000076a400000|  0%| F|  |TAMS 0x000000076a200000| PB 0x000000076a200000| Untracked 
| 850|0x000000076a400000, 0x000000076a400000, 0x000000076a600000|  0%| F|  |TAMS 0x000000076a400000| PB 0x000000076a400000| Untracked 
| 851|0x000000076a600000, 0x000000076a600000, 0x000000076a800000|  0%| F|  |TAMS 0x000000076a600000| PB 0x000000076a600000| Untracked 
| 852|0x000000076a800000, 0x000000076a800000, 0x000000076aa00000|  0%| F|  |TAMS 0x000000076a800000| PB 0x000000076a800000| Untracked 
| 853|0x000000076aa00000, 0x000000076aa00000, 0x000000076ac00000|  0%| F|  |TAMS 0x000000076aa00000| PB 0x000000076aa00000| Untracked 
| 854|0x000000076ac00000, 0x000000076ac00000, 0x000000076ae00000|  0%| F|  |TAMS 0x000000076ac00000| PB 0x000000076ac00000| Untracked 
| 855|0x000000076ae00000, 0x000000076ae00000, 0x000000076b000000|  0%| F|  |TAMS 0x000000076ae00000| PB 0x000000076ae00000| Untracked 
| 856|0x000000076b000000, 0x000000076b000000, 0x000000076b200000|  0%| F|  |TAMS 0x000000076b000000| PB 0x000000076b000000| Untracked 
| 857|0x000000076b200000, 0x000000076b200000, 0x000000076b400000|  0%| F|  |TAMS 0x000000076b200000| PB 0x000000076b200000| Untracked 
| 858|0x000000076b400000, 0x000000076b400000, 0x000000076b600000|  0%| F|  |TAMS 0x000000076b400000| PB 0x000000076b400000| Untracked 
| 859|0x000000076b600000, 0x000000076b600000, 0x000000076b800000|  0%| F|  |TAMS 0x000000076b600000| PB 0x000000076b600000| Untracked 
| 860|0x000000076b800000, 0x000000076b800000, 0x000000076ba00000|  0%| F|  |TAMS 0x000000076b800000| PB 0x000000076b800000| Untracked 
| 861|0x000000076ba00000, 0x000000076ba00000, 0x000000076bc00000|  0%| F|  |TAMS 0x000000076ba00000| PB 0x000000076ba00000| Untracked 
| 862|0x000000076bc00000, 0x000000076bc00000, 0x000000076be00000|  0%| F|  |TAMS 0x000000076bc00000| PB 0x000000076bc00000| Untracked 
| 863|0x000000076be00000, 0x000000076be00000, 0x000000076c000000|  0%| F|  |TAMS 0x000000076be00000| PB 0x000000076be00000| Untracked 
| 864|0x000000076c000000, 0x000000076c000000, 0x000000076c200000|  0%| F|  |TAMS 0x000000076c000000| PB 0x000000076c000000| Untracked 
| 865|0x000000076c200000, 0x000000076c200000, 0x000000076c400000|  0%| F|  |TAMS 0x000000076c200000| PB 0x000000076c200000| Untracked 
| 866|0x000000076c400000, 0x000000076c400000, 0x000000076c600000|  0%| F|  |TAMS 0x000000076c400000| PB 0x000000076c400000| Untracked 
| 867|0x000000076c600000, 0x000000076c600000, 0x000000076c800000|  0%| F|  |TAMS 0x000000076c600000| PB 0x000000076c600000| Untracked 
| 868|0x000000076c800000, 0x000000076c800000, 0x000000076ca00000|  0%| F|  |TAMS 0x000000076c800000| PB 0x000000076c800000| Untracked 
| 869|0x000000076ca00000, 0x000000076ca00000, 0x000000076cc00000|  0%| F|  |TAMS 0x000000076ca00000| PB 0x000000076ca00000| Untracked 
| 870|0x000000076cc00000, 0x000000076cc00000, 0x000000076ce00000|  0%| F|  |TAMS 0x000000076cc00000| PB 0x000000076cc00000| Untracked 
| 871|0x000000076ce00000, 0x000000076ce00000, 0x000000076d000000|  0%| F|  |TAMS 0x000000076ce00000| PB 0x000000076ce00000| Untracked 
| 872|0x000000076d000000, 0x000000076d0eeba8, 0x000000076d200000| 46%| E|  |TAMS 0x000000076d000000| PB 0x000000076d000000| Complete 
| 873|0x000000076d200000, 0x000000076d400000, 0x000000076d400000|100%| E|CS|TAMS 0x000000076d200000| PB 0x000000076d200000| Complete 
| 874|0x000000076d400000, 0x000000076d600000, 0x000000076d600000|100%| E|CS|TAMS 0x000000076d400000| PB 0x000000076d400000| Complete 
| 875|0x000000076d600000, 0x000000076d800000, 0x000000076d800000|100%| E|CS|TAMS 0x000000076d600000| PB 0x000000076d600000| Complete 
| 876|0x000000076d800000, 0x000000076da00000, 0x000000076da00000|100%| E|CS|TAMS 0x000000076d800000| PB 0x000000076d800000| Complete 
| 877|0x000000076da00000, 0x000000076dc00000, 0x000000076dc00000|100%| E|CS|TAMS 0x000000076da00000| PB 0x000000076da00000| Complete 
| 878|0x000000076dc00000, 0x000000076de00000, 0x000000076de00000|100%| E|CS|TAMS 0x000000076dc00000| PB 0x000000076dc00000| Complete 
| 879|0x000000076de00000, 0x000000076e000000, 0x000000076e000000|100%| E|CS|TAMS 0x000000076de00000| PB 0x000000076de00000| Complete 
| 880|0x000000076e000000, 0x000000076e200000, 0x000000076e200000|100%| E|CS|TAMS 0x000000076e000000| PB 0x000000076e000000| Complete 
| 881|0x000000076e200000, 0x000000076e400000, 0x000000076e400000|100%| E|CS|TAMS 0x000000076e200000| PB 0x000000076e200000| Complete 
| 882|0x000000076e400000, 0x000000076e600000, 0x000000076e600000|100%| E|CS|TAMS 0x000000076e400000| PB 0x000000076e400000| Complete 
| 883|0x000000076e600000, 0x000000076e800000, 0x000000076e800000|100%| E|CS|TAMS 0x000000076e600000| PB 0x000000076e600000| Complete 
| 884|0x000000076e800000, 0x000000076ea00000, 0x000000076ea00000|100%| E|CS|TAMS 0x000000076e800000| PB 0x000000076e800000| Complete 
| 885|0x000000076ea00000, 0x000000076ec00000, 0x000000076ec00000|100%| E|CS|TAMS 0x000000076ea00000| PB 0x000000076ea00000| Complete 
| 886|0x000000076ec00000, 0x000000076ee00000, 0x000000076ee00000|100%| E|  |TAMS 0x000000076ec00000| PB 0x000000076ec00000| Complete 
| 887|0x000000076ee00000, 0x000000076f000000, 0x000000076f000000|100%| E|CS|TAMS 0x000000076ee00000| PB 0x000000076ee00000| Complete 
| 888|0x000000076f000000, 0x000000076f200000, 0x000000076f200000|100%| E|CS|TAMS 0x000000076f000000| PB 0x000000076f000000| Complete 
| 889|0x000000076f200000, 0x000000076f400000, 0x000000076f400000|100%| E|CS|TAMS 0x000000076f200000| PB 0x000000076f200000| Complete 
| 890|0x000000076f400000, 0x000000076f600000, 0x000000076f600000|100%| E|CS|TAMS 0x000000076f400000| PB 0x000000076f400000| Complete 
| 891|0x000000076f600000, 0x000000076f800000, 0x000000076f800000|100%| E|CS|TAMS 0x000000076f600000| PB 0x000000076f600000| Complete 
| 892|0x000000076f800000, 0x000000076fa00000, 0x000000076fa00000|100%| E|CS|TAMS 0x000000076f800000| PB 0x000000076f800000| Complete 
| 893|0x000000076fa00000, 0x000000076fc00000, 0x000000076fc00000|100%| E|CS|TAMS 0x000000076fa00000| PB 0x000000076fa00000| Complete 
| 894|0x000000076fc00000, 0x000000076fe00000, 0x000000076fe00000|100%| E|CS|TAMS 0x000000076fc00000| PB 0x000000076fc00000| Complete 
| 895|0x000000076fe00000, 0x0000000770000000, 0x0000000770000000|100%| E|CS|TAMS 0x000000076fe00000| PB 0x000000076fe00000| Complete 
| 896|0x0000000770000000, 0x0000000770200000, 0x0000000770200000|100%| E|CS|TAMS 0x0000000770000000| PB 0x0000000770000000| Complete 
| 897|0x0000000770200000, 0x0000000770400000, 0x0000000770400000|100%| E|CS|TAMS 0x0000000770200000| PB 0x0000000770200000| Complete 
| 898|0x0000000770400000, 0x0000000770600000, 0x0000000770600000|100%| E|CS|TAMS 0x0000000770400000| PB 0x0000000770400000| Complete 
| 899|0x0000000770600000, 0x0000000770800000, 0x0000000770800000|100%| E|CS|TAMS 0x0000000770600000| PB 0x0000000770600000| Complete 
| 900|0x0000000770800000, 0x0000000770a00000, 0x0000000770a00000|100%| E|CS|TAMS 0x0000000770800000| PB 0x0000000770800000| Complete 
| 901|0x0000000770a00000, 0x0000000770c00000, 0x0000000770c00000|100%| E|CS|TAMS 0x0000000770a00000| PB 0x0000000770a00000| Complete 
| 902|0x0000000770c00000, 0x0000000770e00000, 0x0000000770e00000|100%| E|CS|TAMS 0x0000000770c00000| PB 0x0000000770c00000| Complete 
| 903|0x0000000770e00000, 0x0000000771000000, 0x0000000771000000|100%| E|CS|TAMS 0x0000000770e00000| PB 0x0000000770e00000| Complete 
| 904|0x0000000771000000, 0x0000000771200000, 0x0000000771200000|100%| E|CS|TAMS 0x0000000771000000| PB 0x0000000771000000| Complete 
| 905|0x0000000771200000, 0x0000000771400000, 0x0000000771400000|100%| E|CS|TAMS 0x0000000771200000| PB 0x0000000771200000| Complete 
| 906|0x0000000771400000, 0x0000000771600000, 0x0000000771600000|100%| E|CS|TAMS 0x0000000771400000| PB 0x0000000771400000| Complete 
| 907|0x0000000771600000, 0x0000000771800000, 0x0000000771800000|100%| E|CS|TAMS 0x0000000771600000| PB 0x0000000771600000| Complete 
| 908|0x0000000771800000, 0x0000000771a00000, 0x0000000771a00000|100%| E|CS|TAMS 0x0000000771800000| PB 0x0000000771800000| Complete 
| 909|0x0000000771a00000, 0x0000000771c00000, 0x0000000771c00000|100%| E|CS|TAMS 0x0000000771a00000| PB 0x0000000771a00000| Complete 
| 910|0x0000000771c00000, 0x0000000771e00000, 0x0000000771e00000|100%| E|CS|TAMS 0x0000000771c00000| PB 0x0000000771c00000| Complete 
| 911|0x0000000771e00000, 0x0000000772000000, 0x0000000772000000|100%| E|CS|TAMS 0x0000000771e00000| PB 0x0000000771e00000| Complete 
| 912|0x0000000772000000, 0x0000000772200000, 0x0000000772200000|100%| E|CS|TAMS 0x0000000772000000| PB 0x0000000772000000| Complete 
| 913|0x0000000772200000, 0x0000000772400000, 0x0000000772400000|100%| E|CS|TAMS 0x0000000772200000| PB 0x0000000772200000| Complete 
| 914|0x0000000772400000, 0x0000000772600000, 0x0000000772600000|100%| E|CS|TAMS 0x0000000772400000| PB 0x0000000772400000| Complete 
| 915|0x0000000772600000, 0x0000000772800000, 0x0000000772800000|100%| E|CS|TAMS 0x0000000772600000| PB 0x0000000772600000| Complete 
| 916|0x0000000772800000, 0x0000000772a00000, 0x0000000772a00000|100%| E|CS|TAMS 0x0000000772800000| PB 0x0000000772800000| Complete 
| 917|0x0000000772a00000, 0x0000000772bab770, 0x0000000772c00000| 83%| S|CS|TAMS 0x0000000772a00000| PB 0x0000000772a00000| Complete 
| 918|0x0000000772c00000, 0x0000000772e00000, 0x0000000772e00000|100%| S|CS|TAMS 0x0000000772c00000| PB 0x0000000772c00000| Complete 
| 919|0x0000000772e00000, 0x0000000773000000, 0x0000000773000000|100%| S|CS|TAMS 0x0000000772e00000| PB 0x0000000772e00000| Complete 
| 920|0x0000000773000000, 0x0000000773200000, 0x0000000773200000|100%| S|CS|TAMS 0x0000000773000000| PB 0x0000000773000000| Complete 
| 921|0x0000000773200000, 0x0000000773400000, 0x0000000773400000|100%| E|CS|TAMS 0x0000000773200000| PB 0x0000000773200000| Complete 
| 922|0x0000000773400000, 0x0000000773600000, 0x0000000773600000|100%| E|CS|TAMS 0x0000000773400000| PB 0x0000000773400000| Complete 
| 923|0x0000000773600000, 0x0000000773800000, 0x0000000773800000|100%| E|CS|TAMS 0x0000000773600000| PB 0x0000000773600000| Complete 
| 924|0x0000000773800000, 0x0000000773a00000, 0x0000000773a00000|100%| E|CS|TAMS 0x0000000773800000| PB 0x0000000773800000| Complete 
| 925|0x0000000773a00000, 0x0000000773c00000, 0x0000000773c00000|100%| E|CS|TAMS 0x0000000773a00000| PB 0x0000000773a00000| Complete 
| 926|0x0000000773c00000, 0x0000000773e00000, 0x0000000773e00000|100%| E|CS|TAMS 0x0000000773c00000| PB 0x0000000773c00000| Complete 
| 927|0x0000000773e00000, 0x0000000774000000, 0x0000000774000000|100%| E|CS|TAMS 0x0000000773e00000| PB 0x0000000773e00000| Complete 
| 928|0x0000000774000000, 0x0000000774200000, 0x0000000774200000|100%| E|CS|TAMS 0x0000000774000000| PB 0x0000000774000000| Complete 
| 929|0x0000000774200000, 0x0000000774400000, 0x0000000774400000|100%| E|CS|TAMS 0x0000000774200000| PB 0x0000000774200000| Complete 
| 930|0x0000000774400000, 0x0000000774600000, 0x0000000774600000|100%| E|CS|TAMS 0x0000000774400000| PB 0x0000000774400000| Complete 
| 931|0x0000000774600000, 0x0000000774800000, 0x0000000774800000|100%| E|CS|TAMS 0x0000000774600000| PB 0x0000000774600000| Complete 
| 932|0x0000000774800000, 0x0000000774a00000, 0x0000000774a00000|100%| E|CS|TAMS 0x0000000774800000| PB 0x0000000774800000| Complete 
| 933|0x0000000774a00000, 0x0000000774c00000, 0x0000000774c00000|100%| E|CS|TAMS 0x0000000774a00000| PB 0x0000000774a00000| Complete 
|1180|0x0000000793800000, 0x0000000793a00000, 0x0000000793a00000|100%| E|CS|TAMS 0x0000000793800000| PB 0x0000000793800000| Complete 
|1181|0x0000000793a00000, 0x0000000793c00000, 0x0000000793c00000|100%| E|CS|TAMS 0x0000000793a00000| PB 0x0000000793a00000| Complete 
|1182|0x0000000793c00000, 0x0000000793e00000, 0x0000000793e00000|100%| E|CS|TAMS 0x0000000793c00000| PB 0x0000000793c00000| Complete 
|1183|0x0000000793e00000, 0x0000000794000000, 0x0000000794000000|100%| E|CS|TAMS 0x0000000793e00000| PB 0x0000000793e00000| Complete 
|1184|0x0000000794000000, 0x0000000794200000, 0x0000000794200000|100%| E|CS|TAMS 0x0000000794000000| PB 0x0000000794000000| Complete 
|1185|0x0000000794200000, 0x0000000794400000, 0x0000000794400000|100%| E|CS|TAMS 0x0000000794200000| PB 0x0000000794200000| Complete 
|2029|0x00000007fda00000, 0x00000007fdc00000, 0x00000007fdc00000|100%| O|  |TAMS 0x00000007fda00000| PB 0x00000007fda00000| Untracked 
|2035|0x00000007fe600000, 0x00000007fe800000, 0x00000007fe800000|100%| O|  |TAMS 0x00000007fe600000| PB 0x00000007fe600000| Untracked 
|2036|0x00000007fe800000, 0x00000007fea00000, 0x00000007fea00000|100%| O|  |TAMS 0x00000007fe800000| PB 0x00000007fe800000| Untracked 
|2040|0x00000007ff000000, 0x00000007ff200000, 0x00000007ff200000|100%| O|  |TAMS 0x00000007ff000000| PB 0x00000007ff000000| Untracked 
|2042|0x00000007ff400000, 0x00000007ff600000, 0x00000007ff600000|100%| O|  |TAMS 0x00000007ff400000| PB 0x00000007ff400000| Untracked 
|2043|0x00000007ff600000, 0x00000007ff800000, 0x00000007ff800000|100%| E|CS|TAMS 0x00000007ff600000| PB 0x00000007ff600000| Complete 
|2044|0x00000007ff800000, 0x00000007ffa00000, 0x00000007ffa00000|100%| O|  |TAMS 0x00000007ff800000| PB 0x00000007ff800000| Untracked 
|2045|0x00000007ffa00000, 0x00000007ffc00000, 0x00000007ffc00000|100%| O|  |TAMS 0x00000007ffa00000| PB 0x00000007ffa00000| Untracked 
|2046|0x00000007ffc00000, 0x00000007ffe00000, 0x00000007ffe00000|100%| O|  |TAMS 0x00000007ffc00000| PB 0x00000007ffc00000| Untracked 
|2047|0x00000007ffe00000, 0x0000000800000000, 0x0000000800000000|100%| O|  |TAMS 0x00000007ffe00000| PB 0x00000007ffe00000| Untracked 

Card table byte_map: [0x00000137e5680000,0x00000137e5e80000] _byte_map_base: 0x00000137e1e80000

Marking Bits: (CMBitMap*) 0x00000137d2878120
 Bits: [0x00000137e5e80000, 0x00000137e9e80000)

Polling page: 0x00000137d0360000

Metaspace:

Usage:
  Non-class:    281.03 MB used.
      Class:     42.18 MB used.
       Both:    323.21 MB used.

Virtual space:
  Non-class space:      320.00 MB reserved,     282.19 MB ( 88%) committed,  5 nodes.
      Class space:      832.00 MB reserved,      43.25 MB (  5%) committed,  1 nodes.
             Both:        1.12 GB reserved,     325.44 MB ( 28%) committed. 

Chunk freelists:
   Non-Class:  5.81 MB
       Class:  4.59 MB
        Both:  10.41 MB

MaxMetaspaceSize: 1.00 GB
CompressedClassSpaceSize: 832.00 MB
Initial GC threshold: 21.00 MB
Current GC threshold: 521.50 MB
CDS: off
 - commit_granule_bytes: 65536.
 - commit_granule_words: 8192.
 - virtual_space_node_default_size: 8388608.
 - enlarge_chunks_in_place: 1.
 - use_allocation_guard: 0.


Internal statistics:

num_allocs_failed_limit: 12.
num_arena_births: 7152.
num_arena_deaths: 3152.
num_vsnodes_births: 6.
num_vsnodes_deaths: 0.
num_space_committed: 5201.
num_space_uncommitted: 0.
num_chunks_returned_to_freelist: 3737.
num_chunks_taken_from_freelist: 22636.
num_chunk_merges: 1357.
num_chunk_splits: 14306.
num_chunks_enlarged: 9621.
num_inconsistent_stats: 0.

CodeHeap 'non-profiled nmethods': size=120000Kb used=43172Kb max_used=57509Kb free=76827Kb
 bounds [0x00000137dd400000, 0x00000137e0c30000, 0x00000137e4930000]
CodeHeap 'profiled nmethods': size=120000Kb used=42121Kb max_used=63470Kb free=77878Kb
 bounds [0x00000137d5930000, 0x00000137d9790000, 0x00000137dce60000]
CodeHeap 'non-nmethods': size=5760Kb used=3220Kb max_used=3319Kb free=2540Kb
 bounds [0x00000137dce60000, 0x00000137dd1b0000, 0x00000137dd400000]
CodeCache: size=245760Kb, used=88513Kb, max_used=124298Kb, free=157245Kb
 total_blobs=30757, nmethods=29322, adapters=1334, full_count=0
Compilation: enabled, stopped_count=0, restarted_count=0

Compilation events (20 events):
Event: 6258.964 Thread 0x00000137f1088520 232155       2       java.util.zip.ZipFile$ZipEntryIterator::<init> (20 bytes)
Event: 6258.964 Thread 0x00000137f1088520 nmethod 232155 0x00000137d7f12a10 code [0x00000137d7f12ba0, 0x00000137d7f12d08]
Event: 6258.968 Thread 0x00000137f1088520 232156       2       com.intellij.openapi.util.RecursionManager::access$000 (4 bytes)
Event: 6258.969 Thread 0x00000137f1088520 nmethod 232156 0x00000137d82e7510 code [0x00000137d82e76a0, 0x00000137d82e7790]
Event: 6258.988 Thread 0x00000137f1088520 232157       2       com.intellij.openapi.vfs.impl.jar.CoreJarHandler$$Lambda/0x0000000802b59ae0::fun (8 bytes)
Event: 6258.988 Thread 0x00000137f1088520 nmethod 232157 0x00000137d7f12510 code [0x00000137d7f126c0, 0x00000137d7f128d8]
Event: 6258.988 Thread 0x00000137f1088520 232158       2       com.intellij.openapi.vfs.impl.jar.CoreJarHandler::lambda$new$0 (8 bytes)
Event: 6258.989 Thread 0x00000137f1088520 nmethod 232158 0x00000137d833eb10 code [0x00000137d833ecc0, 0x00000137d833ee68]
Event: 6258.989 Thread 0x00000137f1088520 232159       2       com.intellij.util.containers.FactoryMap$$Lambda/0x0000000802b5b588::fun (8 bytes)
Event: 6258.989 Thread 0x00000137f1088520 nmethod 232159 0x00000137d833e390 code [0x00000137d833e560, 0x00000137d833e890]
Event: 6258.989 Thread 0x00000137f1088520 232160       2       com.intellij.util.containers.FactoryMap::lambda$entrySet$0 (26 bytes)
Event: 6258.989 Thread 0x00000137f1088520 nmethod 232160 0x00000137d83b9290 code [0x00000137d83b9460, 0x00000137d83b9720]
Event: 6258.998 Thread 0x00000137f1088520 232161       2       com.intellij.util.io.FileAccessorCache::getHashCode (5 bytes)
Event: 6258.998 Thread 0x00000137f1088520 nmethod 232161 0x00000137d83b8c90 code [0x00000137d83b8e40, 0x00000137d83b8f78]
Event: 6258.998 Thread 0x00000137f1088520 232162       2       com.intellij.openapi.util.RecursionManager$2::mayCacheNow (61 bytes)
Event: 6258.999 Thread 0x00000137f1088520 nmethod 232162 0x00000137d8565690 code [0x00000137d8565860, 0x00000137d8565b40]
Event: 6259.057 Thread 0x00000137f1088520 232163       2       java.lang.StringBuilder::reverse (7 bytes)
Event: 6259.058 Thread 0x00000137f1088520 nmethod 232163 0x00000137d8565210 code [0x00000137d85653c0, 0x00000137d85654f0]
Event: 6259.062 Thread 0x00000137f1088520 232164       2       com.intellij.util.containers.LinkedCustomHashMap::hashKey (22 bytes)
Event: 6259.063 Thread 0x00000137f1088520 nmethod 232164 0x00000137d8c1ac90 code [0x00000137d8c1ae40, 0x00000137d8c1afe8]

GC Heap History (20 events):
Event: 5755.718 GC heap before
{Heap before GC invocations=283 (full 0):
 garbage-first heap   total 2506752K, used 2218110K [0x0000000700000000, 0x0000000800000000)
  region size 2048K, 734 young (1503232K), 35 survivors (71680K)
 Metaspace       used 303982K, committed 306624K, reserved 1179648K
  class space    used 40124K, committed 41664K, reserved 851968K
}
Event: 5755.791 GC heap after
{Heap after GC invocations=284 (full 0):
 garbage-first heap   total 2506752K, used 755565K [0x0000000700000000, 0x0000000800000000)
  region size 2048K, 31 young (63488K), 31 survivors (63488K)
 Metaspace       used 303982K, committed 306624K, reserved 1179648K
  class space    used 40124K, committed 41664K, reserved 851968K
}
Event: 5760.289 GC heap before
{Heap before GC invocations=284 (full 0):
 garbage-first heap   total 2506752K, used 2195309K [0x0000000700000000, 0x0000000800000000)
  region size 2048K, 734 young (1503232K), 31 survivors (63488K)
 Metaspace       used 304029K, committed 306624K, reserved 1179648K
  class space    used 40124K, committed 41664K, reserved 851968K
}
Event: 5760.333 GC heap after
{Heap after GC invocations=285 (full 0):
 garbage-first heap   total 2506752K, used 761458K [0x0000000700000000, 0x0000000800000000)
  region size 2048K, 32 young (65536K), 32 survivors (65536K)
 Metaspace       used 304029K, committed 306624K, reserved 1179648K
  class space    used 40124K, committed 41664K, reserved 851968K
}
Event: 5761.675 GC heap before
{Heap before GC invocations=286 (full 0):
 garbage-first heap   total 2437120K, used 2127474K [0x0000000700000000, 0x0000000800000000)
  region size 2048K, 714 young (1462272K), 32 survivors (65536K)
 Metaspace       used 304036K, committed 306688K, reserved 1179648K
  class space    used 40124K, committed 41664K, reserved 851968K
}
Event: 5761.709 GC heap after
{Heap after GC invocations=287 (full 0):
 garbage-first heap   total 2437120K, used 722796K [0x0000000700000000, 0x0000000800000000)
  region size 2048K, 28 young (57344K), 28 survivors (57344K)
 Metaspace       used 304036K, committed 306688K, reserved 1179648K
  class space    used 40124K, committed 41664K, reserved 851968K
}
Event: 5769.320 GC heap before
{Heap before GC invocations=287 (full 0):
 garbage-first heap   total 2437120K, used 2135916K [0x0000000700000000, 0x0000000800000000)
  region size 2048K, 714 young (1462272K), 28 survivors (57344K)
 Metaspace       used 304049K, committed 306688K, reserved 1179648K
  class space    used 40124K, committed 41664K, reserved 851968K
}
Event: 5769.372 GC heap after
{Heap after GC invocations=288 (full 0):
 garbage-first heap   total 2437120K, used 612268K [0x0000000700000000, 0x0000000800000000)
  region size 2048K, 24 young (49152K), 24 survivors (49152K)
 Metaspace       used 304049K, committed 306688K, reserved 1179648K
  class space    used 40124K, committed 41664K, reserved 851968K
}
Event: 5770.746 GC heap before
{Heap before GC invocations=288 (full 0):
 garbage-first heap   total 2437120K, used 645036K [0x0000000700000000, 0x0000000800000000)
  region size 2048K, 42 young (86016K), 24 survivors (49152K)
 Metaspace       used 304050K, committed 306688K, reserved 1179648K
  class space    used 40124K, committed 41664K, reserved 851968K
}
Event: 5770.770 GC heap after
{Heap after GC invocations=289 (full 0):
 garbage-first heap   total 2437120K, used 613247K [0x0000000700000000, 0x0000000800000000)
  region size 2048K, 23 young (47104K), 23 survivors (47104K)
 Metaspace       used 304050K, committed 306688K, reserved 1179648K
  class space    used 40124K, committed 41664K, reserved 851968K
}
Event: 5801.201 GC heap before
{Heap before GC invocations=290 (full 0):
 garbage-first heap   total 2082816K, used 1352575K [0x0000000700000000, 0x0000000800000000)
  region size 2048K, 346 young (708608K), 23 survivors (47104K)
 Metaspace       used 304257K, committed 306880K, reserved 1179648K
  class space    used 40150K, committed 41664K, reserved 851968K
}
Event: 5801.230 GC heap after
{Heap after GC invocations=291 (full 0):
 garbage-first heap   total 2082816K, used 607797K [0x0000000700000000, 0x0000000800000000)
  region size 2048K, 21 young (43008K), 21 survivors (43008K)
 Metaspace       used 304257K, committed 306880K, reserved 1179648K
  class space    used 40150K, committed 41664K, reserved 851968K
}
Event: 6207.921 GC heap before
{Heap before GC invocations=292 (full 0):
 garbage-first heap   total 2035712K, used 1011253K [0x0000000700000000, 0x0000000800000000)
  region size 2048K, 219 young (448512K), 21 survivors (43008K)
 Metaspace       used 304429K, committed 307072K, reserved 1179648K
  class space    used 40174K, committed 41664K, reserved 851968K
}
Event: 6208.455 GC heap after
{Heap after GC invocations=293 (full 0):
 garbage-first heap   total 2035712K, used 633138K [0x0000000700000000, 0x0000000800000000)
  region size 2048K, 33 young (67584K), 33 survivors (67584K)
 Metaspace       used 304429K, committed 307072K, reserved 1179648K
  class space    used 40174K, committed 41664K, reserved 851968K
}
Event: 6211.099 GC heap before
{Heap before GC invocations=293 (full 0):
 garbage-first heap   total 2035712K, used 665906K [0x0000000700000000, 0x0000000800000000)
  region size 2048K, 49 young (100352K), 33 survivors (67584K)
 Metaspace       used 304436K, committed 307072K, reserved 1179648K
  class space    used 40174K, committed 41664K, reserved 851968K
}
Event: 6211.445 GC heap after
{Heap after GC invocations=294 (full 0):
 garbage-first heap   total 2035712K, used 642203K [0x0000000700000000, 0x0000000800000000)
  region size 2048K, 5 young (10240K), 5 survivors (10240K)
 Metaspace       used 304436K, committed 307072K, reserved 1179648K
  class space    used 40174K, committed 41664K, reserved 851968K
}
Event: 6241.332 GC heap before
{Heap before GC invocations=295 (full 0):
 garbage-first heap   total 2035712K, used 1361051K [0x0000000700000000, 0x0000000800000000)
  region size 2048K, 345 young (706560K), 5 survivors (10240K)
 Metaspace       used 316280K, committed 318528K, reserved 1179648K
  class space    used 41666K, committed 42752K, reserved 851968K
}
Event: 6242.543 GC heap after
{Heap after GC invocations=296 (full 0):
 garbage-first heap   total 2035712K, used 688371K [0x0000000700000000, 0x0000000800000000)
  region size 2048K, 27 young (55296K), 27 survivors (55296K)
 Metaspace       used 316280K, committed 318528K, reserved 1179648K
  class space    used 41666K, committed 42752K, reserved 851968K
}
Event: 6246.073 GC heap before
{Heap before GC invocations=297 (full 0):
 garbage-first heap   total 1945600K, used 621656K [0x0000000700000000, 0x0000000800000000)
  region size 2048K, 47 young (96256K), 27 survivors (55296K)
 Metaspace       used 320017K, committed 322304K, reserved 1179648K
  class space    used 41941K, committed 43008K, reserved 851968K
}
Event: 6246.377 GC heap after
{Heap after GC invocations=298 (full 0):
 garbage-first heap   total 1945600K, used 585389K [0x0000000700000000, 0x0000000800000000)
  region size 2048K, 4 young (8192K), 4 survivors (8192K)
 Metaspace       used 320017K, committed 322304K, reserved 1179648K
  class space    used 41941K, committed 43008K, reserved 851968K
}

Dll operation events (3 events):
Event: 0.018 Loaded shared library C:\Program Files\Android\Android Studio\jbr\bin\java.dll
Event: 0.024 Loaded shared library C:\Program Files\Android\Android Studio\jbr\bin\zip.dll
Event: 0.763 Loaded shared library C:\Program Files\Android\Android Studio\jbr\bin\verify.dll

Deoptimization events (20 events):
Event: 6247.767 Thread 0x0000013790e3e850 Uncommon trap: trap_request=0xffffff45 fr.pc=0x00000137dd91ed8c relative=0x000000000000006c
Event: 6247.767 Thread 0x0000013790e3e850 Uncommon trap: reason=unstable_if action=reinterpret pc=0x00000137dd91ed8c method=com.android.tools.r8.internal.QJ.K()Z @ 4 c2
Event: 6247.767 Thread 0x0000013790e3e850 DEOPT PACKING pc=0x00000137dd91ed8c sp=0x000000130bffa970
Event: 6247.767 Thread 0x0000013790e3e850 DEOPT UNPACKING pc=0x00000137dceb4422 sp=0x000000130bffa900 mode 2
Event: 6254.832 Thread 0x0000013790e3c780 Uncommon trap: trap_request=0xffffff45 fr.pc=0x00000137df15efc8 relative=0x00000000000012c8
Event: 6254.833 Thread 0x0000013790e3c780 Uncommon trap: reason=unstable_if action=reinterpret pc=0x00000137df15efc8 method=org.apache.commons.compress.archivers.tar.TarUtils.formatNameBytes(Ljava/lang/String;[BIILorg/apache/commons/compress/archivers/zip/ZipEncoding;)I @ 22 c2
Event: 6254.834 Thread 0x0000013790e3c780 DEOPT PACKING pc=0x00000137df15efc8 sp=0x000000130befa790
Event: 6254.836 Thread 0x0000013790e3c780 DEOPT UNPACKING pc=0x00000137dceb4422 sp=0x000000130befa798 mode 2
Event: 6254.880 Thread 0x0000013790e3c780 DEOPT PACKING pc=0x00000137d80fa4bd sp=0x000000130befa660
Event: 6254.881 Thread 0x0000013790e3c780 DEOPT UNPACKING pc=0x00000137dceb4bc2 sp=0x000000130bef9b50 mode 0
Event: 6258.862 Thread 0x0000013790377d50 DEOPT PACKING pc=0x00000137d7dc8023 sp=0x00000013144fd2b0
Event: 6258.862 Thread 0x0000013790377d50 DEOPT UNPACKING pc=0x00000137dceb4bc2 sp=0x00000013144fc7a8 mode 0
Event: 6259.358 Thread 0x0000013790377d50 Uncommon trap: trap_request=0xffffff45 fr.pc=0x00000137dd6ef73c relative=0x000000000000011c
Event: 6259.358 Thread 0x0000013790377d50 Uncommon trap: reason=unstable_if action=reinterpret pc=0x00000137dd6ef73c method=java.util.ArrayList.indexOfRange(Ljava/lang/Object;II)I @ 7 c2
Event: 6259.358 Thread 0x0000013790377d50 DEOPT PACKING pc=0x00000137dd6ef73c sp=0x00000013144fd8a0
Event: 6259.359 Thread 0x0000013790377d50 DEOPT UNPACKING pc=0x00000137dceb4422 sp=0x00000013144fd760 mode 2
Event: 6259.359 Thread 0x0000013790377d50 Uncommon trap: trap_request=0xffffff45 fr.pc=0x00000137dd84bd28 relative=0x0000000000000108
Event: 6259.359 Thread 0x0000013790377d50 Uncommon trap: reason=unstable_if action=reinterpret pc=0x00000137dd84bd28 method=java.util.ArrayList.indexOfRange(Ljava/lang/Object;II)I @ 7 c2
Event: 6259.359 Thread 0x0000013790377d50 DEOPT PACKING pc=0x00000137dd84bd28 sp=0x00000013144fd840
Event: 6259.359 Thread 0x0000013790377d50 DEOPT UNPACKING pc=0x00000137dceb4422 sp=0x00000013144fd768 mode 2

Classes loaded (20 events):
Event: 6235.007 Loading class java/lang/invoke/MethodHandleImpl$Makers$1
Event: 6235.008 Loading class java/lang/invoke/MethodHandleImpl$Makers$1 done
Event: 6235.008 Loading class java/lang/invoke/MethodHandleImpl$Makers$2
Event: 6235.008 Loading class java/lang/invoke/MethodHandleImpl$Makers$2 done
Event: 6235.008 Loading class java/lang/invoke/MethodHandleImpl$Makers$3
Event: 6235.009 Loading class java/lang/invoke/MethodHandleImpl$Makers$3 done
Event: 6235.034 Loading class java/lang/invoke/BoundMethodHandle$Species_I
Event: 6235.036 Loading class java/lang/invoke/BoundMethodHandle$Species_I done
Event: 6235.042 Loading class java/lang/runtime/ObjectMethods$1
Event: 6235.042 Loading class java/lang/runtime/ObjectMethods$1 done
Event: 6235.065 Loading class java/lang/invoke/DirectMethodHandle$1
Event: 6235.066 Loading class java/lang/invoke/DirectMethodHandle$1 done
Event: 6235.586 Loading class java/util/stream/Nodes$IntFixedNodeBuilder
Event: 6235.588 Loading class java/util/stream/Node$Builder$OfInt
Event: 6235.589 Loading class java/util/stream/Node$Builder$OfInt done
Event: 6235.589 Loading class java/util/stream/Nodes$IntArrayNode
Event: 6235.591 Loading class java/util/stream/Nodes$IntArrayNode done
Event: 6235.591 Loading class java/util/stream/Nodes$IntFixedNodeBuilder done
Event: 6240.566 Loading class java/io/BufferedReader$1
Event: 6240.571 Loading class java/io/BufferedReader$1 done

Classes unloaded (20 events):
Event: 5568.663 Thread 0x00000137d03905d0 Unloading class 0x000000080277e800 'jdk/internal/reflect/GeneratedSerializationConstructorAccessor179'
Event: 5568.663 Thread 0x00000137d03905d0 Unloading class 0x000000080277e400 'jdk/internal/reflect/GeneratedSerializationConstructorAccessor178'
Event: 5568.663 Thread 0x00000137d03905d0 Unloading class 0x000000080277e000 'jdk/internal/reflect/GeneratedSerializationConstructorAccessor177'
Event: 5568.663 Thread 0x00000137d03905d0 Unloading class 0x000000080277dc00 'jdk/internal/reflect/GeneratedSerializationConstructorAccessor176'
Event: 5568.663 Thread 0x00000137d03905d0 Unloading class 0x000000080277d800 'jdk/internal/reflect/GeneratedSerializationConstructorAccessor175'
Event: 5568.663 Thread 0x00000137d03905d0 Unloading class 0x000000080277d400 'jdk/internal/reflect/GeneratedSerializationConstructorAccessor174'
Event: 5568.663 Thread 0x00000137d03905d0 Unloading class 0x000000080277d000 'jdk/internal/reflect/GeneratedSerializationConstructorAccessor173'
Event: 5568.663 Thread 0x00000137d03905d0 Unloading class 0x000000080277cc00 'jdk/internal/reflect/GeneratedSerializationConstructorAccessor172'
Event: 5568.663 Thread 0x00000137d03905d0 Unloading class 0x000000080277c800 'jdk/internal/reflect/GeneratedSerializationConstructorAccessor171'
Event: 5568.663 Thread 0x00000137d03905d0 Unloading class 0x000000080277c400 'jdk/internal/reflect/GeneratedSerializationConstructorAccessor170'
Event: 5568.663 Thread 0x00000137d03905d0 Unloading class 0x000000080277c000 'jdk/internal/reflect/GeneratedSerializationConstructorAccessor169'
Event: 5568.663 Thread 0x00000137d03905d0 Unloading class 0x0000000802771c00 'jdk/internal/reflect/GeneratedSerializationConstructorAccessor168'
Event: 5705.178 Thread 0x00000137d03905d0 Unloading class 0x0000000800f5e400 'java/lang/invoke/LambdaForm$MH+0x0000000800f5e400'
Event: 5705.178 Thread 0x00000137d03905d0 Unloading class 0x0000000800f5dc00 'java/lang/invoke/LambdaForm$MH+0x0000000800f5dc00'
Event: 5705.179 Thread 0x00000137d03905d0 Unloading class 0x0000000800f5d800 'java/lang/invoke/LambdaForm$MH+0x0000000800f5d800'
Event: 5705.179 Thread 0x00000137d03905d0 Unloading class 0x0000000800f5d400 'java/lang/invoke/LambdaForm$MH+0x0000000800f5d400'
Event: 5705.179 Thread 0x00000137d03905d0 Unloading class 0x0000000800f5d000 'java/lang/invoke/LambdaForm$MH+0x0000000800f5d000'
Event: 5705.179 Thread 0x00000137d03905d0 Unloading class 0x0000000800f5c800 'java/lang/invoke/LambdaForm$MH+0x0000000800f5c800'
Event: 5705.179 Thread 0x00000137d03905d0 Unloading class 0x0000000800f5c400 'java/lang/invoke/LambdaForm$MH+0x0000000800f5c400'
Event: 5705.179 Thread 0x00000137d03905d0 Unloading class 0x0000000800f5c000 'java/lang/invoke/LambdaForm$MH+0x0000000800f5c000'

Classes redefined (0 events):
No events

Internal exceptions (20 events):
Event: 6247.911 Thread 0x0000013790e3e850 Exception <a 'sun/nio/fs/WindowsException'{0x00000007705968c0}> (0x00000007705968c0) 
thrown [s\src\hotspot\share\prims\jni.cpp, line 537]
Event: 6247.911 Thread 0x0000013790e3e850 Exception <a 'sun/nio/fs/WindowsException'{0x0000000770597998}> (0x0000000770597998) 
thrown [s\src\hotspot\share\prims\jni.cpp, line 537]
Event: 6248.098 Thread 0x0000013790e3e850 Exception <a 'sun/nio/fs/WindowsException'{0x000000076ffecb68}> (0x000000076ffecb68) 
thrown [s\src\hotspot\share\prims\jni.cpp, line 537]
Event: 6248.098 Thread 0x0000013790e3e850 Exception <a 'sun/nio/fs/WindowsException'{0x000000076ffeda08}> (0x000000076ffeda08) 
thrown [s\src\hotspot\share\prims\jni.cpp, line 537]
Event: 6248.098 Thread 0x0000013790e3e850 Exception <a 'sun/nio/fs/WindowsException'{0x000000076ffeeae8}> (0x000000076ffeeae8) 
thrown [s\src\hotspot\share\prims\jni.cpp, line 537]
Event: 6248.098 Thread 0x0000013790e3e850 Exception <a 'sun/nio/fs/WindowsException'{0x000000076ffefd08}> (0x000000076ffefd08) 
thrown [s\src\hotspot\share\prims\jni.cpp, line 537]
Event: 6248.135 Thread 0x0000013790e3e850 Exception <a 'sun/nio/fs/WindowsException'{0x000000076fc225e8}> (0x000000076fc225e8) 
thrown [s\src\hotspot\share\prims\jni.cpp, line 537]
Event: 6254.638 Thread 0x00000137f1082830 Exception <a 'sun/nio/fs/WindowsException'{0x000000076f97e298}> (0x000000076f97e298) 
thrown [s\src\hotspot\share\prims\jni.cpp, line 537]
Event: 6254.684 Thread 0x00000137f1082830 Exception <a 'sun/nio/fs/WindowsException'{0x000000076f603908}> (0x000000076f603908) 
thrown [s\src\hotspot\share\prims\jni.cpp, line 537]
Event: 6254.686 Thread 0x00000137f1082830 Exception <a 'sun/nio/fs/WindowsException'{0x000000076f6095f0}> (0x000000076f6095f0) 
thrown [s\src\hotspot\share\prims\jni.cpp, line 537]
Event: 6254.704 Thread 0x00000137f1082830 Exception <a 'sun/nio/fs/WindowsException'{0x000000076f627d38}> (0x000000076f627d38) 
thrown [s\src\hotspot\share\prims\jni.cpp, line 537]
Event: 6254.949 Thread 0x0000013790e3c780 Exception <a 'sun/nio/fs/WindowsException'{0x000000076f4ed328}> (0x000000076f4ed328) 
thrown [s\src\hotspot\share\prims\jni.cpp, line 537]
Event: 6254.950 Thread 0x0000013790e3c780 Exception <a 'sun/nio/fs/WindowsException'{0x000000076f4ee400}> (0x000000076f4ee400) 
thrown [s\src\hotspot\share\prims\jni.cpp, line 537]
Event: 6254.969 Thread 0x0000013790e3c780 Exception <a 'sun/nio/fs/WindowsException'{0x000000076f561d80}> (0x000000076f561d80) 
thrown [s\src\hotspot\share\prims\jni.cpp, line 537]
Event: 6254.969 Thread 0x0000013790e3c780 Exception <a 'sun/nio/fs/WindowsException'{0x000000076f562c20}> (0x000000076f562c20) 
thrown [s\src\hotspot\share\prims\jni.cpp, line 537]
Event: 6254.970 Thread 0x0000013790e3c780 Exception <a 'sun/nio/fs/WindowsException'{0x000000076f563d00}> (0x000000076f563d00) 
thrown [s\src\hotspot\share\prims\jni.cpp, line 537]
Event: 6254.971 Thread 0x0000013790e3c780 Exception <a 'sun/nio/fs/WindowsException'{0x000000076f564f20}> (0x000000076f564f20) 
thrown [s\src\hotspot\share\prims\jni.cpp, line 537]
Event: 6255.040 Thread 0x0000013790e3c780 Exception <a 'sun/nio/fs/WindowsException'{0x000000076f214bd8}> (0x000000076f214bd8) 
thrown [s\src\hotspot\share\prims\jni.cpp, line 537]
Event: 6255.871 Thread 0x0000013790377d50 Exception <a 'sun/nio/fs/WindowsException'{0x000000076f1276b0}> (0x000000076f1276b0) 
thrown [s\src\hotspot\share\prims\jni.cpp, line 537]
Event: 6258.514 Thread 0x0000013790377d50 Exception <a 'java/lang/NoSuchMethodError'{0x000000076e1646e0}: 'java.lang.Object java.lang.invoke.DirectMethodHandle$Holder.invokeStatic(java.lang.Object, java.lang.Object, java.lang.Object, java.lang.Object, int, java.lang.Object)'> (0x000000076e1646e0) 
thrown [s\src\hotspot\share\interpreter\linkResolver.cpp, line 784]

ZGC Phase Switch (0 events):
No events

VM Operations (20 events):
Event: 6247.740 Executing VM operation: ICBufferFull
Event: 6247.740 Executing VM operation: ICBufferFull done
Event: 6248.741 Executing VM operation: Cleanup
Event: 6248.741 Executing VM operation: Cleanup done
Event: 6249.741 Executing VM operation: Cleanup
Event: 6249.744 Executing VM operation: Cleanup done
Event: 6252.741 Executing VM operation: HandshakeAllThreads (HandshakeForDeflation)
Event: 6252.741 Executing VM operation: HandshakeAllThreads (HandshakeForDeflation) done
Event: 6252.741 Executing VM operation: RendezvousGCThreads
Event: 6252.741 Executing VM operation: RendezvousGCThreads done
Event: 6254.741 Executing VM operation: Cleanup
Event: 6254.745 Executing VM operation: Cleanup done
Event: 6255.745 Executing VM operation: Cleanup
Event: 6255.745 Executing VM operation: Cleanup done
Event: 6257.746 Executing VM operation: Cleanup
Event: 6257.751 Executing VM operation: Cleanup done
Event: 6258.751 Executing VM operation: Cleanup
Event: 6258.751 Executing VM operation: Cleanup done
Event: 6259.751 Executing VM operation: Cleanup
Event: 6259.751 Executing VM operation: Cleanup done

Memory protections (0 events):
No events

Nmethod flushes (20 events):
Event: 6245.226 Thread 0x00000137d03905d0 flushing  nmethod 0x00000137d8dd2010
Event: 6245.226 Thread 0x00000137d03905d0 flushing  nmethod 0x00000137d8dd2990
Event: 6245.226 Thread 0x00000137d03905d0 flushing  nmethod 0x00000137d8f36f90
Event: 6245.226 Thread 0x00000137d03905d0 flushing  nmethod 0x00000137d8f3aa90
Event: 6245.226 Thread 0x00000137d03905d0 flushing  nmethod 0x00000137d8f3be90
Event: 6245.226 Thread 0x00000137d03905d0 flushing  nmethod 0x00000137d8f3c310
Event: 6245.226 Thread 0x00000137d03905d0 flushing  nmethod 0x00000137d8f3cd10
Event: 6245.226 Thread 0x00000137d03905d0 flushing  nmethod 0x00000137d8f3d290
Event: 6245.226 Thread 0x00000137d03905d0 flushing  nmethod 0x00000137d8f3dd10
Event: 6245.226 Thread 0x00000137d03905d0 flushing  nmethod 0x00000137d8f3e610
Event: 6245.226 Thread 0x00000137d03905d0 flushing  nmethod 0x00000137d9257b10
Event: 6245.226 Thread 0x00000137d03905d0 flushing  nmethod 0x00000137d925a410
Event: 6245.226 Thread 0x00000137d03905d0 flushing  nmethod 0x00000137d925b090
Event: 6245.226 Thread 0x00000137d03905d0 flushing  nmethod 0x00000137d93e9590
Event: 6245.226 Thread 0x00000137d03905d0 flushing  nmethod 0x00000137d93eb690
Event: 6245.226 Thread 0x00000137d03905d0 flushing  nmethod 0x00000137d93ee490
Event: 6245.226 Thread 0x00000137d03905d0 flushing  nmethod 0x00000137d93ef790
Event: 6245.227 Thread 0x00000137d03905d0 flushing  nmethod 0x00000137d93f1190
Event: 6245.227 Thread 0x00000137d03905d0 flushing  nmethod 0x00000137d93f6490
Event: 6245.227 Thread 0x00000137d03905d0 flushing  nmethod 0x00000137d93f6e10

Events (20 events):
Event: 6234.508 Thread 0x00000137936ea6f0 Thread added: 0x00000137a107a7e0
Event: 6236.384 Thread 0x00000137907b0ae0 Thread exited: 0x00000137907b0ae0
Event: 6236.480 Thread 0x0000013790e43da0 Thread added: 0x0000013781a27cb0
Event: 6236.481 Thread 0x0000013790e43da0 Thread added: 0x0000013781a28340
Event: 6236.482 Thread 0x0000013790e43da0 Thread added: 0x0000013781a0b150
Event: 6236.483 Thread 0x0000013790e43da0 Thread added: 0x0000013781a0cb90
Event: 6236.484 Thread 0x0000013790e43da0 Thread added: 0x0000013781624690
Event: 6236.484 Thread 0x0000013790e43da0 Thread added: 0x0000013781623970
Event: 6236.484 Thread 0x0000013790e43da0 Thread added: 0x0000013781627480
Event: 6236.485 Thread 0x0000013790e43da0 Thread added: 0x0000013781a113c0
Event: 6236.485 Thread 0x0000013790e43da0 Thread added: 0x0000013781a0f2f0
Event: 6236.485 Thread 0x0000013790e43da0 Thread added: 0x0000013781a11a50
Event: 6236.486 Thread 0x0000013790e43da0 Thread added: 0x0000013781a120e0
Event: 6249.048 Thread 0x0000013790377d50 Thread added: 0x0000013781578050
Event: 6249.130 Thread 0x0000013790377d50 Thread added: 0x0000013781579a90
Event: 6250.211 Thread 0x0000013781578050 Thread exited: 0x0000013781578050
Event: 6250.211 Thread 0x0000013781579a90 Thread exited: 0x0000013781579a90
Event: 6256.458 Thread 0x0000013790377d50 Thread added: 0x0000013781577330
Event: 6256.459 Thread 0x0000013790377d50 Thread added: 0x0000013781578d70
Event: 6256.942 Thread 0x0000013781578d70 Thread added: 0x0000013790e40290


Dynamic libraries:
0x00007ff7afe20000 - 0x00007ff7afe2a000 	C:\Program Files\Android\Android Studio\jbr\bin\java.exe
0x00007fffb37e0000 - 0x00007fffb3a48000 	C:\WINDOWS\SYSTEM32\ntdll.dll
0x00007fffb2100000 - 0x00007fffb21c9000 	C:\WINDOWS\System32\KERNEL32.DLL
0x00007fffb0ab0000 - 0x00007fffb0ea1000 	C:\WINDOWS\System32\KERNELBASE.dll
0x00007fffb11e0000 - 0x00007fffb132b000 	C:\WINDOWS\System32\ucrtbase.dll
0x00007fff8e230000 - 0x00007fff8e248000 	C:\Program Files\Android\Android Studio\jbr\bin\jli.dll
0x00007fffb2370000 - 0x00007fffb2536000 	C:\WINDOWS\System32\USER32.dll
0x00007fff95530000 - 0x00007fff9554b000 	C:\Program Files\Android\Android Studio\jbr\bin\VCRUNTIME140.dll
0x00007fffb14a0000 - 0x00007fffb14c7000 	C:\WINDOWS\System32\win32u.dll
0x00007fff92350000 - 0x00007fff925e3000 	C:\WINDOWS\WinSxS\amd64_microsoft.windows.common-controls_6595b64144ccf1df_6.0.26100.7824_none_3e0870b2e3345462\COMCTL32.dll
0x00007fffb3770000 - 0x00007fffb379b000 	C:\WINDOWS\System32\GDI32.dll
0x00007fffb1890000 - 0x00007fffb1939000 	C:\WINDOWS\System32\msvcrt.dll
0x00007fffb0f40000 - 0x00007fffb106b000 	C:\WINDOWS\System32\gdi32full.dll
0x00007fffb13f0000 - 0x00007fffb1493000 	C:\WINDOWS\System32\msvcp_win.dll
0x00007fffb31f0000 - 0x00007fffb3221000 	C:\WINDOWS\System32\IMM32.DLL
0x00007fffa67f0000 - 0x00007fffa67fc000 	C:\Program Files\Android\Android Studio\jbr\bin\vcruntime140_1.dll
0x00007fff739f0000 - 0x00007fff73a7d000 	C:\Program Files\Android\Android Studio\jbr\bin\msvcp140.dll
0x00007fff2cd80000 - 0x00007fff2da16000 	C:\Program Files\Android\Android Studio\jbr\bin\server\jvm.dll
0x00007fffb17d0000 - 0x00007fffb1884000 	C:\WINDOWS\System32\ADVAPI32.dll
0x00007fffb1720000 - 0x00007fffb17c6000 	C:\WINDOWS\System32\sechost.dll
0x00007fffb35f0000 - 0x00007fffb3708000 	C:\WINDOWS\System32\RPCRT4.dll
0x00007fffb1cd0000 - 0x00007fffb1d44000 	C:\WINDOWS\System32\WS2_32.dll
0x00007fffaf920000 - 0x00007fffaf97e000 	C:\WINDOWS\SYSTEM32\POWRPROF.dll
0x00007fffa3de0000 - 0x00007fffa3deb000 	C:\WINDOWS\SYSTEM32\VERSION.dll
0x00007fffa11c0000 - 0x00007fffa11f5000 	C:\WINDOWS\SYSTEM32\WINMM.dll
0x00007fffaf900000 - 0x00007fffaf914000 	C:\WINDOWS\SYSTEM32\UMPDC.dll
0x00007fffaee20000 - 0x00007fffaee3b000 	C:\WINDOWS\SYSTEM32\kernel.appcore.dll
0x00007fff9c5f0000 - 0x00007fff9c5fa000 	C:\Program Files\Android\Android Studio\jbr\bin\jimage.dll
0x00007fffae030000 - 0x00007fffae272000 	C:\WINDOWS\SYSTEM32\DBGHELP.DLL
0x00007fffb1940000 - 0x00007fffb1cc6000 	C:\WINDOWS\System32\combase.dll
0x00007fffb2020000 - 0x00007fffb20f7000 	C:\WINDOWS\System32\OLEAUT32.dll
0x00007fff8c7b0000 - 0x00007fff8c7eb000 	C:\WINDOWS\SYSTEM32\dbgcore.DLL
0x00007fffb14d0000 - 0x00007fffb1575000 	C:\WINDOWS\System32\bcryptPrimitives.dll
0x00007fff8a670000 - 0x00007fff8a67e000 	C:\Program Files\Android\Android Studio\jbr\bin\instrument.dll
0x00007fff84e70000 - 0x00007fff84e90000 	C:\Program Files\Android\Android Studio\jbr\bin\java.dll
0x00007fff7e570000 - 0x00007fff7e588000 	C:\Program Files\Android\Android Studio\jbr\bin\zip.dll
0x00007fffb2540000 - 0x00007fffb2c92000 	C:\WINDOWS\System32\SHELL32.dll
0x00007fffb1070000 - 0x00007fffb11da000 	C:\WINDOWS\System32\wintypes.dll
0x00007fffb00c0000 - 0x00007fffb0923000 	C:\WINDOWS\System32\windows.storage.dll
0x00007fffb32a0000 - 0x00007fffb3396000 	C:\WINDOWS\System32\SHCORE.dll
0x00007fffb3580000 - 0x00007fffb35e7000 	C:\WINDOWS\System32\shlwapi.dll
0x00007fffaffe0000 - 0x00007fffb0009000 	C:\WINDOWS\SYSTEM32\profapi.dll
0x00007fff972b0000 - 0x00007fff972c0000 	C:\Program Files\Android\Android Studio\jbr\bin\net.dll
0x00007fffa5da0000 - 0x00007fffa5ec7000 	C:\WINDOWS\SYSTEM32\WINHTTP.dll
0x00007fffaf370000 - 0x00007fffaf3db000 	C:\WINDOWS\system32\mswsock.dll
0x00007fff7dfd0000 - 0x00007fff7dfe6000 	C:\Program Files\Android\Android Studio\jbr\bin\nio.dll
0x00007fff95dc0000 - 0x00007fff95dd0000 	C:\Program Files\Android\Android Studio\jbr\bin\verify.dll
0x00007fff749a0000 - 0x00007fff749c7000 	C:\Users\tech1\.gradle\native\1def1411415f61bf3af743bc5b6707747c0891f09f0c88961ee8f79bc544acac\windows-amd64\native-platform.dll
0x00007fff5f1e0000 - 0x00007fff5f258000 	C:\Users\tech1\.gradle\native\0.2.7\x86_64-windows-gnu\gradle-fileevents.dll
0x00007fff95cb0000 - 0x00007fff95cb9000 	C:\Program Files\Android\Android Studio\jbr\bin\management.dll
0x00007fff8e170000 - 0x00007fff8e17b000 	C:\Program Files\Android\Android Studio\jbr\bin\management_ext.dll
0x00007fffb3760000 - 0x00007fffb3768000 	C:\WINDOWS\System32\PSAPI.DLL
0x00007fffae870000 - 0x00007fffae8a4000 	C:\WINDOWS\SYSTEM32\IPHLPAPI.DLL
0x00007fffb31e0000 - 0x00007fffb31ea000 	C:\WINDOWS\System32\NSI.dll
0x00007fff8ad80000 - 0x00007fff8ad89000 	C:\Program Files\Android\Android Studio\jbr\bin\extnet.dll
0x00007fffaf760000 - 0x00007fffaf77b000 	C:\WINDOWS\SYSTEM32\CRYPTSP.dll
0x00007fffaed80000 - 0x00007fffaedb9000 	C:\WINDOWS\system32\rsaenh.dll
0x00007fffaf420000 - 0x00007fffaf44b000 	C:\WINDOWS\SYSTEM32\USERENV.dll
0x00007fffaffb0000 - 0x00007fffaffda000 	C:\WINDOWS\SYSTEM32\bcrypt.dll
0x00007fffaf5c0000 - 0x00007fffaf5cc000 	C:\WINDOWS\SYSTEM32\CRYPTBASE.dll
0x00007fff9bee0000 - 0x00007fff9bee8000 	C:\WINDOWS\system32\wshunix.dll
0x00007fff8cc90000 - 0x00007fff8cca8000 	C:\WINDOWS\system32\napinsp.dll
0x00007fffae910000 - 0x00007fffaea3c000 	C:\WINDOWS\SYSTEM32\DNSAPI.dll
0x00007fff8ccb0000 - 0x00007fff8ccc2000 	C:\WINDOWS\System32\winrnr.dll
0x00007fff8ccd0000 - 0x00007fff8ccf2000 	C:\WINDOWS\system32\nlansp_c.dll
0x00007fffa4a40000 - 0x00007fffa4a56000 	C:\WINDOWS\system32\wshbth.dll
0x00007fffa5ed0000 - 0x00007fffa5edb000 	C:\Windows\System32\rasadhlp.dll
0x00007fffa6fd0000 - 0x00007fffa7056000 	C:\WINDOWS\System32\fwpuclnt.dll
0x00007fffaef40000 - 0x00007fffaef76000 	C:\WINDOWS\SYSTEM32\ntmarta.dll
0x00007fff33e30000 - 0x00007fff33fc8000 	C:\Program Files\Android\Android Studio\jbr\bin\awt.dll
0x00007fffab270000 - 0x00007fffab2a1000 	C:\WINDOWS\SYSTEM32\dwmapi.dll
0x00007fff81e50000 - 0x00007fff81ec9000 	C:\WINDOWS\SYSTEM32\OLEACC.dll
0x00007fff65f20000 - 0x00007fff65f64000 	C:\Program Files\Android\Android Studio\jbr\bin\nvdaControllerClient64.dll
0x00007fffaaec0000 - 0x00007fffaaf5e000 	C:\WINDOWS\SYSTEM32\apphelp.dll
0x00007fffaafe0000 - 0x00007fffab08b000 	C:\WINDOWS\system32\uxtheme.dll
0x00007fffb1580000 - 0x00007fffb16df000 	C:\WINDOWS\System32\MSCTF.dll
0x00007fffb21d0000 - 0x00007fffb2367000 	C:\WINDOWS\System32\ole32.dll
0x00007fff8a8c0000 - 0x00007fff8a8c7000 	C:\Program Files\Android\Android Studio\jbr\bin\rmi.dll

JVMTI agents:
C:\Users\tech1\.gradle\wrapper\dists\gradle-8.14-all\c2qonpi39x1mddn7hk5gh9iqj\gradle-8.14\lib\agents\gradle-instrumentation-agent-8.14.jar path:C:\Program Files\Android\Android Studio\jbr\bin\instrument.dll, loaded, initialized, instrumentlib options:none

dbghelp: loaded successfully - version: 4.0.5 - missing functions: none
symbol engine: initialized successfully - sym options: 0x614 - pdb path: .;C:\Program Files\Android\Android Studio\jbr\bin;C:\WINDOWS\SYSTEM32;C:\WINDOWS\WinSxS\amd64_microsoft.windows.common-controls_6595b64144ccf1df_6.0.26100.7824_none_3e0870b2e3345462;C:\Program Files\Android\Android Studio\jbr\bin\server;C:\Users\tech1\.gradle\native\1def1411415f61bf3af743bc5b6707747c0891f09f0c88961ee8f79bc544acac\windows-amd64;C:\Users\tech1\.gradle\native\0.2.7\x86_64-windows-gnu

VM Arguments:
jvm_args: --add-opens=java.base/java.lang=ALL-UNNAMED --add-opens=java.base/java.lang.invoke=ALL-UNNAMED --add-opens=java.base/java.util=ALL-UNNAMED --add-opens=java.prefs/java.util.prefs=ALL-UNNAMED --add-exports=jdk.compiler/com.sun.tools.javac.api=ALL-UNNAMED --add-exports=jdk.compiler/com.sun.tools.javac.util=ALL-UNNAMED --add-opens=java.base/java.util=ALL-UNNAMED --add-opens=java.prefs/java.util.prefs=ALL-UNNAMED --add-opens=java.base/java.nio.charset=ALL-UNNAMED --add-opens=java.base/java.net=ALL-UNNAMED --add-opens=java.base/java.util.concurrent.atomic=ALL-UNNAMED --add-opens=java.xml/javax.xml.namespace=ALL-UNNAMED -XX:MaxMetaspaceSize=1g -XX:+HeapDumpOnOutOfMemoryError -Xmx4g -Dfile.encoding=UTF-8 -Duser.country=IN -Duser.language=en -Duser.variant -javaagent:C:\Users\tech1\.gradle\wrapper\dists\gradle-8.14-all\c2qonpi39x1mddn7hk5gh9iqj\gradle-8.14\lib\agents\gradle-instrumentation-agent-8.14.jar 
java_command: org.gradle.launcher.daemon.bootstrap.GradleDaemon 8.14
java_class_path (initial): C:\Users\tech1\.gradle\wrapper\dists\gradle-8.14-all\c2qonpi39x1mddn7hk5gh9iqj\gradle-8.14\lib\gradle-daemon-main-8.14.jar
Launcher Type: SUN_STANDARD

[Global flags]
     intx CICompilerCount                          = 4                                         {product} {ergonomic}
   size_t CompressedClassSpaceSize                 = 872415232                                 {product} {ergonomic}
     uint ConcGCThreads                            = 3                                         {product} {ergonomic}
     uint G1ConcRefinementThreads                  = 10                                        {product} {ergonomic}
   size_t G1HeapRegionSize                         = 2097152                                   {product} {ergonomic}
    uintx GCDrainStackTargetSize                   = 64                                        {product} {ergonomic}
     bool HeapDumpOnOutOfMemoryError               = true                                   {manageable} {command line}
   size_t InitialHeapSize                          = 130023424                                 {product} {ergonomic}
   size_t MarkStackSize                            = 4194304                                   {product} {ergonomic}
   size_t MaxHeapSize                              = 4294967296                                {product} {command line}
   size_t MaxMetaspaceSize                         = 1073741824                                {product} {command line}
   size_t MaxNewSize                               = 2575302656                                {product} {ergonomic}
   size_t MinHeapDeltaBytes                        = 2097152                                   {product} {ergonomic}
   size_t MinHeapSize                              = 8388608                                   {product} {ergonomic}
    uintx NonNMethodCodeHeapSize                   = 5839372                                {pd product} {ergonomic}
    uintx NonProfiledCodeHeapSize                  = 122909434                              {pd product} {ergonomic}
    uintx ProfiledCodeHeapSize                     = 122909434                              {pd product} {ergonomic}
    uintx ReservedCodeCacheSize                    = 251658240                              {pd product} {ergonomic}
     bool SegmentedCodeCache                       = true                                      {product} {ergonomic}
   size_t SoftMaxHeapSize                          = 4294967296                             {manageable} {ergonomic}
     bool UseCompressedOops                        = true                           {product lp64_product} {ergonomic}
     bool UseG1GC                                  = true                                      {product} {ergonomic}
     bool UseLargePagesIndividualAllocation        = false                                  {pd product} {ergonomic}

Logging:
Log output configuration:
 #0: stdout all=warning uptime,level,tags foldmultilines=false
 #1: stderr all=off uptime,level,tags foldmultilines=false

Release file:
JAVA_VERSION="21.0.9" 
MODULES="java.base java.compiler java.datatransfer java.xml java.prefs java.desktop java.instrument java.logging java.management java.security.sasl java.naming java.rmi java.management.rmi java.net.http java.scripting java.security.jgss java.transaction.xa java.sql java.sql.rowset java.xml.crypto java.se java.smartcardio jdk.accessibility jdk.internal.jvmstat jdk.attach jdk.charsets jdk.internal.opt jdk.zipfs jdk.compiler jdk.crypto.ec jdk.crypto.cryptoki jdk.dynalink jdk.hotspot.agent jdk.httpserver jdk.internal.ed jdk.internal.le jdk.internal.vm.ci jdk.jartool jdk.javadoc jdk.jcmd jdk.jdeps jdk.jdwp.agent jdk.jdi jdk.jfr jdk.jlink jdk.jsobject jdk.localedata jdk.management jdk.management.agent jdk.management.jfr jdk.naming.dns jdk.naming.rmi jdk.net jdk.sctp jdk.security.auth jdk.security.jgss jdk.unsupported jdk.unsupported.desktop jdk.xml.dom" 
IMPLEMENTOR="JetBrains s.r.o." 
JAVA_RUNTIME_VERSION="21.0.9+-14649483-b1163.86" 
LIBC="default" 
OS_ARCH="x86_64" 
OS_NAME="Windows" 
SOURCE=".:git:554d0c326095" 

Environment Variables:
JAVA_HOME=C:\Program Files\Android\Android Studio\jbr
CLASSPATH=C:\Users\tech1\OneDrive\Desktop\framer website\agri-flow-flutter\android\\gradle\wrapper\gradle-wrapper.jar
PATH=C:\Program Files\Android\Android Studio\jbr\bin;C:\flutter\bin\;C:\Program Files\Common Files\Oracle\Java\javapath;C:\WINDOWS\system32;C:\WINDOWS;C:\WINDOWS\System32\Wbem;C:\WINDOWS\System32\WindowsPowerShell\v1.0\;C:\WINDOWS\System32\OpenSSH\;C:\Program Files\Git\cmd;C:\Program Files\nodejs\;C:\Program Files (x86)\Windows Kits\10\Windows Performance Toolkit\;C:\Program Files\Tailscale\;C:\Program Files (x86)\pcsuite\;C:\Users\tech1\AppData\Local\Programs\Python\Launcher\;C:\Users\tech1\AppData\Local\Microsoft\WindowsApps;C:\Users\tech1\AppData\Local\Programs\Microsoft VS Code\bin;C:\flutter\bin;C:\Users\tech1\AppData\Roaming\npm;C:\Users\tech1\AppData\Local\Programs\Ollama;C:\Users\tech1\AppData\Local\Programs\Antigravity\bin
USERNAME=tech1
LANG=en_US.UTF-8
OS=Windows_NT
PROCESSOR_IDENTIFIER=Intel64 Family 6 Model 154 Stepping 3, GenuineIntel
TMP=C:\Users\tech1\AppData\Local\Temp
TEMP=C:\Users\tech1\AppData\Local\Temp




Periodic native trim disabled

JNI global refs:
JNI global refs: 40, weak refs: 912

JNI global refs memory usage: 835, weak refs: 13801

Process memory usage:
Resident Set Size: 318516K (3% of 8020484K total physical memory with 131544K free physical memory)

OOME stack traces (most recent first):
Classloader memory used:
Loader org.gradle.internal.classloader.VisitableURLClassLoader$InstrumentingVisitableURLClassLoader: 118M
Loader java.net.URLClassLoader                                                         : 93428K
Loader org.gradle.internal.classloader.VisitableURLClassLoader                         : 53076K
Loader bootstrap                                                                       : 35822K
Loader org.gradle.initialization.MixInLegacyTypesClassLoader                           : 14944K
Loader jdk.internal.loader.ClassLoaders$AppClassLoader                                 : 9292K
Loader jdk.internal.loader.ClassLoaders$PlatformClassLoader                            : 875K
Loader org.gradle.groovy.scripts.internal.DefaultScriptCompilationHandler$ScriptClassLoader: 814K
Loader jdk.internal.reflect.DelegatingClassLoader                                      : 780K
Loader org.gradle.internal.classloader.VisitableURLClassLoader                         : 384K
Loader jdk.internal.jrtfs.JrtFileSystemProvider$JrtFsLoader                            : 298K
Loader com.intellij.util.lang.UrlClassLoader                                           : 220K
Loader org.codehaus.groovy.runtime.callsite.CallSiteClassLoader                        : 22536B
Loader sun.reflect.misc.MethodUtil                                                     : 2984B

Classes loaded by more than one classloader:
Class Program                                                                         : loaded 15 times (x 72B)
Class Build_gradle                                                                    : loaded 8 times (x 130B)
Class Build_gradle$1                                                                  : loaded 8 times (x 74B)
Class Build_gradle$2                                                                  : loaded 7 times (x 75B)
Class Build_gradle$1$1                                                                : loaded 6 times (x 78B)
Class kotlin.sequences.Sequence                                                       : loaded 4 times (x 70B)
Class com.google.common.collect.Sets$4                                                : loaded 4 times (x 139B)
Class kotlin.collections.ArraysKt___ArraysJvmKt                                       : loaded 4 times (x 71B)
Class com.google.common.collect.RegularImmutableSet                                   : loaded 4 times (x 149B)
Class kotlin.text.StringsKt__RegexExtensionsJVMKt                                     : loaded 4 times (x 71B)
Class kotlin.collections.CollectionsKt__CollectionsKt                                 : loaded 4 times (x 71B)
Class com.google.common.collect.MapDifference                                         : loaded 4 times (x 70B)
Class com.google.common.base.Splitter$1                                               : loaded 4 times (x 77B)
Class kotlin.enums.EnumEntriesList                                                    : loaded 4 times (x 223B)
Class kotlin.collections.CollectionsKt                                                : loaded 4 times (x 71B)
Class com.google.common.collect.ImmutableCollection$Builder                           : loaded 4 times (x 76B)
Class kotlin.collections.CollectionsKt__IteratorsJVMKt                                : loaded 4 times (x 71B)
Class com.google.common.collect.UnmodifiableIterator                                  : loaded 4 times (x 80B)
Class com.google.common.base.Splitter                                                 : loaded 4 times (x 72B)
Class com.google.common.collect.Sets$1                                                : loaded 4 times (x 139B)
Class com.google.common.collect.ImmutableSet$SetBuilderImpl                           : loaded 4 times (x 76B)
Class kotlin.io.CloseableKt                                                           : loaded 4 times (x 71B)
Class kotlin.text.StringsKt__StringsKt                                                : loaded 4 times (x 71B)
Class kotlin.NotImplementedError                                                      : loaded 4 times (x 82B)
Class kotlin.collections.CollectionsKt__MutableCollectionsKt                          : loaded 4 times (x 71B)
Class com.google.common.collect.RegularImmutableAsList                                : loaded 4 times (x 217B)
Class com.google.common.collect.ImmutableEnumMap                                      : loaded 4 times (x 126B)
Class kotlin.text.StringsKt__AppendableKt                                             : loaded 4 times (x 71B)
Class com.google.common.collect.Lists$StringAsImmutableList                           : loaded 4 times (x 207B)
Class com.google.common.collect.ImmutableList                                         : loaded 4 times (x 206B)
Class com.google.common.collect.ImmutableSet$EmptySetBuilderImpl                      : loaded 4 times (x 76B)
Class com.google.common.base.Splitter$Strategy                                        : loaded 4 times (x 70B)
Class kotlin.jvm.internal.markers.KMappedMarker                                       : loaded 4 times (x 70B)
Class kotlin.collections.MapsKt__MapsJVMKt                                            : loaded 4 times (x 71B)
Class kotlin.sequences.ConstrainedOnceSequence                                        : loaded 4 times (x 75B)
Class com.google.common.base.CharMatcher$InRange                                      : loaded 4 times (x 111B)
Class com.google.common.collect.ImmutableSet$Builder                                  : loaded 4 times (x 85B)
Class kotlin.collections.EmptyList                                                    : loaded 4 times (x 174B)
Class com.google.common.base.CharMatcher$And                                          : loaded 4 times (x 112B)
Class com.google.common.collect.BiMap                                                 : loaded 4 times (x 70B)
Class kotlin.NoWhenBranchMatchedException                                             : loaded 4 times (x 82B)
Class com.google.common.collect.Maps$BiMapConverter                                   : loaded 4 times (x 90B)
Class kotlin.Lazy                                                                     : loaded 4 times (x 70B)
Class kotlin.collections.ArraysKt__ArraysKt                                           : loaded 4 times (x 71B)
Class com.google.common.math.MathPreconditions                                        : loaded 4 times (x 71B)
Class kotlin.collections.SetsKt__SetsJVMKt                                            : loaded 4 times (x 71B)
Class kotlin.text.StringsKt__StringBuilderKt                                          : loaded 4 times (x 71B)
Class kotlin.Function                                                                 : loaded 4 times (x 70B)
Class com.google.common.base.NullnessCasts                                            : loaded 4 times (x 71B)
Class kotlin.text.StringsKt__StringsJVMKt                                             : loaded 4 times (x 71B)
Class kotlin.collections.SetsKt                                                       : loaded 4 times (x 71B)
Class kotlin.text.StringsKt__IndentKt                                                 : loaded 4 times (x 71B)
Class kotlin.text.StringsKt__StringNumberConversionsJVMKt                             : loaded 4 times (x 71B)
Class com.google.common.base.JdkPattern                                               : loaded 4 times (x 75B)
Class com.google.common.base.CharMatcher$NamedFastMatcher                             : loaded 4 times (x 112B)
Class com.google.common.base.CharMatcher$1                                            : loaded 4 times (x 113B)
Class kotlin.collections.ArraysKt__ArraysJVMKt                                        : loaded 4 times (x 71B)
Class kotlin.collections.MapsKt__MapsKt                                               : loaded 4 times (x 71B)
Class com.google.common.collect.Sets$2                                                : loaded 4 times (x 139B)
Class kotlin.UninitializedPropertyAccessException                                     : loaded 4 times (x 82B)
Class kotlin.sequences.FilteringSequence$iterator$1                                   : loaded 4 times (x 79B)
Class kotlin.sequences.SequencesKt__SequenceBuilderKt                                 : loaded 4 times (x 71B)
Class kotlin.collections.CollectionsKt__ReversedViewsKt                               : loaded 4 times (x 71B)
Class com.google.common.collect.SingletonImmutableSet                                 : loaded 4 times (x 146B)
Class [Lcom.google.common.base.AbstractIterator$State;                                : loaded 4 times (x 69B)
Class com.google.common.base.CharMatcher$IsEither                                     : loaded 4 times (x 111B)
Class com.google.common.collect.ImmutableSet$JdkBackedSetBuilderImpl                  : loaded 4 times (x 76B)
Class com.google.common.base.Splitter$SplittingIterator                               : loaded 4 times (x 84B)
Class com.google.common.base.CharMatcher                                              : loaded 4 times (x 111B)
Class kotlin.collections.SetsKt__SetsKt                                               : loaded 4 times (x 71B)
Class kotlin.LazyKt                                                                   : loaded 4 times (x 71B)
Class com.google.common.base.CharMatcher$ForPredicate                                 : loaded 4 times (x 112B)
Class kotlin.collections.CollectionsKt__CollectionsJVMKt                              : loaded 4 times (x 71B)
Class com.google.common.base.CharMatcher$AnyOf                                        : loaded 4 times (x 112B)
Class com.google.common.collect.ImmutableCollection                                   : loaded 4 times (x 125B)
Class com.google.common.base.Preconditions                                            : loaded 4 times (x 71B)
Class com.google.common.collect.Hashing                                               : loaded 4 times (x 71B)
Class kotlin.collections.ArraysKt                                                     : loaded 4 times (x 71B)
Class kotlin.sequences.SequencesKt                                                    : loaded 4 times (x 71B)
Class com.google.common.base.CharMatcher$None                                         : loaded 4 times (x 112B)
Class kotlin.collections.AbstractList$Companion                                       : loaded 4 times (x 71B)
Class com.google.common.base.CharMatcher$Is                                           : loaded 4 times (x 111B)
Class com.google.common.base.CharMatcher$Negated                                      : loaded 4 times (x 113B)
Class kotlin.collections.CollectionsKt__IteratorsKt                                   : loaded 4 times (x 71B)
Class kotlin.KotlinNullPointerException                                               : loaded 4 times (x 83B)
Class kotlin.sequences.SequencesKt___SequencesKt                                      : loaded 4 times (x 71B)
Class com.google.common.base.Converter                                                : loaded 4 times (x 90B)
Class com.google.common.collect.ImmutableSet$CachingAsList                            : loaded 4 times (x 148B)
Class com.google.common.collect.Lists                                                 : loaded 4 times (x 71B)
Class kotlin.text.StringsKt                                                           : loaded 4 times (x 71B)
Class com.google.common.collect.ImmutableAsList                                       : loaded 4 times (x 209B)
Class kotlin.text.StringsKt__StringNumberConversionsKt                                : loaded 4 times (x 71B)
Class com.google.common.collect.Maps$EntryTransformer                                 : loaded 4 times (x 70B)
Class com.google.common.base.CharMatcher$IsNot                                        : loaded 4 times (x 111B)
Class kotlin.collections.CollectionsKt__IterablesKt                                   : loaded 4 times (x 71B)
Class kotlin.collections.MapsKt                                                       : loaded 4 times (x 71B)
Class com.google.common.base.CommonPattern                                            : loaded 4 times (x 74B)
Class kotlin.jvm.internal.Intrinsics                                                  : loaded 4 times (x 71B)
Class com.google.common.math.IntMath                                                  : loaded 4 times (x 71B)
Class com.google.common.base.Function                                                 : loaded 4 times (x 70B)
Class kotlin.enums.EnumEntries                                                        : loaded 4 times (x 70B)
Class com.google.common.collect.Maps                                                  : loaded 4 times (x 71B)
Class com.google.common.collect.Sets$3                                                : loaded 4 times (x 139B)
Class kotlin.collections.EmptyIterator                                                : loaded 4 times (x 89B)
Class kotlin.SynchronizedLazyImpl                                                     : loaded 4 times (x 76B)
Class com.google.common.collect.ImmutableEnumSet                                      : loaded 4 times (x 146B)
Class kotlin.text.StringsKt__RegexExtensionsKt                                        : loaded 4 times (x 71B)
Class com.google.common.base.AbstractIterator$State                                   : loaded 4 times (x 79B)
Class com.google.common.collect.ImmutableSet$RegularSetBuilderImpl                    : loaded 4 times (x 77B)
Class kotlin.sequences.SequencesKt__SequencesJVMKt                                    : loaded 4 times (x 71B)
Class com.google.common.collect.Maps$8                                                : loaded 4 times (x 82B)
Class kotlin.collections.AbstractList                                                 : loaded 4 times (x 197B)
Class kotlin.enums.EnumEntriesKt                                                      : loaded 4 times (x 71B)
Class kotlin.collections.CollectionsKt__MutableCollectionsJVMKt                       : loaded 4 times (x 71B)
Class kotlin.text.StringsKt___StringsKt                                               : loaded 4 times (x 71B)
Class kotlin.collections.AbstractCollection                                           : loaded 4 times (x 117B)
Class com.google.common.collect.ImmutableMap$IteratorBasedImmutableMap                : loaded 4 times (x 126B)
Class kotlin.LazyKt__LazyJVMKt                                                        : loaded 4 times (x 71B)
Class kotlin.LazyKt__LazyKt                                                           : loaded 4 times (x 71B)
Class kotlin.collections.MapsKt__MapWithDefaultKt                                     : loaded 4 times (x 71B)
Class kotlin.text.StringsKt__StringBuilderJVMKt                                       : loaded 4 times (x 71B)
Class com.google.common.collect.SortedMapDifference                                   : loaded 4 times (x 70B)
Class kotlin.collections.MapsKt___MapsKt                                              : loaded 4 times (x 71B)
Class kotlin.collections.ArraysKt___ArraysKt                                          : loaded 4 times (x 71B)
Class com.google.common.collect.Sets$SetView                                          : loaded 4 times (x 138B)
Class Build_gradle$3                                                                  : loaded 4 times (x 78B)
Class kotlin.UNINITIALIZED_VALUE                                                      : loaded 4 times (x 71B)
Class kotlin.text.StringsKt___StringsJvmKt                                            : loaded 4 times (x 71B)
Class kotlin.sequences.SequencesKt__SequencesKt                                       : loaded 4 times (x 71B)
Class kotlin.collections.SetsKt___SetsKt                                              : loaded 4 times (x 71B)
Class com.google.common.math.IntMath$1                                                : loaded 4 times (x 71B)
Class kotlin.collections.CollectionsKt___CollectionsKt                                : loaded 4 times (x 71B)
Class kotlin.sequences.FilteringSequence                                              : loaded 4 times (x 75B)
Class com.google.common.base.AbstractIterator                                         : loaded 4 times (x 80B)
Class com.google.common.collect.ImmutableSet                                          : loaded 4 times (x 145B)
Class com.google.common.base.CharMatcher$BitSetMatcher                                : loaded 4 times (x 112B)
Class kotlin.collections.CollectionsKt___CollectionsJvmKt                             : loaded 4 times (x 71B)
Class com.google.common.base.CharMatcher$NegatedFastMatcher                           : loaded 4 times (x 113B)
Class kotlin.collections.MapsKt___MapsJvmKt                                           : loaded 4 times (x 71B)
Class kotlin.Unit                                                                     : loaded 4 times (x 71B)
Class com.google.common.base.Predicate                                                : loaded 4 times (x 70B)
Class kotlin.jvm.functions.Function2                                                  : loaded 4 times (x 70B)
Class kotlin.sequences.SequencesKt___SequencesJvmKt                                   : loaded 4 times (x 71B)
Class com.google.common.base.CharMatcher$Or                                           : loaded 4 times (x 112B)
Class com.google.common.collect.ImmutableMap                                          : loaded 4 times (x 120B)
Class kotlin.collections.ArraysUtilJVM                                                : loaded 4 times (x 71B)
Class kotlin.jvm.functions.Function0                                                  : loaded 4 times (x 70B)
Class kotlin.jvm.functions.Function1                                                  : loaded 4 times (x 70B)
Class com.google.common.collect.Sets                                                  : loaded 4 times (x 71B)
Class com.google.common.base.CharMatcher$FastMatcher                                  : loaded 4 times (x 111B)
Class com.google.common.collect.HashBiMap                                             : loaded 3 times (x 143B)
Class com.google.common.collect.MapMakerInternalMap                                   : loaded 3 times (x 161B)
Class org.jetbrains.kotlin.cli.common.messages.GradleStyleMessageRenderer             : loaded 3 times (x 78B)
Class com.google.common.base.Strings                                                  : loaded 3 times (x 71B)
Class com.android.SdkConstants                                                        : loaded 3 times (x 71B)
Class Settings_gradle                                                                 : loaded 3 times (x 128B)
Class com.google.common.io.CharSource$AsByteSource                                    : loaded 3 times (x 85B)
Class com.google.common.collect.ImmutableMap$MapViewOfValuesAsSingletonSets           : loaded 3 times (x 126B)
Class com.google.common.collect.RegularImmutableMap                                   : loaded 3 times (x 121B)
Class kotlin.sequences.FlatteningSequence$iterator$1                                  : loaded 3 times (x 79B)
Class org.objectweb.asm.Attribute                                                     : loaded 3 times (x 77B)
Class com.google.common.base.Supplier                                                 : loaded 3 times (x 70B)
Class kotlin.ranges.RangesKt                                                          : loaded 3 times (x 71B)
Class com.google.common.io.Closer$Suppressor                                          : loaded 3 times (x 70B)
Class com.google.common.io.LineProcessor                                              : loaded 3 times (x 70B)
Class com.google.common.io.ByteArrayDataOutput                                        : loaded 3 times (x 70B)
Class kotlin.TuplesKt                                                                 : loaded 3 times (x 71B)
Class kotlin.KotlinNothingValueException                                              : loaded 3 times (x 82B)
Class kotlin.jvm.functions.Function3                                                  : loaded 3 times (x 70B)
Class kotlin.jvm.internal.markers.KMutableIterable                                    : loaded 3 times (x 70B)
Class com.google.common.collect.AbstractMapBasedMultimap$1                            : loaded 3 times (x 84B)
Class com.google.common.io.ByteSource$EmptyByteSource                                 : loaded 3 times (x 85B)
Class kotlin.jvm.internal.FunctionReferenceImpl                                       : loaded 3 times (x 122B)
Class kotlin.ranges.IntProgression$Companion                                          : loaded 3 times (x 71B)
Class kotlin.text.DelimitedRangesSequence                                             : loaded 3 times (x 75B)
Class com.google.common.io.Closer                                                     : loaded 3 times (x 78B)
Class com.google.common.collect.RegularImmutableMap$Values                            : loaded 3 times (x 207B)
Class com.google.common.collect.MapMakerInternalMap$WeakValueReference                : loaded 3 times (x 70B)
Class com.google.common.collect.AbstractRangeSet                                      : loaded 3 times (x 114B)
Class kotlin.sequences.TransformingSequence                                           : loaded 3 times (x 75B)
Class [Lorg.jetbrains.kotlin.build.report.metrics.GradleBuildTime;                    : loaded 3 times (x 69B)
Class kotlin.collections.EmptySet                                                     : loaded 3 times (x 122B)
Class kotlin.collections.builders.MapBuilder                                          : loaded 3 times (x 112B)
Class it.unimi.dsi.fastutil.Hash$Strategy                                             : loaded 3 times (x 70B)
Class kotlin.text.CharsKt__CharJVMKt                                                  : loaded 3 times (x 71B)
Class kotlin.coroutines.jvm.internal.BaseContinuationImpl                             : loaded 3 times (x 87B)
Class kotlin.Result$Companion                                                         : loaded 3 times (x 71B)
Class kotlin.comparisons.ComparisonsKt___ComparisonsKt                                : loaded 3 times (x 71B)
Class it.unimi.dsi.fastutil.objects.ReferenceSet                                      : loaded 3 times (x 70B)
Class kotlin.comparisons.ComparisonsKt                                                : loaded 3 times (x 71B)
Class com.google.common.io.Files$FileByteSink                                         : loaded 3 times (x 77B)
Class com.google.common.collect.ArrayListMultimap                                     : loaded 3 times (x 172B)
Class com.google.common.collect.UnmodifiableListIterator                              : loaded 3 times (x 95B)
Class org.objectweb.asm.ClassVisitor                                                  : loaded 3 times (x 88B)
Class [Lcom.google.common.collect.AbstractMapEntry;                                   : loaded 3 times (x 69B)
Class com.google.common.collect.ImmutableEntry                                        : loaded 3 times (x 82B)
Class kotlin.ranges.RangesKt__RangesKt                                                : loaded 3 times (x 71B)
Class kotlin.coroutines.Continuation                                                  : loaded 3 times (x 70B)
Class kotlin.coroutines.CoroutineContext$Element$DefaultImpls                         : loaded 3 times (x 71B)
Class kotlin.comparisons.ComparisonsKt__ComparisonsKt                                 : loaded 3 times (x 71B)
Class com.google.common.graph.SuccessorsFunction                                      : loaded 3 times (x 70B)
Class org.objectweb.asm.Type                                                          : loaded 3 times (x 72B)
Class com.google.common.collect.RegularImmutableBiMap$Inverse                         : loaded 3 times (x 143B)
Class kotlin.reflect.KDeclarationContainer                                            : loaded 3 times (x 70B)
Class kotlin.jvm.internal.Ref$ObjectRef                                               : loaded 3 times (x 72B)
Class kotlin.internal.jdk8.JDK8PlatformImplementations                                : loaded 3 times (x 76B)
Class com.google.common.io.CharSource$EmptyCharSource                                 : loaded 3 times (x 86B)
Class com.google.common.collect.ImmutableRangeSet$Builder                             : loaded 3 times (x 77B)
Class [Lcom.google.common.collect.Iterators$EmptyModifiableIterator;                  : loaded 3 times (x 69B)
Class com.google.common.collect.CollectPreconditions                                  : loaded 3 times (x 71B)
Class kotlin.text.Regex                                                               : loaded 3 times (x 72B)
Class [Lcom.google.common.collect.MapMakerInternalMap$Strength;                       : loaded 3 times (x 69B)
Class it.unimi.dsi.fastutil.objects.ObjectSet                                         : loaded 3 times (x 70B)
Class kotlin.collections.ArrayAsCollection                                            : loaded 3 times (x 105B)
Class com.google.common.io.Files                                                      : loaded 3 times (x 71B)
Class kotlin.collections.builders.MapBuilder$Companion                                : loaded 3 times (x 71B)
Class com.google.common.base.CharMatcher$Whitespace                                   : loaded 3 times (x 112B)
Class com.google.common.base.Splitter$1$1                                             : loaded 3 times (x 86B)
Class [Lkotlin.LazyThreadSafetyMode;                                                  : loaded 3 times (x 69B)
Class com.google.common.collect.ImmutableMapKeySet                                    : loaded 3 times (x 152B)
Class com.google.common.base.Platform                                                 : loaded 3 times (x 71B)
Class com.google.common.collect.ImmutableList$1                                       : loaded 3 times (x 97B)
Class kotlin.jvm.internal.PropertyReference1Impl                                      : loaded 3 times (x 127B)
Class com.google.common.collect.ImmutableRangeSet$ComplementRanges                    : loaded 3 times (x 207B)
Class it.unimi.dsi.fastutil.HashCommon                                                : loaded 3 times (x 71B)
Class kotlin.io.LinesSequence                                                         : loaded 3 times (x 75B)
Class kotlin.jvm.internal.ArrayIterator                                               : loaded 3 times (x 79B)
Class kotlin.jvm.internal.markers.KMutableCollection                                  : loaded 3 times (x 70B)
Class [Lcom.google.common.collect.ImmutableEntry;                                     : loaded 3 times (x 69B)
Class com.google.common.collect.MapMaker                                              : loaded 3 times (x 72B)
Class kotlin.LazyKt__LazyJVMKt$WhenMappings                                           : loaded 3 times (x 71B)
Class kotlin.UnsafeLazyImpl                                                           : loaded 3 times (x 76B)
Class com.google.common.io.CharSource                                                 : loaded 3 times (x 85B)
Class kotlin.coroutines.intrinsics.IntrinsicsKt                                       : loaded 3 times (x 71B)
Class kotlin.jvm.internal.PropertyReference1                                          : loaded 3 times (x 127B)
Class it.unimi.dsi.fastutil.Hash                                                      : loaded 3 times (x 70B)
Class kotlin.sequences.EmptySequence                                                  : loaded 3 times (x 78B)
Class org.gradle.kotlin.dsl.TestImplementationConfigurationAccessorsKt                : loaded 3 times (x 71B)
Class com.android.sdklib.AndroidVersion                                               : loaded 3 times (x 75B)
Class com.google.common.collect.MapMakerInternalMap$Strength                          : loaded 3 times (x 80B)
Class com.google.common.collect.RegularImmutableList                                  : loaded 3 times (x 213B)
Class com.google.common.collect.IndexedImmutableSet$1                                 : loaded 3 times (x 213B)
Class [Lorg.jetbrains.kotlin.cli.common.CompilerSystemProperties;                     : loaded 3 times (x 69B)
Class com.google.common.collect.ImmutableMapEntry$NonTerminalImmutableMapEntry        : loaded 3 times (x 85B)
Class com.google.common.base.Platform$JdkPatternCompiler                              : loaded 3 times (x 75B)
Class com.google.common.base.Equivalence                                              : loaded 3 times (x 82B)
Class kotlin.ranges.IntRange$Companion                                                : loaded 3 times (x 71B)
Class kotlin.collections.EmptyMap                                                     : loaded 3 times (x 109B)
Class org.jetbrains.kotlin.build.report.metrics.BuildTime                             : loaded 3 times (x 70B)
Class com.google.common.collect.ImmutableMapEntry                                     : loaded 3 times (x 85B)
Class com.google.common.collect.MapMakerInternalMap$InternalEntry                     : loaded 3 times (x 70B)
Class [Lcom.google.common.collect.HashBiMap$BiEntry;                                  : loaded 3 times (x 69B)
Class kotlin.ranges.IntRange                                                          : loaded 3 times (x 93B)
Class kotlin.jvm.internal.markers.KMutableMap                                         : loaded 3 times (x 70B)
Class com.google.common.collect.RegularImmutableSortedSet                             : loaded 3 times (x 300B)
Class kotlin.reflect.KAnnotatedElement                                                : loaded 3 times (x 70B)
Class kotlin.jvm.internal.CallableReference                                           : loaded 3 times (x 106B)
Class it.unimi.dsi.fastutil.objects.AbstractObjectCollection                          : loaded 3 times (x 143B)
Class kotlin.coroutines.intrinsics.CoroutineSingletons                                : loaded 3 times (x 79B)
Class it.unimi.dsi.fastutil.objects.ObjectCollection                                  : loaded 3 times (x 70B)
Class com.google.common.collect.ImmutableSortedSet                                    : loaded 3 times (x 300B)
Class org.jetbrains.kotlin.cli.common.CompilerSystemProperties$value$2                : loaded 3 times (x 125B)
Class kotlin.internal.PlatformImplementations                                         : loaded 3 times (x 76B)
Class [Lkotlin.sequences.Sequence;                                                    : loaded 3 times (x 69B)
Class com.google.common.io.ByteStreams$LimitedInputStream                             : loaded 3 times (x 92B)
Class org.objectweb.asm.MethodWriter                                                  : loaded 3 times (x 106B)
Class org.jetbrains.kotlin.cli.common.CompilerSystemProperties$value$1                : loaded 3 times (x 125B)
Class kotlin.jvm.KotlinReflectionNotSupportedError                                    : loaded 3 times (x 82B)
Class kotlin.coroutines.CoroutineContext$Key                                          : loaded 3 times (x 70B)
Class com.google.common.base.FunctionalEquivalence                                    : loaded 3 times (x 83B)
Class com.google.common.collect.Iterators$9                                           : loaded 3 times (x 81B)
Class com.google.common.collect.AbstractMapBasedMultimap                              : loaded 3 times (x 139B)
Class com.google.common.collect.RegularImmutableMap$BucketOverflowException           : loaded 3 times (x 82B)
Class kotlin.SafePublicationLazyImpl$Companion                                        : loaded 3 times (x 71B)
Class kotlin.jvm.internal.markers.KMutableSet                                         : loaded 3 times (x 70B)
Class org.jetbrains.kotlin.build.report.metrics.GradleBuildTime$Companion             : loaded 3 times (x 71B)
Class org.gradle.kotlin.dsl.ImplementationConfigurationAccessorsKt                    : loaded 3 times (x 71B)
Class org.jetbrains.kotlin.cli.jvm.compiler.KotlinCoreEnvironment$Companion           : loaded 3 times (x 71B)
Class kotlin.ranges.OpenEndRange                                                      : loaded 3 times (x 70B)
Class kotlin.text.Charsets                                                            : loaded 3 times (x 71B)
Class org.jetbrains.kotlin.cli.common.CompilerSystemProperties$Companion              : loaded 3 times (x 71B)
Class kotlin.ranges.RangesKt___RangesKt                                               : loaded 3 times (x 71B)
Class com.google.common.collect.RegularImmutableBiMap                                 : loaded 3 times (x 149B)
Class kotlin.coroutines.jvm.internal.Boxing                                           : loaded 3 times (x 71B)
Class com.google.common.io.ByteSource$ConcatenatedByteSource                          : loaded 3 times (x 85B)
Class kotlin.text.CharsKt__CharKt                                                     : loaded 3 times (x 71B)
Class com.google.common.hash.PrimitiveSink                                            : loaded 3 times (x 70B)
Class com.google.common.base.Equivalence$Equals                                       : loaded 3 times (x 82B)
Class com.google.common.base.PatternCompiler                                          : loaded 3 times (x 70B)
Class kotlin.coroutines.EmptyCoroutineContext                                         : loaded 3 times (x 77B)
Class kotlin.coroutines.intrinsics.IntrinsicsKt__IntrinsicsKt                         : loaded 3 times (x 71B)
Class com.google.common.collect.Iterators$5                                           : loaded 3 times (x 82B)
Class [Lcom.google.common.collect.MapMakerInternalMap$Segment;                        : loaded 3 times (x 69B)
Class com.google.common.base.Joiner$1                                                 : loaded 3 times (x 80B)
Class com.google.common.collect.ImmutableBiMap                                        : loaded 3 times (x 143B)
Class com.google.common.collect.SortedIterable                                        : loaded 3 times (x 70B)
Class com.google.common.collect.Iterators$4                                           : loaded 3 times (x 82B)
Class com.google.common.collect.AbstractListMultimap                                  : loaded 3 times (x 172B)
Class org.jetbrains.kotlin.cli.jvm.compiler.KotlinCoreEnvironment                     : loaded 3 times (x 72B)
Class it.unimi.dsi.fastutil.objects.ObjectIterator                                    : loaded 3 times (x 70B)
Class kotlin.SafePublicationLazyImpl                                                  : loaded 3 times (x 76B)
Class kotlin.reflect.KProperty$Getter                                                 : loaded 3 times (x 70B)
Class com.google.common.collect.PeekingIterator                                       : loaded 3 times (x 70B)
Class kotlin.jvm.internal.CollectionToArray                                           : loaded 3 times (x 71B)
Class org.objectweb.asm.Label                                                         : loaded 3 times (x 73B)
Class kotlin.sequences.SequencesKt___SequencesKt$flatMap$2                            : loaded 3 times (x 125B)
Class kotlin.collections.AbstractMutableSet                                           : loaded 3 times (x 142B)
Class com.google.common.collect.Iterators$1                                           : loaded 3 times (x 81B)
Class com.google.common.io.CharSource$CharSequenceCharSource                          : loaded 3 times (x 86B)
Class it.unimi.dsi.fastutil.objects.ObjectIterable                                    : loaded 3 times (x 70B)
Class kotlin.jvm.internal.Lambda                                                      : loaded 3 times (x 75B)
Class com.android.sdklib.AndroidApiLevel$Companion                                    : loaded 3 times (x 71B)
Class org.jetbrains.kotlin.cli.common.messages.MessageCollector$Companion$NONE$1      : loaded 3 times (x 76B)
Class com.google.common.io.Files$FileByteSource                                       : loaded 3 times (x 85B)
Class com.google.common.collect.ImmutableList$ReverseImmutableList                    : loaded 3 times (x 209B)
Class com.google.common.io.ByteSource$AsCharSource                                    : loaded 3 times (x 86B)
Class kotlin.reflect.KFunction                                                        : loaded 3 times (x 70B)
Class com.google.common.collect.Table                                                 : loaded 3 times (x 70B)
Class com.google.common.io.ByteSink                                                   : loaded 3 times (x 76B)
Class com.google.common.collect.SingletonImmutableList                                : loaded 3 times (x 207B)
Class com.google.common.collect.Maps$IteratorBasedAbstractMap                         : loaded 3 times (x 125B)
Class com.google.common.base.Joiner$2                                                 : loaded 3 times (x 79B)
Class com.google.common.collect.MapMakerInternalMap$Segment                           : loaded 3 times (x 142B)
Class com.google.common.collect.NullnessCasts                                         : loaded 3 times (x 71B)
Class com.google.common.base.ExtraObjectsMethodsForWeb                                : loaded 3 times (x 71B)
Class com.google.common.collect.MapMakerInternalMap$InternalEntryHelper               : loaded 3 times (x 70B)
Class [Lcom.google.common.collect.ImmutableMapEntry;                                  : loaded 3 times (x 69B)
Class kotlin.jvm.internal.TypeIntrinsics                                              : loaded 3 times (x 71B)
Class com.google.common.collect.Multimap                                              : loaded 3 times (x 70B)
Class com.google.common.primitives.IntsMethodsForWeb                                  : loaded 3 times (x 71B)
Class org.jetbrains.kotlin.cli.common.messages.MessageCollector                       : loaded 3 times (x 70B)
Class com.android.sdklib.AndroidApiLevel                                              : loaded 3 times (x 74B)
Class kotlin.reflect.KProperty                                                        : loaded 3 times (x 70B)
Class kotlin.ranges.ClosedRange                                                       : loaded 3 times (x 70B)
Class org.jetbrains.kotlin.build.report.metrics.BuildMetricsReporter                  : loaded 3 times (x 70B)
Class com.google.common.collect.ImmutableMap$Builder                                  : loaded 3 times (x 82B)
Class com.google.common.collect.RangeGwtSerializationDependencies                     : loaded 3 times (x 71B)
Class kotlin.jvm.internal.PropertyReference                                           : loaded 3 times (x 115B)
Class kotlin.internal.PlatformImplementationsKt                                       : loaded 3 times (x 71B)
Class com.google.common.collect.AbstractMultimap$Values                               : loaded 3 times (x 118B)
Class kotlin.internal.ProgressionUtilKt                                               : loaded 3 times (x 71B)
Class com.google.common.collect.ImmutableMapEntrySet                                  : loaded 3 times (x 152B)
Class org.objectweb.asm.MethodVisitor                                                 : loaded 3 times (x 105B)
Class kotlin.jvm.internal.CallableReference$NoReceiver                                : loaded 3 times (x 71B)
Class com.google.common.collect.AbstractIndexedListIterator                           : loaded 3 times (x 96B)
Class com.google.common.collect.ObjectArrays                                          : loaded 3 times (x 71B)
Class com.google.common.collect.ArrayListMultimapGwtSerializationDependencies         : loaded 3 times (x 172B)
Class com.google.common.collect.Multiset                                              : loaded 3 times (x 70B)
Class com.google.common.collect.RegularImmutableBiMap$Inverse$InverseEntrySet         : loaded 3 times (x 152B)
Class com.google.common.collect.RangeSet                                              : loaded 3 times (x 70B)
Class kotlin.Result$Failure                                                           : loaded 3 times (x 72B)
Class com.google.common.primitives.Ints                                               : loaded 3 times (x 71B)
Class com.google.common.collect.AbstractIterator                                      : loaded 3 times (x 82B)
Class kotlin.ResultKt                                                                 : loaded 3 times (x 71B)
Class com.google.common.collect.ImmutableMap$1                                        : loaded 3 times (x 81B)
Class com.google.common.collect.IndexedImmutableSet                                   : loaded 3 times (x 152B)
Class com.google.common.collect.AbstractMapBasedMultimap$Itr                          : loaded 3 times (x 83B)
Class com.google.common.base.Objects                                                  : loaded 3 times (x 71B)
Class com.google.common.collect.CollectCollectors                                     : loaded 3 times (x 71B)
Class kotlin.collections.builders.ListBuilderKt                                       : loaded 3 times (x 71B)
Class kotlin.coroutines.ContinuationInterceptor                                       : loaded 3 times (x 70B)
Class kotlin.coroutines.ContinuationKt                                                : loaded 3 times (x 71B)
Class com.google.common.collect.ImmutableBiMap$Builder                                : loaded 3 times (x 82B)
Class com.google.common.collect.ImmutableMapEntrySet$RegularEntrySet                  : loaded 3 times (x 152B)
Class com.android.manifmerger.ManifestMerger2$MergeFailureException                   : loaded 3 times (x 82B)
Class org.jetbrains.kotlin.cli.common.messages.MessageRenderer                        : loaded 3 times (x 70B)
Class com.google.common.io.ByteStreams$1                                              : loaded 3 times (x 85B)
Class kotlin.collections.ArraysKt___ArraysKt$asSequence$$inlined$Sequence$1           : loaded 3 times (x 75B)
Class [Lorg.jetbrains.kotlin.build.report.metrics.BuildTime;                          : loaded 3 times (x 69B)
Class com.google.common.collect.RegularImmutableMap$KeySet                            : loaded 3 times (x 152B)
Class com.google.common.base.Equivalence$Identity                                     : loaded 3 times (x 82B)
Class com.google.common.base.PairwiseEquivalence                                      : loaded 3 times (x 83B)
Class it.unimi.dsi.fastutil.Function                                                  : loaded 3 times (x 70B)
Class com.google.common.collect.ListMultimap                                          : loaded 3 times (x 70B)
Class com.google.common.collect.ImmutableRangeSet                                     : loaded 3 times (x 115B)
Class kotlin.text.DelimitedRangesSequence$iterator$1                                  : loaded 3 times (x 79B)
Class kotlin.coroutines.ContinuationInterceptor$Key                                   : loaded 3 times (x 71B)
Class com.google.common.collect.Range                                                 : loaded 3 times (x 87B)
Class com.google.common.collect.Iterators                                             : loaded 3 times (x 71B)
Class kotlin.text.CharsKt                                                             : loaded 3 times (x 71B)
Class kotlin.io.LinesSequence$iterator$1                                              : loaded 3 times (x 79B)
Class org.jetbrains.kotlin.cli.common.messages.MessageCollector$Companion             : loaded 3 times (x 71B)
Class com.google.common.collect.ImmutableRangeSet$1                                   : loaded 3 times (x 210B)
Class com.google.common.io.ByteSource$SlicedByteSource                                : loaded 3 times (x 85B)
Class kotlin.reflect.KCallable                                                        : loaded 3 times (x 70B)
Class kotlin.jvm.internal.AdaptedFunctionReference                                    : loaded 3 times (x 77B)
Class kotlin.coroutines.CoroutineContext$Element                                      : loaded 3 times (x 70B)
Class com.google.common.collect.ImmutableList$Builder                                 : loaded 3 times (x 77B)
Class com.google.common.collect.AbstractMultimap                                      : loaded 3 times (x 123B)
Class com.google.common.io.ByteSource$ByteArrayByteSource                             : loaded 3 times (x 85B)
Class com.google.common.io.CharSource$StringCharSource                                : loaded 3 times (x 86B)
Class org.objectweb.asm.ClassReader                                                   : loaded 3 times (x 94B)
Class kotlin.coroutines.jvm.internal.SuspendFunction                                  : loaded 3 times (x 70B)
Class kotlin.internal.jdk7.JDK7PlatformImplementations                                : loaded 3 times (x 76B)
Class com.google.common.collect.AbstractMapEntry                                      : loaded 3 times (x 81B)
Class com.google.common.collect.Iterators$SingletonIterator                           : loaded 3 times (x 81B)
Class com.google.common.collect.SingletonImmutableBiMap                               : loaded 3 times (x 143B)
Class com.google.common.collect.HashBiMap$BiEntry                                     : loaded 3 times (x 83B)
Class kotlin.Pair                                                                     : loaded 3 times (x 72B)
Class kotlin.reflect.KProperty$Accessor                                               : loaded 3 times (x 70B)
Class kotlin.jvm.internal.ArrayIteratorKt                                             : loaded 3 times (x 71B)
Class org.jetbrains.kotlin.util.capitalizeDecapitalize.CapitalizeDecapitalizeKt       : loaded 3 times (x 71B)
Class kotlin.jvm.internal.Ref$BooleanRef                                              : loaded 3 times (x 71B)
Class com.google.common.collect.Iterators$EmptyModifiableIterator                     : loaded 3 times (x 86B)
Class kotlin.reflect.KProperty1                                                       : loaded 3 times (x 70B)
Class kotlin.sequences.TransformingSequence$iterator$1                                : loaded 3 times (x 79B)
Class org.jetbrains.kotlin.build.report.metrics.GradleBuildTime                       : loaded 3 times (x 88B)
Class [Lorg.objectweb.asm.Attribute;                                                  : loaded 3 times (x 69B)
Class [Lorg.objectweb.asm.Type;                                                       : loaded 3 times (x 69B)
Class com.google.common.collect.Platform                                              : loaded 3 times (x 71B)
Class com.google.common.base.Splitter$5                                               : loaded 3 times (x 80B)
Class it.unimi.dsi.fastutil.ints.IntCollection                                        : loaded 3 times (x 70B)
Class kotlin.coroutines.intrinsics.IntrinsicsKt__IntrinsicsJvmKt                      : loaded 3 times (x 71B)
Class kotlin.Result                                                                   : loaded 3 times (x 72B)
Class com.google.common.base.MoreObjects                                              : loaded 3 times (x 71B)
Class com.google.common.collect.ImmutableMapEntry$NonTerminalImmutableBiMapEntry      : loaded 3 times (x 85B)
Class com.google.common.base.Joiner                                                   : loaded 3 times (x 79B)
Class kotlin.coroutines.jvm.internal.CoroutineStackFrame                              : loaded 3 times (x 70B)
Class kotlin.comparisons.ComparisonsKt___ComparisonsJvmKt                             : loaded 3 times (x 71B)
Class com.google.common.collect.ImmutableRangeSet$AsSet                               : loaded 3 times (x 300B)
Class com.google.common.collect.Iterators$ArrayItr                                    : loaded 3 times (x 97B)
Class com.google.common.collect.ImmutableList$SubList                                 : loaded 3 times (x 209B)
Class com.google.common.io.ByteSource                                                 : loaded 3 times (x 84B)
Class kotlin.jvm.internal.FunctionBase                                                : loaded 3 times (x 70B)
Class kotlin.jvm.internal.FunctionReference                                           : loaded 3 times (x 122B)
Class it.unimi.dsi.fastutil.objects.ReferenceCollection                               : loaded 3 times (x 70B)
Class [Lkotlin.coroutines.intrinsics.CoroutineSingletons;                             : loaded 3 times (x 69B)
Class com.android.utils.Pair                                                          : loaded 3 times (x 72B)
Class kotlin.text.Regex$Companion                                                     : loaded 3 times (x 71B)
Class kotlin._Assertions                                                              : loaded 3 times (x 71B)
Class com.google.common.collect.TransformedIterator                                   : loaded 3 times (x 80B)
Class com.google.common.io.ByteStreams                                                : loaded 3 times (x 71B)
Class kotlin.io.TextStreamsKt                                                         : loaded 3 times (x 71B)
Class kotlin.coroutines.jvm.internal.CompletedContinuation                            : loaded 3 times (x 75B)
Class kotlin.coroutines.jvm.internal.DebugProbesKt                                    : loaded 3 times (x 71B)
Class kotlin.coroutines.CoroutineContext                                              : loaded 3 times (x 70B)
Class com.google.common.collect.Iterators$MergingIterator                             : loaded 3 times (x 81B)
Class kotlin.coroutines.jvm.internal.ContinuationImpl                                 : loaded 3 times (x 87B)
Class kotlin.coroutines.jvm.internal.SuspendLambda                                    : loaded 3 times (x 91B)
Class it.unimi.dsi.fastutil.objects.ObjectSpliterator                                 : loaded 3 times (x 70B)
Class com.google.common.collect.MapMakerInternalMap$StrongValueEntry                  : loaded 3 times (x 70B)
Class com.google.common.io.ByteArrayDataInput                                         : loaded 3 times (x 70B)
Class com.google.common.collect.MapMakerInternalMap$1                                 : loaded 3 times (x 83B)
Class org.objectweb.asm.Context                                                       : loaded 3 times (x 72B)
Class com.google.common.collect.Iterables                                             : loaded 3 times (x 71B)
Class kotlin.sequences.DropTakeSequence                                               : loaded 3 times (x 70B)
Class it.unimi.dsi.fastutil.ints.IntSet                                               : loaded 3 times (x 70B)
Class it.unimi.dsi.fastutil.ints.IntIterable                                          : loaded 3 times (x 70B)
Class com.google.common.io.CharSource$ConcatenatedCharSource                          : loaded 3 times (x 86B)
Class com.google.common.collect.MapMakerInternalMap$Strength$1                        : loaded 3 times (x 80B)
Class com.google.common.collect.MapMakerInternalMap$Strength$2                        : loaded 3 times (x 80B)
Class kotlin.sequences.FlatteningSequence                                             : loaded 3 times (x 75B)
Class org.jetbrains.kotlin.cli.common.CompilerSystemProperties                        : loaded 3 times (x 80B)
Class kotlin.LazyThreadSafetyMode                                                     : loaded 3 times (x 79B)
Class kotlin.collections.CollectionsKt___CollectionsKt$asSequence$$inlined$Sequence$1 : loaded 3 times (x 75B)
Class kotlin.ranges.IntProgression                                                    : loaded 3 times (x 81B)
Class [Lcom.google.common.base.Function;                                              : loaded 2 times (x 69B)
Class com.google.common.collect.NaturalOrdering                                       : loaded 2 times (x 115B)
Class com.google.common.collect.Maps$ViewCachingAbstractMap                           : loaded 2 times (x 125B)
Class org.jetbrains.kotlin.gradle.tasks.configuration.KaptGenerateStubsConfig$Companion$wireJavaAndKotlinOutputs$1: loaded 2 times (x 79B)
Class org.jetbrains.kotlin.gradle.plugin.KotlinPluginLifecycleCoroutineContextElement : loaded 2 times (x 84B)
Class org.jetbrains.kotlin.gradle.dsl.PlatformSourceSetConventionsChecker             : loaded 2 times (x 74B)
Class org.jetbrains.kotlin.gradle.plugin.diagnostics.checkers.KotlinSourceSetTreeDependsOnMismatchChecker: loaded 2 times (x 74B)
Class org.jetbrains.kotlin.gradle.targets.CreateDefaultCompilationsSideEffectKt       : loaded 2 times (x 71B)
Class org.jetbrains.kotlin.gradle.plugin.mpp.SyncLanguageSettingsWithKotlinExtensionSetupActionKt: loaded 2 times (x 71B)
Class org.jetbrains.kotlin.statistics.metrics.NumericalMetrics                        : loaded 2 times (x 80B)
Class org.jetbrains.kotlin.gradle.plugin.VariantImplementationFactories$Companion$getProvider$2$1: loaded 2 times (x 79B)
Class [Lorg.gradle.api.internal.ClassPathProvider;                                    : loaded 2 times (x 69B)
Class org.gradle.api.internal.ClassPathProvider                                       : loaded 2 times (x 70B)
Class com.google.common.collect.LinkedHashMultimapGwtSerializationDependencies        : loaded 2 times (x 174B)
Class org.jetbrains.kotlin.load.java.structure.impl.classFiles.BinaryClassSignatureParser: loaded 2 times (x 72B)
Class kotlinx.coroutines.JobNode                                                      : loaded 2 times (x 90B)
Class com.fasterxml.aalto.util.BufferRecycler                                         : loaded 2 times (x 72B)
Class kotlinx.coroutines.ParentJob                                                    : loaded 2 times (x 70B)
Class kotlinx.coroutines.Delay                                                        : loaded 2 times (x 70B)
Class com.intellij.openapi.extensions.impl.ExtensionPointImpl$doAddChangeListener$listenerAdapter$1: loaded 2 times (x 77B)
Class com.intellij.psi.impl.source.javadoc.PsiSnippetAttributeValueImpl               : loaded 2 times (x 398B)
Class com.intellij.util.ConcurrentLongObjectHashMap$EntrySetView                      : loaded 2 times (x 130B)
Class [Lcom.intellij.openapi.extensions.ExtensionPoint$Kind;                          : loaded 2 times (x 69B)
Class com.intellij.openapi.components.ComponentManagerEx                              : loaded 2 times (x 70B)
Class org.jetbrains.kotlin.config.LanguageVersion$Companion                           : loaded 2 times (x 71B)
Class kotlin.text.MatchResult                                                         : loaded 2 times (x 70B)
Class kotlin.reflect.jvm.internal.KProperty1Impl$$Lambda$0                            : loaded 2 times (x 76B)
Class com.intellij.openapi.util.Key                                                   : loaded 2 times (x 77B)
Class kotlin.reflect.jvm.internal.impl.builtins.jvm.JavaToKotlinClassMap$PlatformMutabilityMapping: loaded 2 times (x 72B)
Class jdk.internal.jrtfs.SystemImage                                                  : loaded 2 times (x 74B)
Class kotlin.sequences.SequenceScope                                                  : loaded 2 times (x 73B)
Class kotlin.jvm.functions.Function20                                                 : loaded 2 times (x 70B)
Class kotlin.reflect.jvm.internal.KProperty1Impl$$Lambda$1                            : loaded 2 times (x 76B)
Class build_egvzoab56tl6etpvda5lot3sy                                                 : loaded 2 times (x 180B)
Class org.jetbrains.kotlin.gradle.plugin.statistics.BuildFinishMetrics$reportBuildFinished$1: loaded 2 times (x 79B)
Class org.jetbrains.kotlin.gradle.plugin.statistics.ExecutedTaskMetrics               : loaded 2 times (x 71B)
Class org.jetbrains.kotlin.gradle.plugin.diagnostics.CheckKotlinGradlePluginConfigurationErrors$Companion: loaded 2 times (x 71B)
Class org.jetbrains.kotlin.gradle.tasks.KotlinJvmCompile$DefaultImpls                 : loaded 2 times (x 71B)
Class org.jetbrains.kotlin.gradle.tasks.CacheableTasksKt                              : loaded 2 times (x 71B)
Class org.jetbrains.kotlin.konan.target.HostManager$targetValues$2                    : loaded 2 times (x 78B)
Class org.jetbrains.kotlin.gradle.plugin.diagnostics.checkers.UnusedSourceSetsChecker$runChecks$1: loaded 2 times (x 88B)
Class [Lorg.jetbrains.kotlin.konan.target.Family;                                     : loaded 2 times (x 69B)
Class org.jetbrains.kotlin.gradle.targets.js.npm.PeerNpmDependencyExtension           : loaded 2 times (x 70B)
Class org.jetbrains.kotlin.gradle.dsl.AndroidMainSourceSetConventionsChecker          : loaded 2 times (x 74B)
Class org.jetbrains.kotlin.gradle.plugin.diagnostics.checkers.WasmJsEnvironmentChecker$1: loaded 2 times (x 78B)
Class org.jetbrains.kotlin.gradle.targets.js.npm.NpmDependencyExtensionKt$AddNpmDependencyExtensionProjectSetupAction$1: loaded 2 times (x 74B)
Class org.jetbrains.kotlin.build.report.metrics.GradleBuildPerformanceMetric          : loaded 2 times (x 97B)
Class org.jetbrains.kotlin.gradle.internal.properties.PropertiesBuildService$NullableBooleanGradleProperty: loaded 2 times (x 76B)
Class [Lorg.objectweb.asm.AnnotationVisitor;                                          : loaded 2 times (x 69B)
Class com.google.common.cache.LocalCache$LocalLoadingCache                            : loaded 2 times (x 134B)
Class org.gradle.internal.service.UnknownServiceException                             : loaded 2 times (x 83B)
Class [Lcom.intellij.psi.PsiJvmModifiersOwner;                                        : loaded 2 times (x 69B)
Class org.jetbrains.kotlin.load.java.structure.JavaElement                            : loaded 2 times (x 70B)
Class com.intellij.psi.impl.source.PsiImmediateClassType                              : loaded 2 times (x 130B)
Class com.intellij.psi.PsiClassType$Stub                                              : loaded 2 times (x 130B)
Class com.intellij.openapi.vfs.VirtualFileFilter                                      : loaded 2 times (x 70B)
Class kotlinx.coroutines.IncompleteStateBox                                           : loaded 2 times (x 72B)
Class org.codehaus.stax2.ri.typed.ValueDecoderFactory                                 : loaded 2 times (x 72B)
Class com.intellij.ide.plugins.ModuleDependenciesDescriptor$Companion                 : loaded 2 times (x 71B)
Class org.codehaus.stax2.ri.typed.ValueDecoderFactory$BooleanDecoder                  : loaded 2 times (x 84B)
Class com.intellij.openapi.extensions.LoadingOrder$Companion                          : loaded 2 times (x 71B)
Class com.intellij.util.ConcurrentLongObjectHashMap$Node                              : loaded 2 times (x 77B)
Class com.intellij.lang.java.JavaLanguage                                             : loaded 2 times (x 107B)
Class com.android.tools.lint.detector.api.TextFormat$Companion                        : loaded 2 times (x 71B)
Class org.jetbrains.kotlin.config.LanguageVersionSettingsImpl$Companion               : loaded 2 times (x 71B)
Class com.intellij.util.containers.CollectionFactory                                  : loaded 2 times (x 71B)
Class com.android.tools.analytics.AnalyticsSettingsData                               : loaded 2 times (x 72B)
Class com.intellij.psi.stubs.StubTreeLoader                                           : loaded 2 times (x 81B)
Class it.unimi.dsi.fastutil.longs.LongIterable                                        : loaded 2 times (x 70B)
Class kotlin.jvm.functions.Function21                                                 : loaded 2 times (x 70B)
Class kotlin.reflect.jvm.internal.impl.name.ClassId                                   : loaded 2 times (x 72B)
Class [Lcom.google.common.collect.LinkedHashMultimap$ValueEntry;                      : loaded 2 times (x 69B)
Class org.jetbrains.kotlin.gradle.tasks.configuration.BaseKotlinCompileConfig$2$1$1$1 : loaded 2 times (x 74B)
Class org.jetbrains.kotlin.gradle.tasks.KotlinCompile$ScriptFilterSpec                : loaded 2 times (x 75B)
Class org.jetbrains.kotlin.gradle.plugin.diagnostics.checkers.ComposePluginSuggestApplyChecker$runChecks$1: loaded 2 times (x 88B)
Class org.jetbrains.kotlin.konan.target.KonanTarget$TVOS_ARM64                        : loaded 2 times (x 78B)
Class org.jetbrains.kotlin.gradle.targets.js.npm.DefaultPeerNpmDependencyExtension    : loaded 2 times (x 141B)
Class org.jetbrains.kotlin.gradle.plugin.KotlinPluginLifecycleKt                      : loaded 2 times (x 71B)
Class org.jetbrains.kotlin.gradle.plugin.diagnostics.checkers.WasmJsEnvironmentChecker$2: loaded 2 times (x 78B)
Class org.jetbrains.kotlin.gradle.plugin.mpp.AbstractKotlinTarget                     : loaded 2 times (x 150B)
Class org.jetbrains.kotlin.gradle.internal.properties.NativePropertiesLoader$kotlinNativeVersion$1: loaded 2 times (x 75B)
Class org.jetbrains.kotlin.gradle.plugin.VariantImplementationFactoriesConfigurator$Inject: loaded 2 times (x 96B)
Class org.jetbrains.kotlin.gradle.dsl.KotlinSingleTargetExtension                     : loaded 2 times (x 124B)
Class org.objectweb.asm.ModuleVisitor                                                 : loaded 2 times (x 81B)
Class com.google.common.cache.LocalCache$Strength$1                                   : loaded 2 times (x 81B)
Class org.jetbrains.kotlin.analysis.api.standalone.base.projectStructure.PluginStructureProvider$ReadContext: loaded 2 times (x 75B)
Class com.intellij.psi.PsiModifierList                                                : loaded 2 times (x 70B)
Class org.jetbrains.kotlin.resolve.jvm.extensions.AnalysisHandlerExtension            : loaded 2 times (x 70B)
Class com.intellij.codeInsight.ExternalAnnotationsManager                             : loaded 2 times (x 89B)
Class com.intellij.diagnostic.ImplementationConflictException                         : loaded 2 times (x 82B)
Class org.jetbrains.kotlin.cli.jvm.compiler.KotlinCliJavaFileManagerImpl              : loaded 2 times (x 93B)
Class kotlinx.coroutines.internal.AtomicKt                                            : loaded 2 times (x 71B)
Class kotlinx.coroutines.flow.ThrowingCollector                                       : loaded 2 times (x 75B)
Class com.intellij.psi.impl.GeneratedMarkerVisitor                                    : loaded 2 times (x 77B)
Class com.intellij.openapi.Disposable$Default                                         : loaded 2 times (x 70B)
Class kotlinx.coroutines.JobImpl                                                      : loaded 2 times (x 138B)
Class com.intellij.mock.MockResolveScopeManager                                       : loaded 2 times (x 75B)
Class com.fasterxml.aalto.in.ByteBasedPNameTable$Bucket                               : loaded 2 times (x 72B)
Class com.fasterxml.aalto.UncheckedStreamException                                    : loaded 2 times (x 82B)
Class kotlinx.coroutines.internal.SystemPropsKt                                       : loaded 2 times (x 71B)
Class com.intellij.psi.PsiTypeParameterListOwner                                      : loaded 2 times (x 70B)
Class com.intellij.codeInsight.folding.impl.JavaCodeFoldingSettingsBase               : loaded 2 times (x 103B)
Class com.intellij.openapi.vfs.VirtualFileManagerListener                             : loaded 2 times (x 70B)
Class com.intellij.util.containers.RefHashMap$MyMap                                   : loaded 2 times (x 186B)
Class org.jetbrains.kotlin.util.Logger                                                : loaded 2 times (x 70B)
Class com.intellij.openapi.util.UserDataHolder                                        : loaded 2 times (x 70B)
Class kotlin.annotation.AnnotationRetention                                           : loaded 2 times (x 79B)
Class [Lcom.android.resources.ResourceType;                                           : loaded 2 times (x 69B)
Class kotlin.collections.MapWithDefault                                               : loaded 2 times (x 70B)
Class kotlin.jvm.functions.Function22                                                 : loaded 2 times (x 70B)
Class com.google.common.collect.EmptyImmutableSetMultimap                             : loaded 2 times (x 180B)
Class com.google.common.collect.Collections2$FilteredCollection                       : loaded 2 times (x 119B)
Class org.apache.commons.io.output.QueueOutputStream                                  : loaded 2 times (x 87B)
Class org.jetbrains.kotlin.gradle.tasks.configuration.BaseKotlinCompileConfig$2$1$1$2 : loaded 2 times (x 74B)
Class org.jetbrains.kotlin.gradle.plugin.mpp.KotlinCompilationsKt$addSourcesToKotlinCompileTask$configureAction$2: loaded 2 times (x 79B)
Class org.jetbrains.kotlin.gradle.plugin.mpp.compilationImpl.KotlinCompilationTaskNamesContainer: loaded 2 times (x 72B)
Class org.jetbrains.kotlin.gradle.plugin.mpp.compilationImpl.factory.KotlinCompilationImplFactory$KotlinCompilerOptionsFactory: loaded 2 times (x 70B)
Class org.jetbrains.kotlin.gradle.internal.properties.PropertiesBuildServiceKt$propertyWithDeprecatedName$1: loaded 2 times (x 75B)
Class org.jetbrains.kotlin.gradle.targets.js.npm.NpmDependencyExtension               : loaded 2 times (x 70B)
Class org.jetbrains.kotlin.gradle.plugin.LanguageSettingsBuilder                      : loaded 2 times (x 70B)
Class org.jetbrains.kotlin.gradle.plugin.diagnostics.checkers.WasmWasiEnvironmentChecker: loaded 2 times (x 76B)
Class org.jetbrains.kotlin.gradle.plugin.diagnostics.checkers.WasmJsEnvironmentChecker$3: loaded 2 times (x 78B)
Class org.jetbrains.kotlin.gradle.targets.ConfigureBuildSideEffectKt                  : loaded 2 times (x 71B)
Class org.jetbrains.kotlin.gradle.plugin.BuildEventsListenerRegistryHolder$Companion  : loaded 2 times (x 71B)
Class [Lorg.jetbrains.kotlin.statistics.metrics.StringMetrics;                        : loaded 2 times (x 69B)
Class org.jetbrains.kotlin.gradle.internal.properties.PropertiesBuildService$Inject   : loaded 2 times (x 96B)
Class com.google.common.util.concurrent.SettableFuture                                : loaded 2 times (x 114B)
Class com.google.common.cache.LocalCache$Strength$2                                   : loaded 2 times (x 81B)
Class com.android.tools.idea.gradle.dcl.lang.DeclarativeLanguage                      : loaded 2 times (x 107B)
Class org.jetbrains.kotlin.cli.jvm.compiler.CliMetadataFinderFactory                  : loaded 2 times (x 76B)
Class com.intellij.util.text.CharArrayUtil                                            : loaded 2 times (x 71B)
Class com.intellij.openapi.util.Pair                                                  : loaded 2 times (x 72B)
Class org.jetbrains.kotlin.fir.extensions.FirExtensionRegistrarAdapter$Companion      : loaded 2 times (x 72B)
Class [Lkotlinx.coroutines.scheduling.CoroutineScheduler$WorkerState;                 : loaded 2 times (x 69B)
Class kotlinx.coroutines.DispatchedTask                                               : loaded 2 times (x 81B)
Class kotlinx.coroutines.scheduling.DefaultIoScheduler                                : loaded 2 times (x 113B)
Class com.intellij.lang.folding.CustomFoldingBuilder                                  : loaded 2 times (x 94B)
Class com.intellij.psi.PsiSubstitutor                                                 : loaded 2 times (x 70B)
Class com.intellij.codeInsight.multiverse.CodeInsightContextProvider                  : loaded 2 times (x 70B)
Class com.intellij.openapi.util.SimpleModificationTracker                             : loaded 2 times (x 76B)
Class com.intellij.psi.compiled.ClsStubBuilder                                        : loaded 2 times (x 73B)
Class com.intellij.psi.impl.compiled.ClsDecompilerImpl$MyClsStubBuilder               : loaded 2 times (x 73B)
Class com.intellij.psi.FileContextProvider                                            : loaded 2 times (x 74B)
Class com.android.tools.lint.detector.api.Intervals$Companion                         : loaded 2 times (x 71B)
Class kotlinx.coroutines.internal.SoftLimitedDispatcher                               : loaded 2 times (x 108B)
Class kotlin.coroutines.ContinuationInterceptor$DefaultImpls                          : loaded 2 times (x 71B)
Class kotlinx.coroutines.internal.intellij.IntellijKt                                 : loaded 2 times (x 71B)
Class com.fasterxml.aalto.in.PName                                                    : loaded 2 times (x 79B)
Class org.objectweb.asm.Handle                                                        : loaded 2 times (x 72B)
Class it.unimi.dsi.fastutil.ints.IntIterator                                          : loaded 2 times (x 70B)
Class kotlin.reflect.KTypeParameter                                                   : loaded 2 times (x 70B)
Class com.android.tools.lint.model.LintModelModuleLibrary                             : loaded 2 times (x 70B)
Class [Lcom.android.tools.lint.model.LintModelNamespacingMode;                        : loaded 2 times (x 69B)
Class com.android.tools.lint.model.LintModelSerialization$TargetFile                  : loaded 2 times (x 79B)
Class com.google.common.collect.Interners$InternerImpl                                : loaded 2 times (x 75B)
Class com.google.common.collect.Interner                                              : loaded 2 times (x 70B)
Class org.jetbrains.kotlin.statistics.fileloggers.MetricsContainer$MetricDescriptor   : loaded 2 times (x 75B)
Class [Lcom.google.common.collect.Maps$EntryFunction;                                 : loaded 2 times (x 69B)
Class com.google.common.collect.AllEqualOrdering                                      : loaded 2 times (x 114B)
Class org.jetbrains.kotlin.gradle.tasks.KotlinJavaToolchain$JdkSetter                 : loaded 2 times (x 70B)
Class org.jetbrains.kotlin.gradle.plugin.KotlinPluginLifecycle$ProjectConfigurationResult$Success: loaded 2 times (x 71B)
Class org.jetbrains.kotlin.gradle.internal.StdlibDependencyManagementKt$configureStdlibVersionAlignment$1: loaded 2 times (x 75B)
Class org.jetbrains.kotlin.gradle.plugin.diagnostics.checkers.OverriddenKotlinNativeHomeChecker$allKonanMainSubdirectoriesExist$1$1: loaded 2 times (x 75B)
Class org.jetbrains.kotlin.gradle.dsl.PlatformSourceSetConventionsChecker$CheckedPlatformInfo: loaded 2 times (x 72B)
Class org.jetbrains.kotlin.gradle.plugin.diagnostics.checkers.WasmJsEnvironmentChecker$4: loaded 2 times (x 78B)
Class org.jetbrains.kotlin.gradle.plugin.mpp.KotlinUsages$KotlinCinteropDisambiguation: loaded 2 times (x 76B)
Class org.jetbrains.kotlin.gradle.plugin.KotlinPluginInMultipleProjectsHolder         : loaded 2 times (x 72B)
Class org.jetbrains.kotlin.gradle.report.BuildReportType$Companion                    : loaded 2 times (x 71B)
Class com.google.common.cache.LocalCache$Strength$3                                   : loaded 2 times (x 81B)
Class org.jetbrains.uast.UastLanguagePlugin                                           : loaded 2 times (x 70B)
Class org.jetbrains.kotlin.resolve.jvm.modules.JavaModule$Root                        : loaded 2 times (x 72B)
Class [Lcom.intellij.navigation.NavigationItem;                                       : loaded 2 times (x 69B)
Class com.intellij.psi.search.ProjectScope                                            : loaded 2 times (x 71B)
Class com.intellij.core.CoreJavaFileManager                                           : loaded 2 times (x 88B)
Class com.intellij.core.CoreJavaCodeStyleManager                                      : loaded 2 times (x 99B)
Class kotlinx.coroutines.channels.BufferedChannel$SendBroadcast                       : loaded 2 times (x 75B)
Class kotlinx.coroutines.channels.ChannelIterator                                     : loaded 2 times (x 70B)
Class com.intellij.openapi.vfs.CompactVirtualFileSetFactory                           : loaded 2 times (x 75B)
Class com.intellij.ide.plugins.PathResolver                                           : loaded 2 times (x 70B)
Class com.intellij.psi.javadoc.PsiDocTagValue                                         : loaded 2 times (x 70B)
Class [Lcom.intellij.openapi.vfs.VirtualFileSystem;                                   : loaded 2 times (x 69B)
Class kotlinx.coroutines.channels.ReceiveChannel                                      : loaded 2 times (x 70B)
Class it.unimi.dsi.fastutil.objects.Object2ObjectOpenHashMap                          : loaded 2 times (x 186B)
Class [Lcom.intellij.psi.PsiPackage;                                                  : loaded 2 times (x 69B)
Class com.android.tools.lint.client.api.Configuration                                 : loaded 2 times (x 94B)
Class com.intellij.util.containers.SLRUMap                                            : loaded 2 times (x 82B)
Class com.intellij.util.containers.ConcurrentList                                     : loaded 2 times (x 70B)
Class kotlin.reflect.jvm.internal.impl.builtins.functions.FunctionTypeKind            : loaded 2 times (x 72B)
Class com.google.common.collect.MapMaker$Dummy                                        : loaded 2 times (x 79B)
Class com.google.common.reflect.Invokable                                             : loaded 2 times (x 103B)
Class org.jetbrains.kotlin.gradle.tasks.KotlinCompilerPluginData$InputsOutputsState   : loaded 2 times (x 72B)
Class org.jetbrains.kotlin.gradle.plugin.sources.FragmentConsistencyChecks$optInAnnotationsCheck$1: loaded 2 times (x 79B)
Class org.jetbrains.kotlin.gradle.plugin.mpp.AbstractKotlinCompilationToRunnableFiles : loaded 2 times (x 196B)
Class org.jetbrains.kotlin.gradle.artifacts.KotlinMetadataArtifactKt$KotlinMetadataArtifact$1: loaded 2 times (x 74B)
Class org.jetbrains.kotlin.gradle.plugin.mpp.KotlinUsages$KotlinMetadataCompatibility : loaded 2 times (x 76B)
Class [Lorg.jetbrains.kotlin.gradle.dsl.JvmTarget;                                    : loaded 2 times (x 69B)
Class org.jetbrains.kotlin.gradle.utils.ConfigurationsKt$maybeCreateResolvable$1      : loaded 2 times (x 78B)
Class org.jetbrains.kotlin.gradle.plugin.StatisticsBuildFlowManager$Companion         : loaded 2 times (x 71B)
Class org.jetbrains.kotlin.statistics.metrics.StringMetrics$Companion                 : loaded 2 times (x 71B)
Class org.jetbrains.kotlin.gradle.internal.properties.PropertiesBuildService$property$1$1: loaded 2 times (x 75B)
Class org.jetbrains.kotlin.tooling.core.Extras$Type                                   : loaded 2 times (x 72B)
Class org.objectweb.asm.FieldWriter                                                   : loaded 2 times (x 78B)
Class com.google.common.cache.CacheBuilder$NullListener                               : loaded 2 times (x 82B)
Class org.gradle.internal.classpath.TransformedClassPath                              : loaded 2 times (x 96B)
Class org.gradle.internal.classloader.InstrumentingClassLoader                        : loaded 2 times (x 70B)
Class org.jetbrains.kotlin.analysis.api.platform.permissions.KotlinAnalysisPermissionOptions: loaded 2 times (x 70B)
Class org.jetbrains.kotlin.storage.StorageManager                                     : loaded 2 times (x 70B)
Class org.jetbrains.kotlin.backend.jvm.extensions.ClassGeneratorExtension$Companion   : loaded 2 times (x 72B)
Class kotlinx.coroutines.channels.ProducerScope                                       : loaded 2 times (x 70B)
Class com.intellij.psi.impl.PsiCachedValuesFactory                                    : loaded 2 times (x 78B)
Class kotlinx.coroutines.flow.internal.ChannelFlow$collect$2                          : loaded 2 times (x 95B)
Class com.android.tools.lint.UastEnvironmentUtilsKt$configureApplicationEnvironment$1 : loaded 2 times (x 74B)
Class kotlinx.coroutines.DisposableHandle                                             : loaded 2 times (x 70B)
Class [Lcom.intellij.ide.plugins.MyXmlInterner;                                       : loaded 2 times (x 69B)
Class com.intellij.lang.jvm.JvmPackage                                                : loaded 2 times (x 70B)
Class com.intellij.util.containers.ConcurrentLongObjectMap                            : loaded 2 times (x 70B)
Class com.intellij.openapi.progress.TaskInfo                                          : loaded 2 times (x 70B)
Class com.intellij.openapi.util.ProperTextRange                                       : loaded 2 times (x 102B)
Class com.intellij.openapi.application.impl.AnyModalityState                          : loaded 2 times (x 72B)
Class org.gradle.api.internal.DefaultClassPathProvider                                : loaded 2 times (x 76B)
Class org.objectweb.asm.AnnotationVisitor                                             : loaded 2 times (x 78B)
Class org.jetbrains.kotlin.gradle.plugin.VariantImplementationFactoriesConfigurator$Companion$getProvider$1: loaded 2 times (x 74B)
Class org.jetbrains.kotlin.gradle.plugin.PropertiesProvider$kotlinExperimentalTryNext$1: loaded 2 times (x 75B)
Class com.android.tools.lint.UastEnvironmentUtilsKt                                   : loaded 2 times (x 71B)
Class org.jetbrains.kotlin.statistics.metrics.BooleanOverridePolicy$OVERRIDE          : loaded 2 times (x 85B)
Class com.intellij.psi.PsiElement                                                     : loaded 2 times (x 70B)
Class jdk.internal.jrtfs.SystemImage$1                                                : loaded 2 times (x 78B)
Class com.google.common.collect.Tables$AbstractCell                                   : loaded 2 times (x 81B)
Class org.jetbrains.kotlin.statistics.metrics.BooleanAnonymizationPolicy              : loaded 2 times (x 85B)
Class [Lkotlin.annotation.AnnotationTarget;                                           : loaded 2 times (x 69B)
Class com.android.utils.PositionXmlParser                                             : loaded 2 times (x 71B)
Class org.jetbrains.kotlin.gradle.targets.native.toolchain.KotlinNativeBundleBuildService$Companion$registerIfAbsent$1: loaded 2 times (x 75B)
Class it.unimi.dsi.fastutil.longs.LongSet                                             : loaded 2 times (x 70B)
Class kotlin.io.path.PathsKt__PathUtilsKt                                             : loaded 2 times (x 71B)
Class kotlin.reflect.jvm.internal.impl.name.StandardClassIds                          : loaded 2 times (x 71B)
Class com.android.tools.lint.model.DefaultLintModelArtifact                           : loaded 2 times (x 84B)
Class com.google.common.collect.LinkedHashMultimap$ValueSet                           : loaded 2 times (x 142B)
Class com.google.common.collect.Maps$IteratorBasedAbstractMap$1                       : loaded 2 times (x 138B)
Class org.apache.commons.io.output.UnsynchronizedByteArrayOutputStream                : loaded 2 times (x 102B)
Class com.google.common.collect.ImmutableListMultimap                                 : loaded 2 times (x 176B)
Class org.jetbrains.kotlin.gradle.plugin.sources.FragmentConsistencyChecks$optInAnnotationsCheck$2: loaded 2 times (x 78B)
Class org.jetbrains.kotlin.gradle.targets.NativeForwardImplementationToApiElementsSideEffectKt$special$$inlined$KotlinTargetSideEffect$1: loaded 2 times (x 74B)
Class org.jetbrains.kotlin.gradle.plugin.BuildFinishedListenerService$Companion       : loaded 2 times (x 71B)
Class org.jetbrains.kotlin.gradle.plugin.BuildFinishedListenerService                 : loaded 2 times (x 80B)
Class com.google.common.cache.CacheLoader$FunctionToCacheLoader                       : loaded 2 times (x 75B)
Class org.jetbrains.kotlin.gradle.utils.ProviderApiUtilsKt$mapOrNull$1                : loaded 2 times (x 75B)
Class com.intellij.util.containers.HashSetInterner                                    : loaded 2 times (x 76B)
Class com.intellij.util.containers.Interner                                           : loaded 2 times (x 74B)
Class com.intellij.psi.impl.PsiJavaParserFacadeImpl                                   : loaded 2 times (x 127B)
Class com.intellij.psi.search.GlobalSearchScope                                       : loaded 2 times (x 99B)
Class kotlinx.coroutines.channels.SendChannel$DefaultImpls                            : loaded 2 times (x 71B)
Class com.intellij.openapi.vfs.VirtualFileFilter$1                                    : loaded 2 times (x 77B)
Class kotlinx.coroutines.scheduling.CoroutineScheduler$Companion                      : loaded 2 times (x 71B)
Class com.intellij.psi.impl.java.stubs.PsiJavaFileStub                                : loaded 2 times (x 70B)
Class kotlinx.collections.immutable.PersistentList                                    : loaded 2 times (x 70B)
Class com.intellij.openapi.vfs.SavingRequestor                                        : loaded 2 times (x 70B)
Class com.intellij.openapi.vfs.impl.CoreVirtualFilePointerManager                     : loaded 2 times (x 86B)
Class org.jetbrains.kotlin.gradle.targets.CreateDefaultTestRunSideEffectKt            : loaded 2 times (x 71B)
Class jdk.internal.jrtfs.SystemImage$2                                                : loaded 2 times (x 76B)
Class org.jetbrains.kotlin.konan.target.KonanTarget                                   : loaded 2 times (x 78B)
Class org.jetbrains.kotlin.gradle.plugin.diagnostics.KotlinGradleProjectCheckersRunnerKt$launchKotlinGradleProjectCheckers$1$1: loaded 2 times (x 95B)
Class org.jetbrains.kotlin.gradle.plugin.diagnostics.checkers.AndroidSourceSetLayoutV1SourceSetsNotFoundChecker$runChecks$1: loaded 2 times (x 88B)
Class kotlin.io.path.PathsKt                                                          : loaded 2 times (x 71B)
Class kotlin.collections.builders.ListBuilder$Companion                               : loaded 2 times (x 71B)
Class kotlin.collections.builders.ListBuilder                                         : loaded 2 times (x 207B)
Class kotlin.reflect.jvm.internal.impl.name.FqNamesUtilKt                             : loaded 2 times (x 71B)
Class kotlin.reflect.jvm.internal.impl.name.StandardClassIdsKt                        : loaded 2 times (x 71B)
Class org.apache.commons.io.output.ByteArrayOutputStream                              : loaded 2 times (x 102B)
Class com.google.common.collect.EmptyImmutableListMultimap                            : loaded 2 times (x 176B)
Class com.google.common.collect.BaseImmutableMultimap                                 : loaded 2 times (x 123B)
Class org.jetbrains.kotlin.gradle.tasks.AbstractKotlinCompileTool$sources$1           : loaded 2 times (x 79B)
Class org.jetbrains.kotlin.gradle.tasks.configuration.TaskConfigAction                : loaded 2 times (x 72B)
Class org.jetbrains.kotlin.gradle.plugin.diagnostics.checkers.OverriddenKotlinNativeHomeChecker$allKonanMainSubdirectoriesExist$1: loaded 2 times (x 75B)
Class org.jetbrains.kotlin.gradle.plugin.AbstractKotlinPlugin$Companion               : loaded 2 times (x 71B)
Class org.jetbrains.kotlin.gradle.plugin.KotlinSourceSetTree                          : loaded 2 times (x 72B)
Class org.jetbrains.kotlin.gradle.plugin.KotlinPluginLifecycle$Stage                  : loaded 2 times (x 79B)
Class org.jetbrains.kotlin.gradle.plugin.mpp.compilationImpl.KotlinCreateResourcesTaskSideEffectKt$KotlinCreateResourcesTaskSideEffect$1: loaded 2 times (x 74B)
Class org.jetbrains.kotlin.gradle.plugin.sources.KotlinSourceSetFactory               : loaded 2 times (x 80B)
Class org.jetbrains.kotlin.gradle.targets.native.toolchain.KotlinNativeBundleBuildService$Parameters_Decorated: loaded 2 times (x 143B)
Class org.jetbrains.kotlin.gradle.internal.ClassLoadersCachingBuildService$Companion  : loaded 2 times (x 71B)
Class org.jetbrains.kotlin.serialization.deserialization.KotlinMetadataFinder         : loaded 2 times (x 70B)
Class org.jetbrains.kotlin.cli.jvm.index.JvmDependenciesIndex                         : loaded 2 times (x 70B)
Class com.intellij.util.text.ImmutableCharSequence                                    : loaded 2 times (x 91B)
Class com.intellij.util.containers.LinkedCustomHashMap                                : loaded 2 times (x 72B)
Class org.jetbrains.kotlin.storage.CacheWithNotNullValues                             : loaded 2 times (x 70B)
Class com.intellij.psi.PsiResolveHelper                                               : loaded 2 times (x 70B)
Class kotlinx.coroutines.CompletedContinuation                                        : loaded 2 times (x 72B)
Class com.intellij.openapi.util.StackOverflowPreventedException                       : loaded 2 times (x 82B)
Class com.intellij.openapi.vfs.VirtualFileFilter$2                                    : loaded 2 times (x 77B)
Class com.intellij.psi.impl.source.resolve.ResolveCache$StrongValueReference          : loaded 2 times (x 81B)
Class com.intellij.openapi.project.DumbService                                        : loaded 2 times (x 94B)
Class com.intellij.psi.PsiInvalidElementAccessException                               : loaded 2 times (x 85B)
Class org.jetbrains.kotlin.gradle.plugin.diagnostics.checkers.AndroidPluginWithoutAndroidTargetChecker$runChecks$1: loaded 2 times (x 88B)
Class kotlinx.coroutines.scheduling.NanoTimeSource                                    : loaded 2 times (x 72B)
Class kotlinx.coroutines.BuildersKt__BuildersKt                                       : loaded 2 times (x 71B)
Class com.intellij.ide.plugins.MyXmlInterner                                          : loaded 2 times (x 76B)
Class com.intellij.codeInsight.runner.JavaMainMethodProvider                          : loaded 2 times (x 70B)
Class com.intellij.navigation.ItemPresentationProvider                                : loaded 2 times (x 70B)
Class com.intellij.util.containers.Stack                                              : loaded 2 times (x 215B)
Class com.intellij.util.ConcurrentLongObjectHashMap                                   : loaded 2 times (x 93B)
Class com.intellij.openapi.util.ObjectNode$ListNodeChildren                           : loaded 2 times (x 79B)
Class com.intellij.openapi.application.PathManager                                    : loaded 2 times (x 71B)
Class com.intellij.openapi.progress.ProgressIndicatorProvider                         : loaded 2 times (x 73B)
Class org.jetbrains.kotlin.config.LanguageOrApiVersion                                : loaded 2 times (x 70B)
Class org.jetbrains.kotlin.gradle.ExternalKotlinTargetApi                             : loaded 2 times (x 70B)
Class org.jetbrains.kotlin.buildtools.api.jvm.ClassSnapshotGranularity                : loaded 2 times (x 79B)
Class org.jetbrains.kotlin.incremental.ClasspathChanges                               : loaded 2 times (x 71B)
Class com.google.common.collect.ComparatorOrdering                                    : loaded 2 times (x 115B)
Class com.google.gson.stream.JsonWriter                                               : loaded 2 times (x 98B)
Class com.google.common.collect.ImmutableSet$SerializedForm                           : loaded 2 times (x 73B)
Class com.android.ide.common.gradle.Numeric                                           : loaded 2 times (x 77B)
Class org.jetbrains.kotlin.utils.CollectionsKt                                        : loaded 2 times (x 71B)
Class kotlin.reflect.KProperty0                                                       : loaded 2 times (x 70B)
Class [Lkotlin.reflect.KCallable;                                                     : loaded 2 times (x 69B)
Class [Lorg.jetbrains.kotlin.build.report.metrics.BuildAttribute;                     : loaded 2 times (x 69B)
Class org.jetbrains.kotlin.gradle.utils.ProviderApiUtilsKt$mapOrNull$1$1              : loaded 2 times (x 75B)
Class org.jetbrains.kotlin.gradle.plugin.hierarchy.KotlinSourceSetTreeClassifier$Default: loaded 2 times (x 71B)
Class org.jetbrains.kotlin.gradle.plugin.mpp.InternalKotlinCompilationKt              : loaded 2 times (x 71B)
Class org.jetbrains.kotlin.gradle.tasks.configuration.AbstractKotlinCompileConfig     : loaded 2 times (x 72B)
Class org.jetbrains.kotlin.gradle.plugin.mpp.compilationImpl.KotlinCompilationImpl$attributes$2: loaded 2 times (x 79B)
Class org.jetbrains.kotlin.gradle.plugin.diagnostics.checkers.OverriddenKotlinNativeHomeChecker$StdlibExistenceCheckerValueSource: loaded 2 times (x 78B)
Class org.jetbrains.kotlin.gradle.utils.IsolatedKotlinClasspathClassCastException     : loaded 2 times (x 82B)
Class org.gradle.internal.service.ServiceLocator                                      : loaded 2 times (x 70B)
Class org.jetbrains.kotlin.analysis.decompiler.psi.BuiltinsVirtualFileProviderCliImpl : loaded 2 times (x 75B)
Class [Lcom.intellij.psi.PsiCheckedRenameElement;                                     : loaded 2 times (x 69B)
Class com.intellij.util.containers.ConcurrentRefValueHashMap$ValueReference           : loaded 2 times (x 70B)
Class com.intellij.util.containers.ConcurrentRefValueHashMap                          : loaded 2 times (x 149B)
Class com.intellij.DynamicBundle                                                      : loaded 2 times (x 78B)
Class com.intellij.psi.scope.ElementClassHint                                         : loaded 2 times (x 70B)
Class kotlinx.coroutines.StandaloneCoroutine                                          : loaded 2 times (x 143B)
Class com.intellij.psi.impl.PsiManagerImpl                                            : loaded 2 times (x 128B)
Class kotlinx.coroutines.internal.ThreadContext_commonKt                              : loaded 2 times (x 71B)
Class [Lcom.intellij.util.xml.dom.XmlInterner;                                        : loaded 2 times (x 69B)
Class [Lcom.intellij.openapi.components.Service$Level;                                : loaded 2 times (x 69B)
Class com.intellij.psi.search.searches.SmartExtensionPoint$1                          : loaded 2 times (x 82B)
Class kotlin.reflect.jvm.internal.KCallableImpl                                       : loaded 2 times (x 105B)
Class com.intellij.psi.stubs.PsiClassHolderFileStub                                   : loaded 2 times (x 70B)
Class com.intellij.lang.ASTFactory$DefaultFactoryHolder                               : loaded 2 times (x 71B)
Class com.intellij.lang.PsiBuilderFactory                                             : loaded 2 times (x 77B)
Class com.intellij.util.messages.impl.CompositeMessageBusKt                           : loaded 2 times (x 71B)
Class kotlin.reflect.jvm.internal.impl.builtins.functions.FunctionTypeKind$Function   : loaded 2 times (x 72B)
Class org.jetbrains.kotlin.util.Logger$Companion                                      : loaded 2 times (x 71B)
Class jdk.internal.jrtfs.JrtFileSystemProvider                                        : loaded 2 times (x 101B)
Class com.intellij.util.text.StringKt                                                 : loaded 2 times (x 71B)
Class com.intellij.openapi.extensions.impl.ExtensionPointImpl$Companion               : loaded 2 times (x 71B)
Class [Lcom.intellij.openapi.util.UserDataHolder;                                     : loaded 2 times (x 69B)
Class com.intellij.psi.impl.source.tree.OwnBufferLeafPsiElement                       : loaded 2 times (x 324B)
Class kotlin.reflect.jvm.internal.KProperty2Impl$$Lambda$0                            : loaded 2 times (x 76B)
Class kotlin.reflect.KClass                                                           : loaded 2 times (x 70B)
Class com.android.tools.lint.model.LintModelModuleType                                : loaded 2 times (x 79B)
Class [Lkotlin.Function;                                                              : loaded 2 times (x 69B)
Class org.apache.commons.io.FileExistsException                                       : loaded 2 times (x 82B)
Class com.google.common.collect.ImmutableSortedMap$Builder                            : loaded 2 times (x 90B)
Class org.jetbrains.kotlin.gradle.tasks.DefaultKotlinJavaToolchain$DefaultJavaToolchainSetter$useAsConvention$1: loaded 2 times (x 75B)
Class org.jetbrains.kotlin.gradle.plugin.KotlinCompilerArgumentsProducer$CreateCompilerArgumentsContext: loaded 2 times (x 70B)
Class org.jetbrains.kotlin.gradle.utils.GradleAttributesContainerUtilsKt$copyAttributeTo$1: loaded 2 times (x 79B)
Class org.jetbrains.kotlin.gradle.plugin.hierarchy.KotlinSourceSetTreeClassifierKt$classify$1: loaded 2 times (x 88B)
Class [Lorg.jetbrains.kotlin.konan.target.KonanTarget;                                : loaded 2 times (x 69B)
Class org.jetbrains.kotlin.gradle.plugin.diagnostics.checkers.WasmSourceSetsNotFoundChecker: loaded 2 times (x 74B)
Class org.jetbrains.kotlin.gradle.plugin.diagnostics.checkers.AndroidSourceSetLayoutV1SourceSetsNotFoundChecker$androidSourceSetRegex$2: loaded 2 times (x 78B)
Class org.jetbrains.kotlin.gradle.plugin.statistics.KotlinBuildStatsLoggerService$Companion: loaded 2 times (x 71B)
Class com.google.common.base.Ascii                                                    : loaded 2 times (x 71B)
Class com.google.common.cache.LocalCache$1                                            : loaded 2 times (x 89B)
Class org.jetbrains.kotlin.storage.EmptySimpleLock                                    : loaded 2 times (x 75B)
Class kotlinx.coroutines.flow.internal.ChannelFlow                                    : loaded 2 times (x 85B)
Class [Lkotlinx.collections.immutable.implementations.immutableSet.TrieNodeIterator;  : loaded 2 times (x 69B)
Class kotlinx.coroutines.channels.BufferOverflow                                      : loaded 2 times (x 79B)
Class com.intellij.util.messages.impl.ToParentMessagePublisher                        : loaded 2 times (x 77B)
Class [Lcom.fasterxml.aalto.in.PName;                                                 : loaded 2 times (x 69B)
Class kotlinx.coroutines.internal.ThreadContext_commonKt$updateState$1                : loaded 2 times (x 78B)
Class kotlinx.coroutines.scheduling.GlobalQueue                                       : loaded 2 times (x 72B)
Class com.intellij.util.io.DataOutputStream                                           : loaded 2 times (x 105B)
Class com.intellij.util.containers.WeakList                                           : loaded 2 times (x 123B)
Class com.intellij.psi.impl.source.tree.java.PsiJavaTokenImpl                         : loaded 2 times (x 396B)
Class com.intellij.openapi.editor.impl.DocumentImpl                                   : loaded 2 times (x 174B)
Class com.intellij.openapi.progress.ProcessCanceledException                          : loaded 2 times (x 82B)
Class com.intellij.psi.presentation.java.ClassPresentationProvider                    : loaded 2 times (x 74B)
Class com.intellij.openapi.components.ComponentManager                                : loaded 2 times (x 70B)
Class com.intellij.openapi.Disposable                                                 : loaded 2 times (x 70B)
Class com.intellij.psi.impl.search.MethodSuperSearcher                                : loaded 2 times (x 77B)
Class kotlinx.coroutines.EventLoop_commonKt                                           : loaded 2 times (x 71B)
Class com.intellij.psi.impl.ResolveScopeManager                                       : loaded 2 times (x 74B)
Class com.intellij.core.CoreInjectedLanguageManager                                   : loaded 2 times (x 94B)
Class kotlin.sequences.GeneratorSequence$iterator$1                                   : loaded 2 times (x 79B)
Class kotlin.reflect.jvm.internal.KProperty2Impl$$Lambda$1                            : loaded 2 times (x 76B)
Class kotlin.reflect.KProperty2                                                       : loaded 2 times (x 70B)
Class com.android.tools.lint.model.LintModelDependency                                : loaded 2 times (x 70B)
Class com.google.common.collect.MapMakerInternalMap$AbstractStrongKeyEntry            : loaded 2 times (x 80B)
Class com.google.common.reflect.TypeToken$SimpleTypeToken                             : loaded 2 times (x 73B)
Class com.google.common.collect.AbstractSetMultimap                                   : loaded 2 times (x 174B)
Class org.jetbrains.kotlin.gradle.plugin.KotlinCompilationWithResources               : loaded 2 times (x 70B)
Class com.google.common.collect.Sets$ImprovedAbstractSet                              : loaded 2 times (x 135B)
Class org.jetbrains.kotlin.gradle.plugin.KotlinTargetPreset                           : loaded 2 times (x 70B)
Class org.jetbrains.kotlin.gradle.plugin.diagnostics.checkers.KotlinTargetAlreadyDeclaredChecker: loaded 2 times (x 74B)
Class org.jetbrains.kotlin.gradle.plugin.mpp.compilationImpl.KotlinCompilationProcessorSideEffectKt: loaded 2 times (x 71B)
Class org.jetbrains.kotlin.gradle.utils.FileUtilsKt$localProperties$1                 : loaded 2 times (x 75B)
Class org.jetbrains.kotlin.gradle.dsl.HasConfigurableKotlinCompilerOptions            : loaded 2 times (x 70B)
Class com.google.common.cache.LocalCache$2                                            : loaded 2 times (x 142B)
Class com.intellij.openapi.vfs.impl.ZipHandler$1                                      : loaded 2 times (x 86B)
Class org.jetbrains.kotlin.serialization.DescriptorSerializerPlugin$Companion         : loaded 2 times (x 72B)
Class com.intellij.openapi.roots.LanguageLevelProjectExtension$LanguageLevelChangeListener: loaded 2 times (x 70B)
Class com.intellij.psi.impl.source.JavaDummyElement                                   : loaded 2 times (x 285B)
Class kotlinx.coroutines.channels.WaiterEB                                            : loaded 2 times (x 72B)
Class kotlinx.coroutines.internal.UndeliveredElementException                         : loaded 2 times (x 82B)
Class com.intellij.core.MockDocumentCommitProcessor                                   : loaded 2 times (x 75B)
Class com.intellij.psi.impl.file.impl.MultiverseTemporaryProviderStorage              : loaded 2 times (x 78B)
Class com.intellij.platform.util.coroutines.CoroutineScopeKt                          : loaded 2 times (x 71B)
Class org.codehaus.stax2.typed.TypedArrayDecoder                                      : loaded 2 times (x 75B)
Class kotlinx.coroutines.internal.LimitedDispatcherKt                                 : loaded 2 times (x 71B)
Class org.jetbrains.kotlin.storage.CacheWithNullableValues                            : loaded 2 times (x 70B)
Class com.intellij.psi.presentation.java.VariablePresentationProvider                 : loaded 2 times (x 74B)
Class com.intellij.util.Java11Shim                                                    : loaded 2 times (x 70B)
Class com.intellij.util.SmartList                                                     : loaded 2 times (x 201B)
Class it.unimi.dsi.fastutil.objects.Object2ObjectFunction                             : loaded 2 times (x 70B)
Class org.jetbrains.kotlin.config.MavenComparableVersion$IntegerItem                  : loaded 2 times (x 80B)
Class org.jetbrains.kotlin.analysis.api.standalone.base.projectStructure.AnalysisApiServiceRegistrar: loaded 2 times (x 70B)
Class org.jetbrains.kotlin.gradle.plugin.sources.DefaultKotlinSourceSetFactory        : loaded 2 times (x 80B)
Class com.google.common.collect.Tables$1                                              : loaded 2 times (x 84B)
Class com.android.ide.common.resources.DataItem                                       : loaded 2 times (x 90B)
Class com.android.utils.DateProvider$1                                                : loaded 2 times (x 75B)
Class [Lcom.android.resources.Density;                                                : loaded 2 times (x 69B)
Class it.unimi.dsi.fastutil.objects.Object2IntFunction                                : loaded 2 times (x 70B)
Class org.jetbrains.kotlin.gradle.plugin.diagnostics.ToolingDiagnostic                : loaded 2 times (x 72B)
Class [Lcom.android.resources.ResourceType$Kind;                                      : loaded 2 times (x 69B)
Class it.unimi.dsi.fastutil.ints.IntSpliterator                                       : loaded 2 times (x 70B)
Class kotlin.reflect.jvm.internal.impl.utils.CollectionsKt                            : loaded 2 times (x 71B)
Class kotlin.reflect.jvm.internal.CacheByClass                                        : loaded 2 times (x 73B)
Class kotlin.io.FilesKt__FilePathComponentsKt                                         : loaded 2 times (x 71B)
Class com.google.common.collect.SortedIterables                                       : loaded 2 times (x 71B)
Class org.jetbrains.kotlin.gradle.tasks.configuration.AbstractKotlinCompileConfig$2$1 : loaded 2 times (x 79B)
Class org.jetbrains.kotlin.gradle.tasks.DefaultKotlinJavaToolchain_Decorated          : loaded 2 times (x 126B)
Class org.jetbrains.kotlin.gradle.plugin.statistics.KotlinProjectConfigurationMetrics : loaded 2 times (x 71B)
Class org.jetbrains.kotlin.gradle.plugin.KotlinCompilationInfo$TCS                    : loaded 2 times (x 89B)
Class org.jetbrains.kotlin.gradle.plugin.mpp.HasBinaries                              : loaded 2 times (x 70B)
Class org.jetbrains.kotlin.gradle.dsl.KotlinCommonOptions                             : loaded 2 times (x 70B)
Class org.jetbrains.kotlin.gradle.plugin.mpp.compilationImpl.KotlinCreateSourcesJarTaskSideEffectKt: loaded 2 times (x 71B)
Class org.jetbrains.kotlin.gradle.dsl.KotlinJvmProjectExtension                       : loaded 2 times (x 147B)
Class org.jetbrains.kotlin.gradle.plugin.KotlinGradlePluginExtensionPointInternalKt   : loaded 2 times (x 71B)
Class org.jetbrains.kotlin.gradle.targets.native.toolchain.UsesKotlinNativeBundleBuildService: loaded 2 times (x 70B)
Class org.jetbrains.kotlin.gradle.plugin.KotlinCompilerArgumentsProducer              : loaded 2 times (x 70B)
Class org.jetbrains.kotlin.build.report.metrics.ValueType                             : loaded 2 times (x 79B)
Class org.jetbrains.kotlin.gradle.tasks.TasksProviderKt                               : loaded 2 times (x 71B)
Class com.intellij.psi.scope.processor.FilterScopeProcessor                           : loaded 2 times (x 84B)
Class com.intellij.psi.PsiClassType                                                   : loaded 2 times (x 130B)
Class com.intellij.psi.PsiElementFactory                                              : loaded 2 times (x 70B)
Class com.intellij.psi.search.impl.VirtualFileEnumeration                             : loaded 2 times (x 70B)
Class kotlinx.coroutines.Waiter                                                       : loaded 2 times (x 70B)
Class [Lcom.intellij.openapi.editor.event.DocumentListener;                           : loaded 2 times (x 69B)
Class org.jetbrains.kotlin.konan.target.KonanTarget$ANDROID_ARM32                     : loaded 2 times (x 78B)
Class com.intellij.psi.compiled.ClassFileDecompilers$Decompiler                       : loaded 2 times (x 70B)
Class com.intellij.openapi.application.QueryExecutorBase                              : loaded 2 times (x 77B)
Class org.jetbrains.kotlin.gradle.plugin.mpp.compilationImpl.DefaultKotlinCompilationConfigurationsContainer: loaded 2 times (x 84B)
Class com.intellij.psi.stubs.LightStubBuilder                                         : loaded 2 times (x 80B)
Class com.intellij.psi.impl.source.tree.PsiCommentImpl                                : loaded 2 times (x 567B)
Class it.unimi.dsi.fastutil.objects.Object2ObjectOpenCustomHashMap                    : loaded 2 times (x 187B)
Class com.intellij.util.text.CharSequenceBackedByArray                                : loaded 2 times (x 70B)
Class com.intellij.openapi.util.UserDataHolderBase                                    : loaded 2 times (x 95B)
Class com.android.tools.lint.detector.api.ApiConstraint$SdkApiConstraint              : loaded 2 times (x 94B)
Class org.jetbrains.kotlin.config.CompilerConfiguration                               : loaded 2 times (x 88B)
Class com.android.tools.lint.model.LintModelSeverity                                  : loaded 2 times (x 79B)
Class com.google.common.collect.CollectSpliterators$1WithCharacteristics              : loaded 2 times (x 90B)
Class kotlin.collections.AbstractIterator                                             : loaded 2 times (x 83B)
Class org.apache.commons.io.output.StringBuilderWriter                                : loaded 2 times (x 100B)
Class com.android.io.CancellableFileIo                                                : loaded 2 times (x 71B)
Class build_2pq2rgw1ln5md5k2qqlcru6ds$_run_closure1$_closure3                         : loaded 2 times (x 139B)
Class com.google.common.base.Optional                                                 : loaded 2 times (x 80B)
Class org.jetbrains.kotlin.build.report.metrics.BuildTimes$Companion                  : loaded 2 times (x 71B)
Class org.jetbrains.kotlin.gradle.tasks.configuration.BaseKotlinCompileConfig$1$classpathConfiguration$1: loaded 2 times (x 75B)
Class org.jetbrains.kotlin.gradle.targets.js.npm.NpmDependencyExtensionDelegate       : loaded 2 times (x 167B)
Class org.jetbrains.kotlin.gradle.plugin.sources.FragmentConsistencyChecker           : loaded 2 times (x 72B)
Class org.jetbrains.kotlin.gradle.dsl.DefaultToolchainSupport_Decorated               : loaded 2 times (x 124B)
Class org.jetbrains.kotlin.gradle.internal.properties.NativePropertiesLoader$jvmArgs$1: loaded 2 times (x 75B)
Class org.jetbrains.kotlin.gradle.report.BuildMetricsService$Companion                : loaded 2 times (x 71B)
Class org.jetbrains.kotlin.gradle.tasks.KotlinCompileTool                             : loaded 2 times (x 70B)
Class org.jetbrains.kotlin.gradle.plugin.VariantImplementationFactories$Parameters_Decorated: loaded 2 times (x 134B)
Class org.jetbrains.kotlin.gradle.plugin.PropertiesProvider$PropertyNames             : loaded 2 times (x 71B)
Class org.jetbrains.kotlin.gradle.utils.SingleAction$PerformedActions                 : loaded 2 times (x 72B)
Class org.jetbrains.kotlin.gradle.utils.GradleUtilsKt                                 : loaded 2 times (x 71B)
Class org.jetbrains.kotlin.gradle.plugin.HasProject                                   : loaded 2 times (x 70B)
Class com.google.common.util.concurrent.AbstractFuture$Trusted                        : loaded 2 times (x 70B)
Class com.intellij.psi.impl.PsiElementBase                                            : loaded 2 times (x 291B)
Class org.jetbrains.kotlin.cli.jvm.compiler.MockInferredAnnotationsManager            : loaded 2 times (x 74B)
Class org.jetbrains.kotlin.asJava.KotlinAsJavaSupport                                 : loaded 2 times (x 89B)
Class kotlinx.coroutines.flow.internal.ChannelFlowTransformLatest$flowCollect$3$1     : loaded 2 times (x 75B)
Class kotlinx.coroutines.channels.ProduceKt                                           : loaded 2 times (x 71B)
Class kotlinx.coroutines.intrinsics.UndispatchedKt                                    : loaded 2 times (x 71B)
Class com.fasterxml.aalto.util.XmlConsts                                              : loaded 2 times (x 70B)
Class com.fasterxml.aalto.impl.CommonConfig                                           : loaded 2 times (x 77B)
Class [Lorg.apache.commons.io.StandardLineSeparator;                                  : loaded 2 times (x 69B)
Class com.intellij.openapi.util.registry.RegistryValue                                : loaded 2 times (x 80B)
Class org.jetbrains.kotlin.gradle.plugin.statistics.IDaemonReuseCounterMXBean         : loaded 2 times (x 70B)
Class com.intellij.util.ConcurrentLongObjectHashMap$TreeBin                           : loaded 2 times (x 78B)
Class io.opentelemetry.api.trace.DefaultTracerProvider                                : loaded 2 times (x 79B)
Class com.intellij.psi.stubs.StubTree                                                 : loaded 2 times (x 81B)
Class com.intellij.model.psi.UrlReferenceHost                                         : loaded 2 times (x 70B)
Class com.intellij.lang.DefaultASTFactory                                             : loaded 2 times (x 70B)
Class com.intellij.openapi.application.ApplicationManager                             : loaded 2 times (x 71B)
Class com.android.tools.lint.LintCliClient                                            : loaded 2 times (x 172B)
Class [Lorg.jetbrains.kotlin.config.LanguageOrApiVersion;                             : loaded 2 times (x 69B)
Class jdk.internal.jrtfs.JrtDirectoryStream$1                                         : loaded 2 times (x 83B)
Class jdk.internal.jimage.ImageLocation                                               : loaded 2 times (x 90B)
Class com.android.resources.Density                                                   : loaded 2 times (x 92B)
Class kotlin.collections.MutableMapWithDefault                                        : loaded 2 times (x 70B)
Class kotlin.reflect.jvm.internal.KMutableProperty1Impl                               : loaded 2 times (x 135B)
Class org.jetbrains.kotlin.config.KotlinCompilerVersion                               : loaded 2 times (x 71B)
Class kotlin.reflect.jvm.internal.impl.builtins.functions.FunctionTypeKind$SuspendFunction: loaded 2 times (x 72B)
Class kotlin.jvm.internal.PropertyReference2Impl                                      : loaded 2 times (x 127B)
Class com.android.tools.lint.model.DefaultLintModelLibraryResolver                    : loaded 2 times (x 76B)
Class com.intellij.mock.MockApplication                                               : loaded 2 times (x 449B)
Class com.google.common.io.ByteSink$AsCharSink                                        : loaded 2 times (x 80B)
Class com.google.common.collect.ExplicitOrdering                                      : loaded 2 times (x 115B)
Class org.jetbrains.kotlin.gradle.tasks.configuration.AbstractKotlinCompileConfig$2$3 : loaded 2 times (x 75B)
Class org.jetbrains.kotlin.gradle.tasks.configuration.BaseKotlinCompileConfig         : loaded 2 times (x 72B)
Class org.jetbrains.kotlin.gradle.plugin.mpp.compilationImpl.factory.KotlinCompilationImplFactory$KotlinCompilationTaskNamesContainerFactory: loaded 2 times (x 70B)
Class org.jetbrains.kotlin.gradle.internal.KotlinDependenciesManagementKt$CustomizeKotlinDependenciesSetupAction$1$coreLibrariesVersion$1: loaded 2 times (x 79B)
Class org.jetbrains.kotlin.gradle.plugin.diagnostics.checkers.CInteropInputChecker$runChecks$1: loaded 2 times (x 88B)
Class org.jetbrains.kotlin.gradle.ExperimentalKotlinGradlePluginApi                   : loaded 2 times (x 70B)
Class org.jetbrains.kotlin.gradle.internal.properties.NativePropertiesLoader          : loaded 2 times (x 85B)
Class org.jetbrains.kotlin.statistics.metrics.NumberAnonymizationPolicy$SAFE          : loaded 2 times (x 85B)
Class org.jetbrains.kotlin.gradle.plugin.statistics.BuildFusService                   : loaded 2 times (x 84B)
Class com.google.common.util.concurrent.UncheckedExecutionException                   : loaded 2 times (x 82B)
Class com.intellij.openapi.util.ThrowableComputable                                   : loaded 2 times (x 70B)
Class org.jetbrains.kotlin.load.java.structure.JavaClass                              : loaded 2 times (x 70B)
Class org.jetbrains.kotlin.types.TypeAttributeTranslator                              : loaded 2 times (x 70B)
Class com.intellij.psi.impl.PsiConstantEvaluationHelperImpl                           : loaded 2 times (x 74B)
Class com.intellij.core.CorePsiDocumentManager                                        : loaded 2 times (x 137B)
Class com.intellij.mock.MockFileIndexFacade                                           : loaded 2 times (x 87B)
Class org.jetbrains.kotlin.parsing.KotlinParserDefinition$Companion                   : loaded 2 times (x 71B)
Class org.codehaus.stax2.ri.typed.ValueDecoderFactory$FloatDecoder                    : loaded 2 times (x 84B)
Class com.intellij.lexer.MergingLexerAdapter                                          : loaded 2 times (x 87B)
Class com.intellij.psi.stubs.CoreStubElementRegistryServiceImpl                       : loaded 2 times (x 81B)
Class com.intellij.psi.impl.source.resolve.reference.PsiReferenceRegistrarImpl        : loaded 2 times (x 88B)
Class com.intellij.pom.Navigatable                                                    : loaded 2 times (x 70B)
Class com.intellij.openapi.editor.impl.IntervalTree                                   : loaded 2 times (x 70B)
Class org.jetbrains.kotlin.config.MavenComparableVersion                              : loaded 2 times (x 78B)
Class org.jetbrains.kotlin.platform.jvm.JvmPlatforms                                  : loaded 2 times (x 71B)
Class kotlin.jvm.internal.Ref$IntRef                                                  : loaded 2 times (x 71B)
Class com.android.tools.lint.model.LintModelModuleLoader                              : loaded 2 times (x 70B)
Class org.jetbrains.kotlin.gradle.tasks.configuration.AbstractKotlinCompileConfig$2$4 : loaded 2 times (x 75B)
Class org.jetbrains.kotlin.gradle.tasks.KotlinCompile$scriptSources$1                 : loaded 2 times (x 75B)
Class org.jetbrains.kotlin.build.report.metrics.BuildAttribute$Companion              : loaded 2 times (x 71B)
Class org.jetbrains.kotlin.gradle.plugin.diagnostics.checkers.CInteropInputChecker$runChecks$2: loaded 2 times (x 75B)
Class org.jetbrains.kotlin.gradle.tasks.configuration.KaptGenerateStubsConfig$Companion: loaded 2 times (x 71B)
Class org.jetbrains.kotlin.gradle.internal.KotlinTestDependencyManagementKt$maybeAddTestDependencyCapability$1: loaded 2 times (x 75B)
Class org.jetbrains.kotlin.gradle.plugin.diagnostics.CheckKotlinGradlePluginConfigurationErrorsKt: loaded 2 times (x 71B)
Class org.jetbrains.kotlin.gradle.targets.js.npm.NpmDependencyExtensionKt$AddNpmDependencyExtensionProjectSetupAction$1$WhenMappings: loaded 2 times (x 71B)
Class org.jetbrains.kotlin.gradle.plugin.mpp.KotlinJvmAndroidCompilation              : loaded 2 times (x 198B)
Class org.jetbrains.kotlin.gradle.targets.CreateDefaultCompilationsSideEffectKt$CreateDefaultCompilationsSideEffect$1: loaded 2 times (x 74B)
Class org.jetbrains.kotlin.gradle.targets.native.internal.AddKotlinPlatformIntegersSupportLibraryKt$AddKotlinPlatformIntegersSupportLibrary$1: loaded 2 times (x 95B)
Class org.jetbrains.kotlin.gradle.plugin.mpp.ApplyUserDefinedAttributesKt             : loaded 2 times (x 71B)
Class org.jetbrains.kotlin.gradle.utils.FutureImpl                                    : loaded 2 times (x 80B)
Class org.jetbrains.kotlin.gradle.internal.properties.NativePropertiesLoader$isToolchainEnabled$1: loaded 2 times (x 75B)
Class [Lorg.jetbrains.kotlin.statistics.metrics.NumericalMetrics;                     : loaded 2 times (x 69B)
Class org.gradle.internal.InternalTransformer                                         : loaded 2 times (x 70B)
Class org.jetbrains.kotlin.load.kotlin.KotlinClassFinder                              : loaded 2 times (x 70B)
Class com.intellij.psi.impl.PsiFileEx                                                 : loaded 2 times (x 70B)
Class kotlinx.coroutines.JobSupport$Finishing                                         : loaded 2 times (x 76B)
Class kotlinx.coroutines.channels.SendChannel                                         : loaded 2 times (x 70B)
Class kotlin.collections.builders.SetBuilder$Companion                                : loaded 2 times (x 71B)
Class com.fasterxml.aalto.in.ByteBasedPNameFactory                                    : loaded 2 times (x 71B)
Class org.codehaus.stax2.ri.typed.ValueDecoderFactory$IntDecoder                      : loaded 2 times (x 84B)
Class kotlinx.coroutines.internal.ThreadLocalKt                                       : loaded 2 times (x 71B)
Class com.intellij.openapi.components.Service$Level                                   : loaded 2 times (x 79B)
Class com.intellij.pom.PomRenameableTarget                                            : loaded 2 times (x 70B)
Class com.intellij.lang.jvm.JvmModifiersOwner                                         : loaded 2 times (x 70B)
Class com.intellij.openapi.command.CommandProcessorEx                                 : loaded 2 times (x 96B)
Class com.intellij.util.ConcurrentLongObjectHashMap$ForwardingNode                    : loaded 2 times (x 77B)
Class com.intellij.openapi.vfs.impl.ZipHandlerBase                                    : loaded 2 times (x 87B)
Class it.unimi.dsi.fastutil.objects.ObjectBidirectionalIterable                       : loaded 2 times (x 70B)
Class com.android.tools.lint.FirUastEnvironment$Configuration                         : loaded 2 times (x 88B)
Class com.intellij.openapi.editor.ReadOnlyFragmentModificationException               : loaded 2 times (x 84B)
Class com.intellij.util.containers.Unsafe                                             : loaded 2 times (x 71B)
Class com.intellij.openapi.application.ApplicationInfo                                : loaded 2 times (x 94B)
Class kotlinx.collections.immutable.implementations.immutableSet.PersistentHashSet$Companion: loaded 2 times (x 71B)
Class it.unimi.dsi.fastutil.ints.Int2ObjectFunction                                   : loaded 2 times (x 70B)
Class com.intellij.openapi.fileTypes.PlainTextFileType                                : loaded 2 times (x 98B)
Class jdk.internal.jimage.ImageBufferCache$1                                          : loaded 2 times (x 83B)
Class com.intellij.psi.PsiParameterListOwner                                          : loaded 2 times (x 70B)
Class kotlin.DeprecationLevel                                                         : loaded 2 times (x 79B)
Class kotlin.time.DurationUnitKt__DurationUnitJvmKt                                   : loaded 2 times (x 71B)
Class kotlin.jvm.JvmStatic                                                            : loaded 2 times (x 70B)
Class it.unimi.dsi.fastutil.ints.IntArraySet                                          : loaded 2 times (x 235B)
Class kotlin.reflect.jvm.internal.ReflectionFactoryImpl                               : loaded 2 times (x 91B)
Class com.android.ide.common.gradle.Separator                                         : loaded 2 times (x 79B)
Class com.android.tools.lint.model.LintModelSourceProvider                            : loaded 2 times (x 70B)
Class [Lcom.android.prefs.VariableValue;                                              : loaded 2 times (x 69B)
Class com.android.tools.lint.model.PathVariables$Companion                            : loaded 2 times (x 71B)
Class build_at66uwj9gcz3u3phnzbb9h6lq$_run_closure1                                   : loaded 2 times (x 139B)
Class com.google.common.collect.HashMultimapGwtSerializationDependencies              : loaded 2 times (x 174B)
Class org.jetbrains.kotlin.gradle.tasks.CompileUsingKotlinDaemonWithNormalization     : loaded 2 times (x 70B)
Class org.jetbrains.kotlin.gradle.plugin.mpp.compilationImpl.factory.KotlinCompilationImplFactory$PostConfigure$Companion: loaded 2 times (x 71B)
Class com.google.common.collect.AbstractMapBasedMultimap$KeySet$1                     : loaded 2 times (x 82B)
Class org.jetbrains.kotlin.gradle.internal.KotlinDomApiDependencyManagementKt$configureKotlinDomApiDefaultDependency$1: loaded 2 times (x 79B)
Class org.jetbrains.kotlin.gradle.targets.js.npm.DefaultDevNpmDependencyExtension     : loaded 2 times (x 145B)
Class [Lorg.jetbrains.kotlin.gradle.plugin.HasKotlinDependencies;                     : loaded 2 times (x 69B)
Class org.jetbrains.kotlin.gradle.tasks.DefaultKotlinJavaToolchain$Companion$wireJvmTargetToToolchain$1: loaded 2 times (x 75B)
Class org.jetbrains.kotlin.gradle.plugin.diagnostics.checkers.JsLikeEnvironmentChecker: loaded 2 times (x 76B)
Class org.jetbrains.kotlin.gradle.plugin.KotlinPlatformType                           : loaded 2 times (x 82B)
Class org.jetbrains.kotlin.gradle.plugin.KotlinGradleBuildServices$Companion          : loaded 2 times (x 71B)
Class org.jetbrains.kotlin.gradle.internal.properties.PropertiesBuildServiceKt        : loaded 2 times (x 71B)
Class org.objectweb.asm.ClassWriter                                                   : loaded 2 times (x 106B)
Class com.google.common.cache.CacheLoader$UnsupportedLoadingOperationException        : loaded 2 times (x 82B)
Class org.gradle.internal.classloader.ClasspathUtil$1                                 : loaded 2 times (x 76B)
Class org.jetbrains.kotlin.cli.jvm.index.JavaRoot$RootType                            : loaded 2 times (x 79B)
Class com.intellij.util.containers.hash.EqualityPolicy                                : loaded 2 times (x 70B)
Class org.jetbrains.kotlin.storage.NullableLazyValue                                  : loaded 2 times (x 70B)
Class com.intellij.psi.util.CachedValueProvider                                       : loaded 2 times (x 70B)
Class it.unimi.dsi.fastutil.objects.ObjectOpenHashSet                                 : loaded 2 times (x 187B)
Class com.intellij.psi.impl.source.resolve.JavaResolveCache$1                         : loaded 2 times (x 78B)
Class com.intellij.psi.scope.NameHint                                                 : loaded 2 times (x 70B)
Class com.intellij.psi.PsiPolyVariantReference                                        : loaded 2 times (x 70B)
Class com.intellij.openapi.extensions.ExtensionPointAdapter                           : loaded 2 times (x 76B)
Class com.intellij.psi.impl.PsiCachedValueImpl$DirectTracked                          : loaded 2 times (x 95B)
Class kotlinx.coroutines.channels.ChannelKt                                           : loaded 2 times (x 71B)
Class com.intellij.psi.PsiDocumentManager                                             : loaded 2 times (x 97B)
Class com.intellij.psi.PsiElementFinder                                               : loaded 2 times (x 88B)
Class kotlinx.coroutines.DebugKt                                                      : loaded 2 times (x 71B)
Class kotlinx.coroutines.JobSupport                                                   : loaded 2 times (x 132B)
Class com.intellij.psi.search.searches.SmartExtensionPoint                            : loaded 2 times (x 72B)
Class com.intellij.psi.presentation.java.MethodPresentationProvider                   : loaded 2 times (x 74B)
Class com.intellij.psi.impl.file.PsiPackageImplementationHelper                       : loaded 2 times (x 77B)
Class com.intellij.openapi.extensions.impl.ExtensionPointImplKt                       : loaded 2 times (x 71B)
Class com.intellij.lang.java.lexer.JavaLexer                                          : loaded 2 times (x 84B)
Class com.intellij.openapi.progress.Task                                              : loaded 2 times (x 94B)
Class com.intellij.psi.impl.source.tree.PsiWhiteSpaceImpl                             : loaded 2 times (x 395B)
Class com.intellij.psi.impl.source.tree.CompositeElement                              : loaded 2 times (x 235B)
Class com.intellij.psi.impl.ReparseableASTNode                                        : loaded 2 times (x 70B)
Class com.intellij.openapi.extensions.impl.InterfaceExtensionPoint                    : loaded 2 times (x 97B)
Class com.intellij.util.messages.impl.BusState$Disposed                               : loaded 2 times (x 72B)
Class com.intellij.util.keyFMap.KeyFMap                                               : loaded 2 times (x 70B)
Class org.codehaus.stax2.validation.Validatable                                       : loaded 2 times (x 70B)
Class com.intellij.util.containers.ObjectIntMap                                       : loaded 2 times (x 70B)
Class jdk.internal.jimage.ImageBufferCache$2                                          : loaded 2 times (x 91B)
Class com.intellij.platform.util.coroutines.ChildScope                                : loaded 2 times (x 142B)
Class com.intellij.codeInsight.multiverse.CodeInsightContextManagerImpl               : loaded 2 times (x 91B)
Class com.google.gson.TypeAdapter                                                     : loaded 2 times (x 73B)
Class com.intellij.psi.impl.PsiCachedValueImpl$Direct                                 : loaded 2 times (x 95B)
Class com.intellij.psi.impl.PsiParameterizedCachedValue$SoftTracked                   : loaded 2 times (x 94B)
Class kotlin.reflect.jvm.internal.impl.builtins.StandardNames$FqNames                 : loaded 2 times (x 71B)
Class com.android.tools.lint.model.LintModelDependencyGraph                           : loaded 2 times (x 70B)
Class com.google.common.collect.FluentIterable$1                                      : loaded 2 times (x 81B)
Class org.jetbrains.kotlin.gradle.plugin.diagnostics.ToolingDiagnosticRenderingOptions$Companion: loaded 2 times (x 71B)
Class org.jetbrains.kotlin.gradle.dsl.KotlinJvmCompilerOptionsHelper                  : loaded 2 times (x 71B)
Class org.jetbrains.kotlin.gradle.tasks.DefaultKotlinJavaToolchain$Companion$wireJvmTargetToToolchain$2: loaded 2 times (x 75B)
Class org.jetbrains.kotlin.gradle.plugin.ProjectLocalConfigurations$ProjectLocalDisambiguation: loaded 2 times (x 76B)
Class org.jetbrains.kotlin.gradle.plugin.mpp.apple.swiftexport.internal.SwiftExportInitKt: loaded 2 times (x 71B)
Class org.jetbrains.kotlin.gradle.internal.properties.PropertiesBuildService$NullableStringGradleProperty: loaded 2 times (x 76B)
Class org.jetbrains.kotlin.gradle.plugin.KotlinGradleBuildServices$detectKotlinPluginLoadedInMultipleProjects$onRegister$1$1: loaded 2 times (x 75B)
Class org.jetbrains.kotlin.gradle.plugin.internal.ConfigurationCacheStartParameterAccessor$Factory: loaded 2 times (x 70B)
Class org.objectweb.asm.FieldVisitor                                                  : loaded 2 times (x 77B)
Class org.gradle.api.internal.classpath.DefaultModuleRegistry$DefaultModule           : loaded 2 times (x 86B)
Class [Lit.unimi.dsi.fastutil.objects.Object2ObjectMap;                               : loaded 2 times (x 69B)
Class org.jetbrains.kotlin.storage.SimpleLock                                         : loaded 2 times (x 70B)
Class org.jetbrains.kotlin.resolve.extensions.ExtraImportsProviderExtension$Companion : loaded 2 times (x 72B)
Class org.jetbrains.kotlin.asJava.classes.ImplUtilsKt                                 : loaded 2 times (x 71B)
Class com.intellij.util.containers.ConcurrentWeakKeySoftValueHashMap$KeyReference     : loaded 2 times (x 70B)
Class kotlinx.coroutines.flow.FlowKt                                                  : loaded 2 times (x 71B)
Class com.intellij.openapi.util.LowMemoryWatcher                                      : loaded 2 times (x 72B)
Class com.intellij.psi.impl.PsiTreeChangePreprocessor                                 : loaded 2 times (x 70B)
Class kotlinx.coroutines.internal.InlineList                                          : loaded 2 times (x 72B)
Class com.intellij.psi.PsiJvmMember                                                   : loaded 2 times (x 70B)
Class com.intellij.lang.PsiBuilder                                                    : loaded 2 times (x 70B)
Class com.intellij.util.containers.DisposableWrapperList                              : loaded 2 times (x 199B)
Class com.intellij.util.pico.AmbiguousComponentResolutionException                    : loaded 2 times (x 82B)
Class com.intellij.util.messages.impl.BusState                                        : loaded 2 times (x 71B)
Class com.intellij.core.CoreApplicationEnvironment                                    : loaded 2 times (x 93B)
Class it.unimi.dsi.fastutil.objects.AbstractObjectSortedSet                           : loaded 2 times (x 301B)
Class com.intellij.openapi.util.CheckedDisposable                                     : loaded 2 times (x 70B)
Class org.jetbrains.kotlin.platform.jvm.JvmPlatform                                   : loaded 2 times (x 75B)
Class com.intellij.psi.search.GlobalSearchScope$FilesScope                            : loaded 2 times (x 108B)
Class kotlin.reflect.jvm.internal.ClassValueCache                                     : loaded 2 times (x 74B)
Class kotlinx.coroutines.JobSupport$addLastAtomic$$inlined$addLastIf$1                : loaded 2 times (x 77B)
Class com.android.tools.lint.model.DefaultLintModelDependencies                       : loaded 2 times (x 79B)
Class com.android.ide.common.repository.AgpVersion                                    : loaded 2 times (x 75B)
Class org.jetbrains.kotlin.buildtools.api.KotlinLogger                                : loaded 2 times (x 70B)
Class org.jetbrains.kotlin.gradle.plugin.statistics.BuildFinishMetrics$reportGlobalMetrics$1: loaded 2 times (x 79B)
Class com.google.common.collect.FluentIterable$2                                      : loaded 2 times (x 81B)
Class org.jetbrains.kotlin.gradle.internal.transforms.BuildToolsApiClasspathEntrySnapshotTransform$Parameters$Inject: loaded 2 times (x 119B)
Class com.google.common.base.Absent                                                   : loaded 2 times (x 80B)
Class com.google.common.collect.NullsFirstOrdering                                    : loaded 2 times (x 115B)
Class org.jetbrains.kotlin.gradle.plugin.diagnostics.CheckKotlinGradlePluginConfigurationErrors_Decorated: loaded 2 times (x 369B)
Class org.jetbrains.kotlin.gradle.plugin.mpp.compilationImpl.KotlinCompilationSourceSetInclusion$DefaultAddSourcesToCompileTask$addSources$1: loaded 2 times (x 79B)
Class org.jetbrains.kotlin.gradle.plugin.diagnostics.checkers.WasmSourceSetsNotFoundChecker$wasmSourceSetRegex$2: loaded 2 times (x 78B)
Class org.jetbrains.kotlin.gradle.plugin.mpp.compilationImpl.KotlinCompilationSideEffect: loaded 2 times (x 70B)
Class org.jetbrains.kotlin.gradle.plugin.KotlinGradlePluginExtensionPoint             : loaded 2 times (x 70B)
Class org.jetbrains.kotlin.tooling.core.ExtrasUtilsKt                                 : loaded 2 times (x 71B)
Class org.jetbrains.kotlin.buildtools.api.ExperimentalBuildToolsApi                   : loaded 2 times (x 70B)
Class org.jetbrains.kotlin.gradle.utils.ResourceUtilsKt                               : loaded 2 times (x 71B)
Class org.jetbrains.kotlin.gradle.plugin.KotlinPluginWrapperKt$kotlinPluginVersionFromResources$1: loaded 2 times (x 78B)
Class org.jetbrains.kotlin.load.java.structure.impl.source.JavaElementSourceFactory   : loaded 2 times (x 79B)
Class org.jetbrains.kotlin.resolve.jvm.extensions.PackageFragmentProviderExtension$Companion: loaded 2 times (x 72B)
Class org.jetbrains.kotlin.resolve.jvm.extensions.PackageFragmentProviderExtension    : loaded 2 times (x 70B)
Class com.intellij.openapi.vfs.PersistentFSConstants                                  : loaded 2 times (x 71B)
Class com.intellij.psi.JavaPsiFacade                                                  : loaded 2 times (x 87B)
Class com.intellij.lang.jvm.types.JvmPrimitiveTypeKind                                : loaded 2 times (x 72B)
Class kotlinx.coroutines.channels.ReceiveCatching                                     : loaded 2 times (x 75B)
Class kotlinx.coroutines.channels.ChannelsKt__Channels_commonKt                       : loaded 2 times (x 71B)
Class kotlinx.coroutines.channels.ProducerCoroutine                                   : loaded 2 times (x 191B)
Class kotlin.random.jdk8.PlatformThreadLocalRandom                                    : loaded 2 times (x 87B)
Class com.intellij.codeInsight.multiverse.CodeInsightContextManager$Companion         : loaded 2 times (x 71B)
Class com.intellij.codeInsight.multiverse.CodeInsightContextManager                   : loaded 2 times (x 70B)
Class com.intellij.psi.PsiType$Stub                                                   : loaded 2 times (x 105B)
Class kotlinx.coroutines.ExecutorCoroutineDispatcher                                  : loaded 2 times (x 107B)
Class com.intellij.psi.PsiVariable                                                    : loaded 2 times (x 70B)
Class com.intellij.psi.stubs.BinaryFileStubBuilder$CompositeBinaryFileStubBuilder     : loaded 2 times (x 70B)
Class com.intellij.openapi.util.Condition$1                                           : loaded 2 times (x 86B)
Class com.intellij.util.graph.Graph                                                   : loaded 2 times (x 70B)
Class [Lcom.intellij.util.containers.ConcurrentLongObjectMap$LongEntry;               : loaded 2 times (x 69B)
Class io.opentelemetry.api.internal.IncubatingUtil                                    : loaded 2 times (x 71B)
Class com.intellij.platform.diagnostic.telemetry.TelemetryManagerKt                   : loaded 2 times (x 71B)
Class com.intellij.openapi.progress.PerformInBackgroundOption                         : loaded 2 times (x 70B)
Class com.intellij.openapi.vfs.VirtualFileListener                                    : loaded 2 times (x 70B)
Class com.intellij.openapi.fileTypes.FileTypeExtension                                : loaded 2 times (x 90B)
Class org.jetbrains.kotlin.cli.jvm.compiler.CompatKt                                  : loaded 2 times (x 71B)
Class com.intellij.lang.jvm.types.JvmReferenceType                                    : loaded 2 times (x 70B)
Class org.jetbrains.kotlin.platform.TargetPlatform                                    : loaded 2 times (x 119B)
Class [Lcom.intellij.psi.PsiElement;                                                  : loaded 2 times (x 69B)
Class com.intellij.psi.scope.processor.MethodsProcessor                               : loaded 2 times (x 108B)
Class com.intellij.psi.impl.source.DummyHolderFactory$DefaultFactory                  : loaded 2 times (x 87B)
Class kotlin.collections.IndexingIterable                                             : loaded 2 times (x 79B)
Class org.jetbrains.kotlin.backend.jvm.extensions.ClassGeneratorExtension             : loaded 2 times (x 70B)
Class com.android.utils.SdkUtils                                                      : loaded 2 times (x 71B)
Class com.intellij.util.io.ResourceHandle                                             : loaded 2 times (x 79B)
Class kotlin.reflect.jvm.internal.KProperty2Impl                                      : loaded 2 times (x 128B)
Class com.google.common.collect.FluentIterable$3                                      : loaded 2 times (x 81B)
Class org.jetbrains.kotlin.gradle.tasks.UsesKotlinJavaToolchain$DefaultImpls          : loaded 2 times (x 71B)
Class org.jetbrains.kotlin.build.report.metrics.BuildAttributeKind$Companion          : loaded 2 times (x 71B)
Class org.jetbrains.kotlin.gradle.plugin.mpp.KotlinTargetSoftwareComponentImplKt$KotlinTargetSoftwareComponent$1$1$1: loaded 2 times (x 75B)
Class org.jetbrains.kotlin.gradle.tasks.configuration.KaptGenerateStubsConfig$Companion$configureLibraries$1: loaded 2 times (x 79B)
Class org.jetbrains.kotlin.gradle.plugin.mpp.compilationImpl.KotlinCompilationSourceSetInclusion$DefaultAddSourcesToCompileTask$addSources$2: loaded 2 times (x 79B)
Class org.jetbrains.kotlin.gradle.tasks.AbstractKotlinCompile                         : loaded 2 times (x 459B)
Class org.jetbrains.kotlin.gradle.plugin.KotlinCompilationOutput                      : loaded 2 times (x 70B)
Class org.jetbrains.kotlin.gradle.plugin.diagnostics.CheckKotlinGradlePluginConfigurationErrorsKt$addDependsOnFromTasksThatShouldFailWhenErrorsReported$1: loaded 2 times (x 75B)
Class org.jetbrains.kotlin.konan.target.KonanTarget$TVOS_X64                          : loaded 2 times (x 78B)
Class org.jetbrains.kotlin.gradle.plugin.diagnostics.KotlinToolingDiagnosticsSetupActionKt: loaded 2 times (x 71B)
Class org.jetbrains.kotlin.gradle.plugin.KotlinGradleBuildServices$Parameters$Inject  : loaded 2 times (x 106B)
Class org.jetbrains.kotlin.gradle.plugin.KotlinPluginWrapperKt$kotlinPluginVersionFromResources$1$1: loaded 2 times (x 71B)
Class org.jetbrains.kotlin.analysis.decompiler.stub.file.ClsKotlinBinaryClassCache    : loaded 2 times (x 72B)
Class com.intellij.psi.impl.source.DummyHolder                                        : loaded 2 times (x 726B)
Class com.intellij.psi.PsiQualifiedReferenceElement                                   : loaded 2 times (x 70B)
Class com.intellij.psi.impl.file.PsiDirectoryFactoryImpl                              : loaded 2 times (x 77B)
Class com.intellij.psi.util.CachedValue                                               : loaded 2 times (x 70B)
Class kotlinx.coroutines.channels.Channel                                             : loaded 2 times (x 70B)
Class com.intellij.psi.impl.file.impl.FileManagerImpl                                 : loaded 2 times (x 90B)
Class com.intellij.psi.impl.file.impl.FileManager                                     : loaded 2 times (x 70B)
Class kotlinx.coroutines.Job                                                          : loaded 2 times (x 70B)
Class com.intellij.psi.PsiTarget                                                      : loaded 2 times (x 70B)
Class com.intellij.psi.tree.TemplateLanguageStubBaseVersion                           : loaded 2 times (x 71B)
Class com.intellij.openapi.util.Condition$2                                           : loaded 2 times (x 86B)
Class com.intellij.openapi.extensions.impl.BeanExtensionPoint                         : loaded 2 times (x 100B)
Class com.intellij.openapi.vfs.VirtualFileMoveEvent                                   : loaded 2 times (x 84B)
Class com.intellij.openapi.editor.impl.RedBlackTree                                   : loaded 2 times (x 93B)
Class [Lcom.intellij.openapi.fileTypes.FileType;                                      : loaded 2 times (x 69B)
Class com.intellij.ide.plugins.DisabledPluginsState                                   : loaded 2 times (x 87B)
Class com.intellij.openapi.diagnostic.Logger$Factory                                  : loaded 2 times (x 70B)
Class it.unimi.dsi.fastutil.objects.AbstractReference2ObjectFunction                  : loaded 2 times (x 100B)
Class com.intellij.openapi.util.ObjectTree                                            : loaded 2 times (x 72B)
Class com.intellij.util.containers.FactoryMap                                         : loaded 2 times (x 124B)
Class org.gradle.api.internal.classpath.EffectiveClassPath                            : loaded 2 times (x 90B)
Class it.unimi.dsi.fastutil.ints.Int2ObjectMap$FastEntrySet                           : loaded 2 times (x 70B)
Class org.jetbrains.kotlin.tooling.core.TypeUtils                                     : loaded 2 times (x 71B)
Class it.unimi.dsi.fastutil.ints.IntArrays$ForkJoinQuickSort2                         : loaded 2 times (x 96B)
Class it.unimi.dsi.fastutil.objects.ObjectBidirectionalIterator                       : loaded 2 times (x 70B)
Class kotlin.reflect.jvm.internal.impl.builtins.jvm.JavaToKotlinClassMap              : loaded 2 times (x 71B)
Class kotlin.reflect.jvm.internal.KotlinReflectionInternalError                       : loaded 2 times (x 82B)
Class com.android.tools.lint.model.DefaultLintModelVariant$artifact$2                 : loaded 2 times (x 79B)
Class com.android.tools.lint.model.LintModelMavenName$Companion                       : loaded 2 times (x 71B)
Class com.google.common.collect.ImmutableSetMultimap$Builder                          : loaded 2 times (x 86B)
Class org.apache.commons.io.output.NullOutputStream                                   : loaded 2 times (x 85B)
Class org.jetbrains.kotlin.tooling.core.Extras$Entry                                  : loaded 2 times (x 72B)
Class org.jetbrains.kotlin.gradle.plugin.sources.InternalKotlinSourceSetKt            : loaded 2 times (x 71B)
Class org.jetbrains.kotlin.gradle.internal.Kapt3GradleSubplugin$Kapt3SubpluginContext : loaded 2 times (x 72B)
Class org.jetbrains.kotlin.gradle.artifacts.KotlinTargetArtifact                      : loaded 2 times (x 70B)
Class org.jetbrains.kotlin.gradle.dsl.KotlinJvmCompilerOptionsDefault_Decorated       : loaded 2 times (x 171B)
Class org.jetbrains.kotlin.gradle.plugin.HasKotlinDependencies                        : loaded 2 times (x 70B)
Class org.jetbrains.kotlin.gradle.targets.native.toolchain.KotlinNativeBundleBuildService$Companion: loaded 2 times (x 71B)
Class org.jetbrains.kotlin.gradle.plugin.BuildEventsListenerRegistryHolder_Decorated  : loaded 2 times (x 119B)
Class org.jetbrains.kotlin.gradle.plugin.statistics.MetricContainer                   : loaded 2 times (x 72B)
Class org.jetbrains.kotlin.gradle.plugin.statistics.old.Pre232IdeaKotlinBuildStatsMXBean: loaded 2 times (x 70B)
Class org.jetbrains.kotlin.gradle.plugin.statistics.KotlinBuildStatsServicesRegistry  : loaded 2 times (x 78B)
Class org.jetbrains.kotlin.gradle.plugin.VariantImplementationFactoriesConfigurator   : loaded 2 times (x 76B)
Class org.gradle.api.internal.classpath.Module                                        : loaded 2 times (x 70B)
Class kotlinx.coroutines.flow.Flow                                                    : loaded 2 times (x 70B)
Class org.codehaus.stax2.ri.typed.ValueDecoderFactory$IntArrayDecoder                 : loaded 2 times (x 78B)
Class org.codehaus.stax2.AttributeInfo                                                : loaded 2 times (x 70B)
Class com.fasterxml.aalto.in.ReaderConfig$EncodingContext                             : loaded 2 times (x 72B)
Class kotlinx.coroutines.internal.DispatchedContinuationKt                            : loaded 2 times (x 71B)
Class com.intellij.openapi.project.PossiblyDumbAware                                  : loaded 2 times (x 70B)
Class com.intellij.psi.PsiModifierListOwner                                           : loaded 2 times (x 70B)
Class org.jetbrains.kotlin.gradle.report.ConfigureReporingKt                          : loaded 2 times (x 71B)
Class com.intellij.psi.tree.StubFileElementType                                       : loaded 2 times (x 102B)
Class com.intellij.psi.PsiLiteralValue                                                : loaded 2 times (x 70B)
Class com.intellij.openapi.util.Condition$3                                           : loaded 2 times (x 86B)
Class com.intellij.psi.tree.IElementType$Predicate                                    : loaded 2 times (x 70B)
Class com.intellij.openapi.progress.impl.ProgressManagerScopeKt                       : loaded 2 times (x 71B)
Class [Lcom.intellij.openapi.extensions.PluginId;                                     : loaded 2 times (x 69B)
Class com.intellij.openapi.editor.impl.RangeMarkerImpl                                : loaded 2 times (x 159B)
Class com.android.tools.lint.detector.api.Intervals                                   : loaded 2 times (x 84B)
Class com.android.tools.lint.TextReporter                                             : loaded 2 times (x 75B)
Class org.jetbrains.kotlin.gradle.report.ReportingSettings$Companion                  : loaded 2 times (x 71B)
Class kotlin.sequences.DropSequence$iterator$1                                        : loaded 2 times (x 79B)
Class kotlin.KotlinVersion                                                            : loaded 2 times (x 74B)
Class it.unimi.dsi.fastutil.ints.IntOpenHashSet                                       : loaded 2 times (x 239B)
Class kotlin.reflect.jvm.internal.KClassImpl$Data$$Lambda$0                           : loaded 2 times (x 76B)
Class kotlin.reflect.jvm.internal.KClassifierImpl                                     : loaded 2 times (x 70B)
Class kotlin.reflect.KMutableProperty                                                 : loaded 2 times (x 70B)
Class kotlin.collections.CharIterator                                                 : loaded 2 times (x 82B)
Class [Lcom.google.common.collect.LinkedHashMultimap$ValueSetLink;                    : loaded 2 times (x 69B)
Class org.jetbrains.kotlin.gradle.tasks.DefaultKotlinJavaToolchain$getToolsJarFromJvm$1$1: loaded 2 times (x 79B)
Class org.jetbrains.kotlin.gradle.tasks.KotlinCompile$ClasspathSnapshotProperties_Decorated: loaded 2 times (x 137B)
Class org.jetbrains.kotlin.gradle.internal.transforms.BuildToolsApiClasspathEntrySnapshotTransform$Parameters_Decorated: loaded 2 times (x 157B)
Class org.jetbrains.kotlin.gradle.plugin.mpp.compilationImpl.KotlinCompilationSourceSetInclusion$Companion$includedSourceSets$2: loaded 2 times (x 78B)
Class org.jetbrains.kotlin.gradle.plugin.diagnostics.KotlinToolingDiagnosticsSetupActionKt$KotlinToolingDiagnosticsSetupAction$1$1: loaded 2 times (x 75B)
Class org.jetbrains.kotlin.gradle.targets.js.npm.NpmDirectoryDependencyWithExternalsExtension: loaded 2 times (x 70B)
Class org.jetbrains.kotlin.gradle.plugin.KotlinProjectSetupAction                     : loaded 2 times (x 70B)
Class org.jetbrains.kotlin.gradle.plugin.KotlinGradleFinishBuildHandler$Companion     : loaded 2 times (x 71B)
Class com.google.common.cache.Weigher                                                 : loaded 2 times (x 70B)
Class org.gradle.api.internal.classpath.UnknownModuleException                        : loaded 2 times (x 82B)
Class org.jetbrains.kotlin.analysis.api.standalone.base.projectStructure.PluginStructureProvider$ResourceDataLoader: loaded 2 times (x 80B)
Class com.intellij.openapi.vfs.impl.ArchiveHandler$EntryInfo                          : loaded 2 times (x 72B)
Class com.intellij.openapi.util.io.FileAttributes                                     : loaded 2 times (x 71B)
Class com.intellij.util.io.FileAccessorCache$Handle                                   : loaded 2 times (x 80B)
Class org.jetbrains.kotlin.resolve.jvm.KotlinFinderMarker                             : loaded 2 times (x 70B)
Class [Lcom.intellij.psi.PsiAnnotation;                                               : loaded 2 times (x 69B)
Class kotlinx.coroutines.internal.LockFreeLinkedListHead                              : loaded 2 times (x 75B)
Class org.jetbrains.kotlin.gradle.dsl.KotlinTargetContainerWithJsPresetFunctions      : loaded 2 times (x 70B)
Class kotlinx.coroutines.JobCancellingNode                                            : loaded 2 times (x 90B)
Class kotlinx.coroutines.internal.LockFreeTaskQueueCore                               : loaded 2 times (x 72B)
Class com.intellij.platform.diagnostic.telemetry.TelemetryManager$Companion           : loaded 2 times (x 71B)
Class com.intellij.psi.impl.source.tree.FileElement                                   : loaded 2 times (x 281B)
Class com.intellij.util.containers.ConcurrentFactoryMap                               : loaded 2 times (x 149B)
Class com.intellij.openapi.util.SystemInfoRt                                          : loaded 2 times (x 71B)
Class com.intellij.openapi.diagnostic.Logger                                          : loaded 2 times (x 99B)
Class org.jetbrains.kotlin.gradle.plugin.KotlinProjectSetupActionKt                   : loaded 2 times (x 71B)
Class org.jetbrains.kotlin.config.ApiVersion                                          : loaded 2 times (x 86B)
Class org.jetbrains.kotlin.platform.TargetPlatformVersion$NoVersion                   : loaded 2 times (x 74B)
Class jdk.internal.jimage.ImageHeader                                                 : loaded 2 times (x 71B)
Class com.google.gson.stream.JsonReader$1                                             : loaded 2 times (x 72B)
Class kotlin.sequences.DistinctIterator                                               : loaded 2 times (x 83B)
Class kotlin.reflect.jvm.internal.KClassImpl$Data$$Lambda$1                           : loaded 2 times (x 76B)
Class com.android.prefs.VariableValue                                                 : loaded 2 times (x 84B)
Class com.android.prefs.AbstractAndroidLocations$Companion                            : loaded 2 times (x 71B)
Class build_cm61picavwdormi08xns8gu7l                                                 : loaded 2 times (x 180B)
Class org.apache.commons.io.Charsets                                                  : loaded 2 times (x 71B)
Class org.jetbrains.kotlin.gradle.plugin.mpp.InternalKotlinTargetComponentKt          : loaded 2 times (x 71B)
Class org.jetbrains.kotlin.gradle.plugin.mpp.InternalKotlinTarget$DefaultImpls        : loaded 2 times (x 71B)
Class org.jetbrains.kotlin.gradle.plugin.KotlinPluginLifecycleImpl$executeCurrentStageAndScheduleNext$3: loaded 2 times (x 75B)
Class org.jetbrains.kotlin.gradle.plugin.mpp.compilationImpl.KotlinCompilationRegisterInSourceSetsConfigurator$configure$1: loaded 2 times (x 79B)
Class org.jetbrains.kotlin.gradle.plugin.diagnostics.KotlinToolingDiagnosticsSetupActionKt$KotlinToolingDiagnosticsSetupAction$1$2: loaded 2 times (x 95B)
Class org.jetbrains.kotlin.gradle.targets.js.npm.NpmDependencyWithExternalsExtension  : loaded 2 times (x 70B)
Class org.jetbrains.kotlin.gradle.plugin.mpp.KotlinUsageContext                       : loaded 2 times (x 70B)
Class org.jetbrains.kotlin.gradle.plugin.KotlinTargetsContainer                       : loaded 2 times (x 70B)
Class org.jetbrains.kotlin.compilerRunner.GradleCliCommonizerKt                       : loaded 2 times (x 71B)
Class org.jetbrains.kotlin.gradle.utils.ConfigurationsKt                              : loaded 2 times (x 71B)
Class org.jetbrains.kotlin.gradle.plugin.StatisticsBuildFlowManager                   : loaded 2 times (x 72B)
Class org.jetbrains.kotlin.gradle.plugin.statistics.BuildFusService$Parameters        : loaded 2 times (x 70B)
Class org.jetbrains.kotlin.gradle.plugin.PluginWrappersKt                             : loaded 2 times (x 71B)
Class com.google.common.base.Stopwatch                                                : loaded 2 times (x 72B)
Class com.google.common.cache.LocalCache$Strength                                     : loaded 2 times (x 81B)
Class com.google.common.cache.Cache                                                   : loaded 2 times (x 70B)
Class org.jetbrains.kotlin.analysis.api.standalone.base.projectStructure.PluginStructureProvider: loaded 2 times (x 71B)
Class com.intellij.psi.codeStyle.SuggestedNameInfo                                    : loaded 2 times (x 73B)
Class com.intellij.DynamicBundle$1                                                    : loaded 2 times (x 78B)
Class com.intellij.openapi.util.RecursionManager$1                                    : loaded 2 times (x 76B)
Class kotlinx.coroutines.CancelHandler                                                : loaded 2 times (x 76B)
Class kotlinx.coroutines.flow.FlowKt__ChannelsKt                                      : loaded 2 times (x 71B)
Class com.intellij.psi.impl.file.impl.FileViewProviderCache                           : loaded 2 times (x 70B)
Class kotlinx.coroutines.internal.ThreadContext_commonKt$countAll$1                   : loaded 2 times (x 78B)
Class kotlin.coroutines.CombinedContext                                               : loaded 2 times (x 78B)
Class com.intellij.util.QueryFactory                                                  : loaded 2 times (x 76B)
Class com.intellij.psi.PsiClass                                                       : loaded 2 times (x 70B)
Class com.intellij.openapi.util.Disposer$1                                            : loaded 2 times (x 75B)
Class com.intellij.openapi.util.UserDataHolderEx                                      : loaded 2 times (x 70B)
Class it.unimi.dsi.fastutil.objects.ObjectLinkedOpenCustomHashSet                     : loaded 2 times (x 317B)
Class org.jetbrains.kotlin.cli.common.CLIConfigurationKeys                            : loaded 2 times (x 71B)
Class org.jetbrains.kotlin.gradle.plugin.mpp.compilationImpl.KotlinCreateNativeCompileTasksSideEffectKt: loaded 2 times (x 71B)
Class com.android.ide.common.rendering.api.ResourceNamespace$ResAutoNamespace         : loaded 2 times (x 80B)
Class kotlin.collections.IndexingIterator                                             : loaded 2 times (x 79B)
Class org.jetbrains.kotlin.gradle.plugin.mpp.KotlinTargetComponentWithPublication     : loaded 2 times (x 70B)
Class kotlin.reflect.jvm.internal.KPackageImpl$$Lambda$0                              : loaded 2 times (x 76B)
Class com.google.common.io.Files$2                                                    : loaded 2 times (x 76B)
Class kotlin.reflect.jvm.internal.KClassImpl$Data$$Lambda$2                           : loaded 2 times (x 76B)
Class com.android.tools.lint.model.LintModelAndroidArtifact                           : loaded 2 times (x 70B)
Class [Lcom.android.tools.lint.model.LintModelSerialization$TargetFile;               : loaded 2 times (x 69B)
Class [Lorg.jetbrains.kotlin.gradle.plugin.KotlinCompilation;                         : loaded 2 times (x 69B)
Class com.google.common.io.AppendableWriter                                           : loaded 2 times (x 100B)
Class org.apache.commons.io.filefilter.IOFileFilter                                   : loaded 2 times (x 70B)
Class org.jetbrains.kotlin.gradle.plugin.mpp.InternalKotlinTargetKt                   : loaded 2 times (x 71B)
Class com.google.common.collect.AbstractMultimap$Entries                              : loaded 2 times (x 120B)
Class org.jetbrains.kotlin.gradle.plugin.diagnostics.KotlinToolingDiagnosticsSetupActionKt$KotlinToolingDiagnosticsSetupAction$1$3: loaded 2 times (x 75B)
Class org.jetbrains.kotlin.gradle.targets.js.dsl.KotlinTargetWithNodeJsDsl            : loaded 2 times (x 70B)
Class org.jetbrains.kotlin.gradle.plugin.sources.DefaultKotlinSourceSetKt$defaultSourceSetLanguageSettingsChecker$1: loaded 2 times (x 78B)
Class org.jetbrains.kotlin.gradle.plugin.sources.InternalKotlinSourceSet              : loaded 2 times (x 70B)
Class org.jetbrains.kotlin.gradle.plugin.KotlinJvmPlugin                              : loaded 2 times (x 79B)
Class org.jetbrains.kotlin.gradle.plugin.mpp.SyncLanguageSettingsWithKotlinExtensionSetupActionKt$SyncLanguageSettingsWithKotlinExtensionSetupAction$1: loaded 2 times (x 95B)
Class org.jetbrains.kotlin.gradle.dsl.KotlinGradlePluginPublicDsl                     : loaded 2 times (x 70B)
Class org.jetbrains.kotlin.gradle.internal.properties.NativeProperties                : loaded 2 times (x 70B)
Class org.jetbrains.kotlin.statistics.BuildSessionLogger                              : loaded 2 times (x 77B)
Class org.jetbrains.kotlin.gradle.plugin.internal.ConfigurationCacheStartParameterAccessor: loaded 2 times (x 70B)
Class com.google.common.util.concurrent.AbstractFuture$Cancellation                   : loaded 2 times (x 72B)
Class org.jetbrains.kotlin.cli.jvm.index.SingleJavaFileRootsIndex                     : loaded 2 times (x 72B)
Class org.jetbrains.kotlin.resolve.jvm.modules.JavaModuleFinder                       : loaded 2 times (x 70B)
Class org.jetbrains.kotlin.resolve.jvm.NotFoundPackagesCachingStrategy$Default        : loaded 2 times (x 74B)
Class com.intellij.psi.impl.source.DummyHolderFactory                                 : loaded 2 times (x 71B)
Class com.intellij.openapi.util.RecursionManager$2                                    : loaded 2 times (x 75B)
Class com.intellij.DynamicBundle$2                                                    : loaded 2 times (x 80B)
Class kotlinx.coroutines.internal.AtomicOp                                            : loaded 2 times (x 76B)
Class kotlinx.coroutines.flow.FlowKt__EmittersKt                                      : loaded 2 times (x 71B)
Class com.intellij.psi.impl.PsiParameterizedCachedValue$DirectTracked                 : loaded 2 times (x 94B)
Class com.intellij.util.AtomicCache                                                   : loaded 2 times (x 72B)
Class com.intellij.codeInsight.multiverse.CodeInsightContextChangeListener            : loaded 2 times (x 70B)
Class com.intellij.util.diff.FlyweightCapableTreeStructure                            : loaded 2 times (x 70B)
Class com.intellij.psi.stubs.PsiFileStub                                              : loaded 2 times (x 70B)
Class com.intellij.psi.stubs.Stub                                                     : loaded 2 times (x 70B)
Class kotlinx.collections.immutable.implementations.immutableList.BufferIterator      : loaded 2 times (x 99B)
Class com.intellij.psi.impl.source.resolve.reference.ReferenceProvidersRegistry$1     : loaded 2 times (x 74B)
Class com.intellij.openapi.extensions.impl.ExtensionPointImpl                         : loaded 2 times (x 97B)
Class [Lcom.intellij.util.messages.Topic$BroadcastDirection;                          : loaded 2 times (x 69B)
Class com.intellij.openapi.util.Disposer$2                                            : loaded 2 times (x 76B)
Class com.android.tools.lint.model.LintModelJavaArtifact                              : loaded 2 times (x 70B)
Class [Lkotlin.reflect.jvm.internal.impl.builtins.PrimitiveType;                      : loaded 2 times (x 69B)
Class kotlin.reflect.jvm.internal.impl.builtins.StandardNames                         : loaded 2 times (x 71B)
Class kotlin.reflect.jvm.internal.KClassImpl$Data$$Lambda$3                           : loaded 2 times (x 76B)
Class kotlin.reflect.jvm.internal.ReflectProperties$LazySoftVal                       : loaded 2 times (x 78B)
Class [Lkotlin.reflect.KAnnotatedElement;                                             : loaded 2 times (x 69B)
Class com.google.common.collect.AbstractMapBasedMultimap$AsMap$AsMapIterator          : loaded 2 times (x 83B)
Class com.google.common.collect.Maps$TransformedEntriesMap                            : loaded 2 times (x 127B)
Class com.google.common.collect.LinkedHashMultimap                                    : loaded 2 times (x 175B)
Class com.google.common.collect.Maps$EntryFunction$1                                  : loaded 2 times (x 91B)
Class com.google.common.base.Present                                                  : loaded 2 times (x 81B)
Class com.google.common.collect.AbstractMapBasedMultimap$WrappedCollection$WrappedIterator: loaded 2 times (x 84B)
Class org.jetbrains.kotlin.gradle.utils.FutureKt$future$2$1                           : loaded 2 times (x 95B)
Class [Lorg.jetbrains.kotlin.gradle.plugin.statistics.plugins.ObservablePlugins;      : loaded 2 times (x 69B)
Class org.jetbrains.kotlin.gradle.plugin.internal.BuildIdService$Companion$registerIfAbsent$1$1: loaded 2 times (x 75B)
Class org.jetbrains.kotlin.konan.target.KonanTarget$IOS_ARM64                         : loaded 2 times (x 78B)
Class org.jetbrains.kotlin.gradle.targets.js.dsl.KotlinWasmTargetDsl                  : loaded 2 times (x 70B)
Class org.jetbrains.kotlin.gradle.plugin.diagnostics.checkers.DisabledCinteropCommonizationInHmppProjectChecker$runChecks$1: loaded 2 times (x 88B)
Class org.jetbrains.kotlin.gradle.plugin.sources.ConsistencyCheck                     : loaded 2 times (x 72B)
Class org.jetbrains.kotlin.gradle.plugin.sources.DefaultKotlinSourceSetKt$defaultSourceSetLanguageSettingsChecker$2: loaded 2 times (x 78B)
Class org.jetbrains.kotlin.gradle.dsl.KotlinCommonToolOptions                         : loaded 2 times (x 70B)
Class org.jetbrains.kotlin.gradle.plugin.AbstractKotlinPlugin                         : loaded 2 times (x 78B)
Class org.jetbrains.kotlin.gradle.tasks.DefaultKotlinJavaToolchain$Companion$wireJvmTargetToJvm$1: loaded 2 times (x 75B)
Class org.jetbrains.kotlin.gradle.plugin.diagnostics.checkers.ComposePluginSuggestApplyChecker: loaded 2 times (x 74B)
Class org.jetbrains.kotlin.gradle.dsl.KotlinMultiplatformExtension                    : loaded 2 times (x 607B)
Class com.google.common.cache.RemovalListener                                         : loaded 2 times (x 70B)
Class org.gradle.api.internal.DefaultClassPathRegistry                                : loaded 2 times (x 76B)
Class [Lcom.intellij.psi.PsiDirectoryContainer;                                       : loaded 2 times (x 69B)
Class com.intellij.psi.PsiTypeElement                                                 : loaded 2 times (x 70B)
Class com.intellij.psi.search.GlobalSearchScope$EmptyScope                            : loaded 2 times (x 99B)
Class com.intellij.psi.impl.source.tree.RecursiveTreeElementWalkingVisitor            : loaded 2 times (x 77B)
Class com.intellij.psi.impl.PsiTreeChangeEventImpl                                    : loaded 2 times (x 86B)
Class com.intellij.codeInsight.folding.impl.JavaFoldingBuilderBase$1                  : loaded 2 times (x 211B)
Class com.intellij.psi.PsiField                                                       : loaded 2 times (x 70B)
Class org.jetbrains.kotlin.gradle.plugin.KotlinPluginLifecycleKt$await$1              : loaded 2 times (x 88B)
Class com.intellij.lang.java.lexer.JavaDocLexer                                       : loaded 2 times (x 87B)
Class com.intellij.util.graph.impl.GraphAlgorithmsImpl                                : loaded 2 times (x 82B)
Class com.intellij.openapi.vfs.newvfs.BulkFileListener                                : loaded 2 times (x 70B)
Class kotlinx.collections.immutable.implementations.immutableList.AbstractPersistentList: loaded 2 times (x 328B)
Class com.intellij.openapi.application.Application                                    : loaded 2 times (x 70B)
Class org.jetbrains.kotlin.gradle.plugin.mpp.compilationImpl.KotlinCompilationLanguageSettingsConfigurator: loaded 2 times (x 74B)
Class org.jetbrains.kotlin.build.report.metrics.BuildPerformanceMetrics               : loaded 2 times (x 72B)
Class [Lcom.android.tools.lint.detector.api.TextFormat;                               : loaded 2 times (x 69B)
Class com.google.common.collect.Ordering                                              : loaded 2 times (x 114B)
Class com.android.tools.analytics.AnalyticsSettings$optedIn$1                         : loaded 2 times (x 78B)
Class kotlin.annotation.AnnotationTarget                                              : loaded 2 times (x 79B)
Class kotlin.jvm.JvmClassMappingKt                                                    : loaded 2 times (x 71B)
Class kotlin.reflect.jvm.internal.KClassImpl$Data$$Lambda$4                           : loaded 2 times (x 76B)
Class kotlin.reflect.jvm.internal.KPropertyImpl                                       : loaded 2 times (x 115B)
Class kotlin.jvm.internal.Reflection                                                  : loaded 2 times (x 71B)
Class [Lcom.android.ide.common.repository.AgpVersion$PreviewKind;                     : loaded 2 times (x 69B)
Class com.android.sdklib.SdkVersionInfo                                               : loaded 2 times (x 71B)
Class com.android.tools.lint.model.LintModelLintOptions                               : loaded 2 times (x 70B)
Class com.android.prefs.PathLocator$singlePathOf$values$1                             : loaded 2 times (x 79B)
Class com.android.tools.lint.model.PathVariables$Companion$PATH_COMPARATOR$1          : loaded 2 times (x 78B)
Class com.google.common.collect.Maps$EntryFunction$2                                  : loaded 2 times (x 91B)
Class org.apache.commons.io.file.DeleteOption                                         : loaded 2 times (x 70B)
Class com.google.common.reflect.Invokable$ConstructorInvokable                        : loaded 2 times (x 107B)
Class com.google.common.collect.ImmutableMultimap$Keys                                : loaded 2 times (x 166B)
Class org.jetbrains.kotlin.gradle.plugin.mpp.KotlinTargetSoftwareComponentImplKt$KotlinTargetSoftwareComponent$1$1$configuration$1: loaded 2 times (x 79B)
Class org.jetbrains.kotlin.gradle.targets.js.npm.DefaultPeerNpmDependencyExtension$delegate$1: loaded 2 times (x 167B)
Class org.jetbrains.kotlin.gradle.targets.js.npm.NpmDependency                        : loaded 2 times (x 97B)
Class org.jetbrains.kotlin.gradle.targets.js.npm.DefaultNpmDependencyExtension        : loaded 2 times (x 152B)
Class org.jetbrains.kotlin.gradle.targets.js.npm.NpmDependency$Scope                  : loaded 2 times (x 79B)
Class org.jetbrains.kotlin.gradle.plugin.sources.FragmentConsistencyChecks$unstableFeaturesCheck$1: loaded 2 times (x 79B)
Class org.jetbrains.kotlin.gradle.plugin.sources.DefaultKotlinSourceSet               : loaded 2 times (x 141B)
Class org.jetbrains.kotlin.gradle.plugin.diagnostics.checkers.AndroidSourceSetLayoutV1SourceSetsNotFoundChecker: loaded 2 times (x 74B)
Class org.jetbrains.kotlin.gradle.utils.ConfigurationsKt$sam$org_gradle_api_Action$0  : loaded 2 times (x 75B)
Class org.jetbrains.kotlin.gradle.plugin.VariantImplementationFactories$Parameters    : loaded 2 times (x 70B)
Class org.gradle.api.internal.ClassPathRegistry                                       : loaded 2 times (x 70B)
Class org.gradle.internal.classpath.DefaultClassPath$ImmutableUniqueList              : loaded 2 times (x 199B)
Class [Lit.unimi.dsi.fastutil.objects.Object2ObjectOpenHashMap;                       : loaded 2 times (x 69B)
Class com.intellij.psi.impl.light.LightModifierList                                   : loaded 2 times (x 375B)
Class org.jetbrains.kotlin.extensions.StorageComponentContainerContributor            : loaded 2 times (x 70B)
Class com.intellij.openapi.util.RecursionGuard                                        : loaded 2 times (x 75B)
Class kotlinx.coroutines.channels.ChannelCoroutine                                    : loaded 2 times (x 188B)
Class kotlin.reflect.jvm.internal.KProperty1Impl                                      : loaded 2 times (x 128B)
Class kotlinx.coroutines.flow.internal.ChannelFlowTransformLatest                     : loaded 2 times (x 86B)
Class kotlinx.coroutines.DispatchedTaskKt                                             : loaded 2 times (x 71B)
Class kotlinx.coroutines.internal.SystemPropsKt__SystemProps_commonKt                 : loaded 2 times (x 71B)
Class kotlinx.coroutines.ThreadContextElement                                         : loaded 2 times (x 70B)
Class kotlinx.collections.immutable.implementations.immutableList.UtilsKt             : loaded 2 times (x 71B)
Class com.intellij.util.messages.impl.MessageBusImpl$Companion                        : loaded 2 times (x 71B)
Class com.intellij.core.CoreFileTypeRegistry                                          : loaded 2 times (x 82B)
Class com.android.ide.common.rendering.api.ResourceNamespace$AaptNamespace            : loaded 2 times (x 80B)
Class com.android.tools.lint.client.api.ConfigurationHierarchy$lintXmlCreator$1       : loaded 2 times (x 78B)
Class it.unimi.dsi.fastutil.ints.Int2ObjectOpenHashMap                                : loaded 2 times (x 222B)
Class com.google.common.collect.Table$Cell                                            : loaded 2 times (x 70B)
Class com.intellij.util.containers.ConcurrentIntObjectMap                             : loaded 2 times (x 70B)
Class com.intellij.util.containers.ContainerUtil$ImmutableListBackedByArray           : loaded 2 times (x 199B)
Class it.unimi.dsi.fastutil.ints.Int2ObjectMap                                        : loaded 2 times (x 70B)
Class kotlin.collections.IntIterator                                                  : loaded 2 times (x 82B)
Class kotlin.reflect.jvm.internal.impl.resolve.jvm.JvmPrimitiveType                   : loaded 2 times (x 79B)
Class kotlin.reflect.jvm.internal.KClassImpl$Data$$Lambda$5                           : loaded 2 times (x 76B)
Class kotlin.reflect.jvm.internal.ComputableClassValue                                : loaded 2 times (x 80B)
Class com.android.prefs.PathLocator$singlePathOf$values$2                             : loaded 2 times (x 78B)
Class com.android.tools.lint.model.PathVariables$Companion$PATH_COMPARATOR$2          : loaded 2 times (x 78B)
Class org.jetbrains.kotlin.gradle.plugin.internal.state.TaskLoggers                   : loaded 2 times (x 71B)
Class org.apache.commons.io.IOUtils                                                   : loaded 2 times (x 71B)
Class com.google.common.reflect.TypeToken                                             : loaded 2 times (x 73B)
Class org.jetbrains.kotlin.gradle.plugin.KotlinCompilation$DefaultImpls               : loaded 2 times (x 71B)
Class org.jetbrains.kotlin.gradle.utils.ProviderApiUtilsKt$providerWithLazyConvention$1: loaded 2 times (x 74B)
Class org.jetbrains.kotlin.konan.target.KonanTarget$Companion$predefinedTargets$2     : loaded 2 times (x 78B)
Class org.jetbrains.kotlin.gradle.plugin.sources.FragmentConsistencyChecks$unstableFeaturesCheck$2: loaded 2 times (x 78B)
Class org.jetbrains.kotlin.gradle.plugin.KotlinPluginLifecycleImpl                    : loaded 2 times (x 80B)
Class org.jetbrains.kotlin.gradle.plugin.diagnostics.KotlinToolingDiagnostics$WasmWasiEnvironmentNotChosenExplicitly: loaded 2 times (x 73B)
Class org.jetbrains.kotlin.gradle.artifacts.KotlinNativeKlibArtifactKt$KotlinNativeKlibArtifact$1: loaded 2 times (x 74B)
Class org.jetbrains.kotlin.gradle.dsl.KotlinCommonCompilerOptionsDefault              : loaded 2 times (x 96B)
Class org.jetbrains.kotlin.gradle.dsl.KotlinCommonCompilerToolOptionsDefault          : loaded 2 times (x 84B)
Class org.jetbrains.kotlin.gradle.internal.properties.NativePropertiesLoader$isUseXcodeMessageStyleEnabled$1: loaded 2 times (x 75B)
Class org.jetbrains.kotlin.gradle.plugin.statistics.KotlinBuildStatisticsUtilsKt$collectGeneralConfigurationTimeMetrics$statisticOverhead$1$2: loaded 2 times (x 75B)
Class org.jetbrains.kotlin.gradle.plugin.StatisticsBuildFlowManager_Decorated         : loaded 2 times (x 119B)
Class org.jetbrains.kotlin.gradle.report.BuildReportMode$Companion                    : loaded 2 times (x 71B)
Class org.jetbrains.kotlin.gradle.plugin.VariantImplementationFactories$VariantImplementationFactory: loaded 2 times (x 70B)
Class org.jetbrains.kotlin.analysis.api.standalone.base.permissions.KotlinStandaloneAnalysisPermissionOptions: loaded 2 times (x 77B)
Class org.jetbrains.kotlin.compiler.plugin.CompilerPluginRegistrar$Companion          : loaded 2 times (x 71B)
Class com.intellij.openapi.util.io.FileUtilRt$RepeatableIOOperation                   : loaded 2 times (x 70B)
Class com.intellij.util.containers.SoftKeySoftValueHashMap$ValueReference             : loaded 2 times (x 80B)
Class com.intellij.lang.jvm.types.JvmPrimitiveType                                    : loaded 2 times (x 70B)
Class com.intellij.mock.MockDumbUtil                                                  : loaded 2 times (x 75B)
Class kotlinx.coroutines.flow.SharedFlowKt                                            : loaded 2 times (x 71B)
Class org.codehaus.stax2.XMLStreamReader2                                             : loaded 2 times (x 70B)
Class com.intellij.ide.plugins.ActionDescriptorName                                   : loaded 2 times (x 79B)
Class com.intellij.psi.search.searches.SuperMethodsSearch$1                           : loaded 2 times (x 79B)
Class com.intellij.psi.impl.source.tree.CompositePsiElement                           : loaded 2 times (x 406B)
Class com.intellij.util.cls.ClsFormatException                                        : loaded 2 times (x 82B)
Class kotlinx.collections.immutable.implementations.immutableSet.PersistentHashSet    : loaded 2 times (x 220B)
Class com.intellij.psi.impl.source.resolve.reference.ReferenceProvidersRegistry       : loaded 2 times (x 74B)
Class kotlinx.collections.immutable.internal.CommonFunctionsKt                        : loaded 2 times (x 71B)
Class com.intellij.util.messages.impl.MessageQueue                                    : loaded 2 times (x 72B)
Class com.android.tools.lint.UastEnvironment$Companion$logger$1                       : loaded 2 times (x 79B)
Class com.intellij.util.messages.impl.SimpleMessageBusConnectionImpl                  : loaded 2 times (x 85B)
Class com.google.gson.internal.bind.JsonTreeWriter                                    : loaded 2 times (x 98B)
Class kotlin.time.DurationUnit                                                        : loaded 2 times (x 79B)
Class com.intellij.openapi.vfs.newvfs.CachingVirtualFileSystem                        : loaded 2 times (x 70B)
Class it.unimi.dsi.fastutil.longs.LongCollection                                      : loaded 2 times (x 70B)
Class com.intellij.psi.PsiPlainText                                                   : loaded 2 times (x 70B)
Class kotlin.reflect.jvm.internal.KClassImpl$Data$$Lambda$6                           : loaded 2 times (x 76B)
Class com.android.tools.lint.model.PathVariables$Companion$PATH_COMPARATOR$3          : loaded 2 times (x 78B)
Class com.intellij.openapi.util.UnfairTextRange                                       : loaded 2 times (x 97B)
Class com.google.common.cache.RemovalCause                                            : loaded 2 times (x 80B)
Class org.jetbrains.kotlin.gradle.utils.GradleAttributesContainerUtilsKt              : loaded 2 times (x 71B)
Class org.jetbrains.kotlin.gradle.plugin.mpp.ApplyUserDefinedAttributesKt$UserDefinedAttributesSetupAction$1$1: loaded 2 times (x 79B)
Class org.jetbrains.kotlin.compilerRunner.CompilerSystemPropertiesService             : loaded 2 times (x 80B)
Class org.jetbrains.kotlin.gradle.plugin.mpp.compilationImpl.KotlinCompilationImpl$1  : loaded 2 times (x 79B)
Class org.jetbrains.kotlin.gradle.targets.js.npm.SemVer$Companion                     : loaded 2 times (x 71B)
Class org.jetbrains.kotlin.konan.target.KonanTarget$LINUX_ARM64                       : loaded 2 times (x 78B)
Class org.jetbrains.kotlin.konan.target.KonanTarget$LINUX_X64                         : loaded 2 times (x 78B)
Class [Lorg.jetbrains.kotlin.konan.target.Architecture;                               : loaded 2 times (x 69B)
Class org.jetbrains.kotlin.gradle.targets.native.SetupEmbedAndSignAppleFrameworkTaskSideEffectKt$special$$inlined$KotlinTargetSideEffect$1: loaded 2 times (x 74B)
Class org.jetbrains.kotlin.gradle.plugin.mpp.KotlinUsages$KotlinCinteropCompatibility : loaded 2 times (x 77B)
Class org.jetbrains.kotlin.gradle.dsl.ExplicitApiMode                                 : loaded 2 times (x 79B)
Class org.jetbrains.kotlin.gradle.plugin.VariantImplementationFactories$Companion     : loaded 2 times (x 71B)
Class org.jetbrains.kotlin.gradle.plugin.internal.CustomPropertiesFileValueSource$Parameters_Decorated: loaded 2 times (x 134B)
Class org.jetbrains.kotlin.gradle.dsl.KotlinTopLevelExtensionConfig                   : loaded 2 times (x 70B)
Class com.google.common.cache.CacheBuilder                                            : loaded 2 times (x 72B)
Class Settings_gradle$1                                                               : loaded 2 times (x 74B)
Class org.gradle.internal.classpath.ClassPath                                         : loaded 2 times (x 70B)
Class org.gradle.api.UncheckedIOException                                             : loaded 2 times (x 82B)
Class com.intellij.psi.impl.ElementBase$ElementIconRequest                            : loaded 2 times (x 72B)
Class com.intellij.psi.impl.JvmPsiConversionHelperImpl                                : loaded 2 times (x 78B)
Class com.intellij.psi.TypeAnnotationProvider$1                                       : loaded 2 times (x 77B)
Class com.intellij.psi.impl.PsiParameterizedCachedValue$Direct                        : loaded 2 times (x 94B)
Class com.intellij.psi.util.ParameterizedCachedValueProvider                          : loaded 2 times (x 70B)
Class org.jetbrains.kotlin.idea.KotlinLanguage                                        : loaded 2 times (x 107B)
Class com.fasterxml.aalto.in.ByteBasedPNameTable                                      : loaded 2 times (x 74B)
Class com.intellij.psi.impl.compiled.ClsDecompilerImpl                                : loaded 2 times (x 78B)
Class com.intellij.psi.PsiParameter                                                   : loaded 2 times (x 70B)
Class com.intellij.openapi.projectRoots.JavaVersionService                            : loaded 2 times (x 74B)
Class com.intellij.psi.stubs.StubInputStream                                          : loaded 2 times (x 113B)
Class com.intellij.openapi.util.KeyWithDefaultValue                                   : loaded 2 times (x 78B)
Class com.intellij.psi.impl.source.tree.LeafElement                                   : loaded 2 times (x 223B)
Class com.intellij.openapi.extensions.ExtensionPoint$Kind                             : loaded 2 times (x 79B)
Class it.unimi.dsi.fastutil.objects.AbstractObject2ObjectMap                          : loaded 2 times (x 178B)
Class com.android.tools.lint.Reporter$Companion                                       : loaded 2 times (x 71B)
Class com.intellij.openapi.util.NotNullLazyValue$4                                    : loaded 2 times (x 78B)
Class com.intellij.psi.JavaModuleSystem                                               : loaded 2 times (x 70B)
Class com.android.tools.lint.client.api.LintClient                                    : loaded 2 times (x 157B)
Class kotlin.sequences.TakeWhileSequence$iterator$1                                   : loaded 2 times (x 79B)
Class kotlin.sequences.DropSequence                                                   : loaded 2 times (x 79B)
Class it.unimi.dsi.fastutil.objects.Object2IntMap$FastEntrySet                        : loaded 2 times (x 70B)
Class kotlin.collections.ArrayDeque                                                   : loaded 2 times (x 207B)
Class org.jetbrains.kotlin.utils.PathUtil                                             : loaded 2 times (x 71B)
Class kotlin.reflect.jvm.internal.KPackageImpl                                        : loaded 2 times (x 85B)
Class com.intellij.ide.plugins.PluginDescriptorLoader$loadForCoreEnv$1                : loaded 2 times (x 95B)
Class [Lkotlin.reflect.jvm.internal.impl.name.FqName;                                 : loaded 2 times (x 69B)
Class kotlin.reflect.jvm.internal.KClassImpl$Data$$Lambda$7                           : loaded 2 times (x 76B)
Class com.android.tools.lint.model.PathVariables$Companion$PATH_COMPARATOR$4          : loaded 2 times (x 78B)
Class kotlin.sequences.SequencesKt__SequencesKt$asSequence$$inlined$Sequence$1        : loaded 2 times (x 75B)
Class build_8a0zmoznh2dicswa4wkzckji0$_run_closure1                                   : loaded 2 times (x 139B)
Class com.google.common.collect.LinkedHashMultimap$ValueSet$1                         : loaded 2 times (x 82B)
Class com.google.common.collect.Interners$InternerBuilder                             : loaded 2 times (x 76B)
Class org.jetbrains.kotlin.gradle.incremental.IncrementalModuleInfoProvider           : loaded 2 times (x 70B)
Class org.jetbrains.kotlin.gradle.plugin.mpp.compilationImpl.KotlinCompilationImpl$2  : loaded 2 times (x 79B)
Class org.jetbrains.kotlin.gradle.dsl.PlatformSourceSetConventionsChecker$runChecks$1 : loaded 2 times (x 88B)
Class org.jetbrains.kotlin.gradle.plugin.mpp.compilationImpl.KotlinCompilationProcessorSideEffectKt$KotlinCompilationProcessorSideEffect$1: loaded 2 times (x 74B)
Class org.jetbrains.kotlin.gradle.dsl.KotlinJvmCompilerOptionsDefault                 : loaded 2 times (x 108B)
Class org.jetbrains.kotlin.gradle.internal.UsesClassLoadersCachingBuildService        : loaded 2 times (x 70B)
Class com.android.tools.idea.gradle.dcl.lang.DeclarativeLanguage$Companion            : loaded 2 times (x 71B)
Class org.jetbrains.kotlin.resolve.jvm.modules.JavaModuleInfo$FileReadingException    : loaded 2 times (x 82B)
Class com.intellij.openapi.util.RecursionManager$CachingPreventedException            : loaded 2 times (x 82B)
Class com.intellij.psi.search.FileTypeRestrictionScope                                : loaded 2 times (x 108B)
Class com.intellij.core.CoreProjectScopeBuilder$CoreLibrariesScope                    : loaded 2 times (x 99B)
Class kotlinx.coroutines.flow.internal.ChannelLimitedFlowMerge                        : loaded 2 times (x 85B)
Class com.fasterxml.aalto.util.UriCanonicalizer                                       : loaded 2 times (x 72B)
Class [Lkotlinx.coroutines.CoroutineStart;                                            : loaded 2 times (x 69B)
Class kotlinx.coroutines.CoroutineDispatcher$Key                                      : loaded 2 times (x 72B)
Class kotlinx.collections.immutable.implementations.immutableSet.PersistentHashSetIterator: loaded 2 times (x 82B)
Class com.intellij.psi.impl.source.tree.PlainTextASTFactory                           : loaded 2 times (x 74B)
Class com.intellij.psi.PsiFileSystemItem                                              : loaded 2 times (x 70B)
Class com.intellij.psi.PsiReferenceRegistrar                                          : loaded 2 times (x 80B)
Class com.intellij.util.containers.DisposableWrapperList$DisposableWrapper            : loaded 2 times (x 77B)
Class com.intellij.openapi.editor.impl.DocumentImpl$UnexpectedBulkUpdateStateException: loaded 2 times (x 85B)
Class com.intellij.lang.Language                                                      : loaded 2 times (x 107B)
Class [Lcom.fasterxml.aalto.in.ByteBasedPName;                                        : loaded 2 times (x 69B)
Class org.jetbrains.kotlin.cli.jvm.compiler.KotlinCoreProjectEnvironment              : loaded 2 times (x 89B)
Class com.intellij.psi.search.DelegatingGlobalSearchScope                             : loaded 2 times (x 105B)
Class com.intellij.psi.impl.source.resolve.PsiResolveHelperImpl$2                     : loaded 2 times (x 114B)
Class org.jetbrains.kotlin.config.CommonConfigurationKeys                             : loaded 2 times (x 71B)
Class org.jetbrains.kotlin.load.java.structure.impl.classFiles.BinaryClassSignatureParser$ClsFormatException: loaded 2 times (x 82B)
Class com.google.gson.internal.JsonReaderInternalAccess                               : loaded 2 times (x 72B)
Class com.android.ide.common.resources.configuration.VersionQualifier                 : loaded 2 times (x 89B)
Class kotlin.time.DurationUnitKt__DurationUnitKt                                      : loaded 2 times (x 71B)
Class kotlin.reflect.jvm.internal.KClassImpl$Data$$Lambda$8                           : loaded 2 times (x 76B)
Class [Lkotlin.reflect.KDeclarationContainer;                                         : loaded 2 times (x 69B)
Class com.android.tools.lint.model.DefaultLintModelAndroidLibrary                     : loaded 2 times (x 111B)
Class com.android.prefs.AndroidLocationsProvider                                      : loaded 2 times (x 70B)
Class com.google.common.io.CharStreams$NullWriter                                     : loaded 2 times (x 99B)
Class org.jetbrains.kotlin.compilerRunner.KotlinCompilerArgumentsLogLevel$Companion   : loaded 2 times (x 71B)
Class org.jetbrains.kotlin.gradle.plugin.DefaultKotlinBasePlugin$addKotlinCompilerConfiguration$3$1: loaded 2 times (x 79B)
Class org.jetbrains.kotlin.gradle.tasks.AbstractKotlinCompile$defaultKotlinJavaToolchain$1: loaded 2 times (x 78B)
Class org.jetbrains.kotlin.daemon.common.MultiModuleICSettings                        : loaded 2 times (x 72B)
Class org.jetbrains.kotlin.cli.common.arguments.Freezable                             : loaded 2 times (x 72B)
Class com.google.errorprone.annotations.DoNotMock                                     : loaded 2 times (x 70B)
Class org.jetbrains.kotlin.gradle.internal.transforms.BuildToolsApiClasspathEntrySnapshotTransform$Parameters: loaded 2 times (x 88B)
Class org.jetbrains.kotlin.gradle.plugin.KotlinCompilationInfoKt                      : loaded 2 times (x 71B)
Class org.jetbrains.kotlin.gradle.tasks.KotlinCompile                                 : loaded 2 times (x 504B)
Class org.jetbrains.kotlin.gradle.internal.StdlibDependencyManagementKt               : loaded 2 times (x 71B)
Class org.jetbrains.kotlin.gradle.dsl.PlatformSourceSetConventionsChecker$runChecks$2 : loaded 2 times (x 78B)
Class org.jetbrains.kotlin.konan.target.KonanTarget$MINGW_X64                         : loaded 2 times (x 78B)
Class org.jetbrains.kotlin.gradle.utils.ObservableSet                                 : loaded 2 times (x 70B)
Class org.jetbrains.kotlin.gradle.plugin.diagnostics.KotlinToolingDiagnosticsCollectorKt: loaded 2 times (x 71B)
Class org.jetbrains.kotlin.gradle.plugin.mpp.HierarchyAttributeContainer              : loaded 2 times (x 83B)
Class org.jetbrains.kotlin.gradle.tasks.UsesKotlinJavaToolchain                       : loaded 2 times (x 70B)
Class org.jetbrains.kotlin.gradle.plugin.DefaultKotlinBasePlugin$apply$1              : loaded 2 times (x 75B)
Class org.jetbrains.kotlin.statistics.metrics.StringOverridePolicy$OVERRIDE           : loaded 2 times (x 85B)
Class org.jetbrains.kotlin.gradle.internal.properties.PropertiesBuildService$Params_Decorated: loaded 2 times (x 134B)
Class org.objectweb.asm.SymbolTable$Entry                                             : loaded 2 times (x 74B)
Class com.intellij.openapi.vfs.impl.JavaZipFileWrapper                                : loaded 2 times (x 77B)
Class com.intellij.core.CoreJavaCodeStyleSettingsFacade                               : loaded 2 times (x 73B)
Class com.intellij.core.CoreProjectScopeBuilder$ContentSearchScope                    : loaded 2 times (x 99B)
Class com.intellij.psi.PsiReference                                                   : loaded 2 times (x 70B)
Class org.codehaus.stax2.LocationInfo                                                 : loaded 2 times (x 70B)
Class com.intellij.psi.StubBuilder                                                    : loaded 2 times (x 70B)
Class com.intellij.psi.stubs.StubSerializer                                           : loaded 2 times (x 70B)
Class [Lcom.intellij.psi.tree.IElementType;                                           : loaded 2 times (x 69B)
Class [Lcom.intellij.openapi.progress.impl.CoreProgressManager$CheckCanceledBehavior; : loaded 2 times (x 69B)
Class com.intellij.openapi.progress.Task$Modal                                        : loaded 2 times (x 94B)
Class com.intellij.openapi.extensions.ExtensionPoint                                  : loaded 2 times (x 70B)
Class com.intellij.openapi.extensions.ExtensionsArea                                  : loaded 2 times (x 70B)
Class com.intellij.openapi.util.registry.EarlyAccessRegistryManagerKt                 : loaded 2 times (x 71B)
Class [Lcom.intellij.openapi.diagnostic.LogLevel;                                     : loaded 2 times (x 69B)
Class com.android.tools.lint.detector.api.ApiConstraint$Companion                     : loaded 2 times (x 71B)
Class jdk.internal.jimage.ImageStringsReader                                          : loaded 2 times (x 80B)
Class org.jetbrains.kotlin.asJava.finder.JavaElementFinder                            : loaded 2 times (x 89B)
Class it.unimi.dsi.fastutil.objects.Object2IntOpenHashMap                             : loaded 2 times (x 247B)
Class kotlin.reflect.jvm.internal.KClassImpl$Data$$Lambda$9                           : loaded 2 times (x 76B)
Class Build_gradle$2$1                                                                : loaded 2 times (x 78B)
Class Native_plugin_loader_gradle                                                     : loaded 2 times (x 130B)
Class org.jetbrains.kotlin.statistics.metrics.IMetricContainer                        : loaded 2 times (x 70B)
Class org.jetbrains.kotlin.gradle.plugin.mpp.KotlinTargetComponentWithCoordinatesAndPublication: loaded 2 times (x 70B)
Class org.jetbrains.kotlin.gradle.incremental.UsesIncrementalModuleInfoBuildService   : loaded 2 times (x 70B)
Class org.jetbrains.kotlin.konan.target.KonanTarget$ANDROID_X86                       : loaded 2 times (x 78B)
Class org.jetbrains.kotlin.gradle.dsl.PlatformSourceSetConventionsChecker$runChecks$3 : loaded 2 times (x 78B)
Class org.jetbrains.kotlin.gradle.plugin.RegisterKotlinPluginExtensionsKt             : loaded 2 times (x 71B)
Class org.jetbrains.kotlin.gradle.utils.CompilerOptionsKt$configureExperimentalTryNext$1$1: loaded 2 times (x 78B)
Class org.jetbrains.kotlin.gradle.utils.CompilerOptionsKt                             : loaded 2 times (x 71B)
Class org.jetbrains.kotlin.gradle.plugin.PropertiesProvider$Companion                 : loaded 2 times (x 71B)
Class org.jetbrains.kotlin.gradle.utils.SingleAction                                  : loaded 2 times (x 73B)
Class org.objectweb.asm.Edge                                                          : loaded 2 times (x 72B)
Class com.google.common.base.Suppliers$SupplierOfInstance                             : loaded 2 times (x 79B)
Class com.intellij.util.containers.ShareableKey                                       : loaded 2 times (x 70B)
Class [Lcom.intellij.lang.jvm.JvmElement;                                             : loaded 2 times (x 69B)
Class com.intellij.util.SystemProperties                                              : loaded 2 times (x 71B)
Class com.intellij.util.ConcurrencyUtil                                               : loaded 2 times (x 71B)
Class kotlinx.coroutines.ExecutorCoroutineDispatcher$Key$1                            : loaded 2 times (x 78B)
Class com.intellij.util.containers.ConcurrentRefHashMap$KeyReference                  : loaded 2 times (x 70B)
Class com.intellij.openapi.util.Conditions                                            : loaded 2 times (x 71B)
Class kotlinx.collections.immutable.ImmutableList                                     : loaded 2 times (x 70B)
Class com.intellij.openapi.editor.impl.IntervalTreeImpl                               : loaded 2 times (x 130B)
Class com.intellij.openapi.vfs.VirtualFile                                            : loaded 2 times (x 154B)
Class com.intellij.mock.MockComponentManager                                          : loaded 2 times (x 161B)
Class com.intellij.concurrency.JobLauncher                                            : loaded 2 times (x 76B)
Class org.jetbrains.kotlin.cli.jvm.modules.CliJavaModuleResolver                      : loaded 2 times (x 78B)
Class org.gradle.internal.classloader.ClassLoaderVisitor                              : loaded 2 times (x 76B)
Class org.jetbrains.kotlin.statistics.metrics.StringAnonymizationPolicy               : loaded 2 times (x 78B)
Class kotlin.properties.Delegates                                                     : loaded 2 times (x 71B)
Class kotlin.Metadata                                                                 : loaded 2 times (x 70B)
Class kotlin.text.MatchResult$Destructured                                            : loaded 2 times (x 72B)
Class com.google.common.reflect.TypeToken$1                                           : loaded 2 times (x 110B)
Class org.jetbrains.kotlin.gradle.tasks.KotlinCompile$defaultKotlinJavaToolchain$1    : loaded 2 times (x 79B)
Class org.jetbrains.kotlin.gradle.tasks.KotlinJavaToolchain$JavaToolchainSetter       : loaded 2 times (x 70B)
Class org.jetbrains.kotlin.tooling.core.ExtrasPropertyKt$extrasLazyProperty$1         : loaded 2 times (x 94B)
Class org.jetbrains.kotlin.gradle.dsl.PlatformSourceSetConventionsChecker$runChecks$4 : loaded 2 times (x 78B)
Class org.jetbrains.kotlin.gradle.plugin.diagnostics.checkers.JsLikeEnvironmentChecker$runChecks$1: loaded 2 times (x 88B)
Class org.jetbrains.kotlin.gradle.plugin.diagnostics.KotlinToolingDiagnostics$WasmJsEnvironmentNotChosenExplicitly: loaded 2 times (x 73B)
Class org.jetbrains.kotlin.gradle.plugin.diagnostics.UsesKotlinToolingDiagnostics     : loaded 2 times (x 70B)
Class org.jetbrains.kotlin.statistics.metrics.BooleanAnonymizationPolicy$SAFE         : loaded 2 times (x 85B)
Class com.google.common.cache.LocalCache$ComputingValueReference                      : loaded 2 times (x 96B)
Class kotlinx.coroutines.CancelHandlerBase                                            : loaded 2 times (x 76B)
Class kotlinx.coroutines.internal.ConcurrentLinkedListNode                            : loaded 2 times (x 73B)
Class kotlinx.coroutines.flow.MutableSharedFlow                                       : loaded 2 times (x 70B)
Class com.intellij.ide.plugins.PluginContentDescriptor                                : loaded 2 times (x 72B)
Class com.intellij.util.containers.UnsafeWeakList$MyReference                         : loaded 2 times (x 79B)
Class com.intellij.codeInsight.ContainerProvider                                      : loaded 2 times (x 70B)
Class kotlinx.collections.immutable.implementations.immutableSet.TrieNode             : loaded 2 times (x 72B)
Class com.intellij.openapi.progress.Task$WithResult                                   : loaded 2 times (x 96B)
Class com.intellij.psi.tree.ILazyParseableElementTypeBase                             : loaded 2 times (x 70B)
Class com.intellij.navigation.ItemPresentationProviders                               : loaded 2 times (x 86B)
Class org.jetbrains.kotlin.statistics.metrics.NumberAnonymizationPolicy               : loaded 2 times (x 85B)
Class jdk.internal.jimage.ImageReader                                                 : loaded 2 times (x 75B)
Class com.android.ide.common.resources.configuration.Configurable                     : loaded 2 times (x 70B)
Class com.google.common.collect.AbstractMapBasedMultimap$AsMap$AsMapEntries           : loaded 2 times (x 138B)
Class com.google.common.reflect.TypeToken$2                                           : loaded 2 times (x 110B)
Class org.jetbrains.kotlin.gradle.plugin.mpp.compilationImpl.DefaultKotlinCompilationSourceSetsContainer$allKotlinSourceSetsImpl$1$1: loaded 2 times (x 80B)
Class org.jetbrains.kotlin.gradle.plugin.mpp.compilationImpl.DefaultKotlinCompilationSourceSetsContainer: loaded 2 times (x 78B)
Class org.jetbrains.kotlin.konan.target.KonanTarget$TVOS_SIMULATOR_ARM64              : loaded 2 times (x 78B)
Class org.jetbrains.kotlin.konan.target.KonanTarget$Companion                         : loaded 2 times (x 71B)
Class org.jetbrains.kotlin.gradle.plugin.KotlinPluginLifecycle$Stage$Companion        : loaded 2 times (x 71B)
Class org.jetbrains.kotlin.gradle.plugin.diagnostics.checkers.DeprecatedKotlinNativeTargetsChecker: loaded 2 times (x 74B)
Class org.jetbrains.kotlin.gradle.targets.native.ConfigureFrameworkExportSideEffectKt$special$$inlined$KotlinTargetSideEffect$1: loaded 2 times (x 74B)
Class org.jetbrains.kotlin.tooling.core.AbstractExtras                                : loaded 2 times (x 141B)
Class com.google.common.cache.LocalCache$Segment                                      : loaded 2 times (x 154B)
Class com.intellij.openapi.vfs.impl.JavaZipFileWrapper$EntryWrapper                   : loaded 2 times (x 84B)
Class com.intellij.openapi.util.io.FileAttributes$CaseSensitivity                     : loaded 2 times (x 79B)
Class [Lcom.intellij.lang.jvm.JvmPackage;                                             : loaded 2 times (x 69B)
Class [Lcom.intellij.pom.Navigatable;                                                 : loaded 2 times (x 69B)
Class com.intellij.psi.impl.file.PsiPackageImpl                                       : loaded 2 times (x 791B)
Class com.intellij.lang.jvm.facade.JvmFacadeImpl                                      : loaded 2 times (x 77B)
Class org.jetbrains.kotlin.gradle.report.BuildMetricsService                          : loaded 2 times (x 86B)
Class org.jetbrains.kotlin.gradle.plugin.diagnostics.UsesKotlinToolingDiagnosticsParameters: loaded 2 times (x 70B)
Class com.intellij.AbstractBundle                                                     : loaded 2 times (x 78B)
Class [Lcom.intellij.openapi.vfs.VirtualFileFilter;                                   : loaded 2 times (x 69B)
Class com.intellij.psi.search.CodeInsightContextAwareSearchScope                      : loaded 2 times (x 70B)
Class com.intellij.psi.search.EverythingGlobalScope                                   : loaded 2 times (x 99B)
Class com.intellij.psi.impl.file.impl.FileManagerImpl$1                               : loaded 2 times (x 78B)
Class kotlinx.coroutines.internal.LockFreeTaskQueueCore$Placeholder                   : loaded 2 times (x 71B)
Class org.codehaus.stax2.ri.typed.ValueDecoderFactory$IntegerDecoder                  : loaded 2 times (x 85B)
Class com.fasterxml.aalto.impl.StreamExceptionBase                                    : loaded 2 times (x 85B)
Class com.intellij.psi.impl.compiled.ClassFileStubBuilder                             : loaded 2 times (x 97B)
Class com.intellij.psi.FileViewProviderFactory                                        : loaded 2 times (x 70B)
Class com.intellij.openapi.progress.Progressive                                       : loaded 2 times (x 70B)
Class com.intellij.psi.PsiReferenceService                                            : loaded 2 times (x 73B)
Class com.intellij.openapi.project.IndexNotReadyException                             : loaded 2 times (x 85B)
Class com.intellij.lang.FileASTNode                                                   : loaded 2 times (x 70B)
Class com.intellij.openapi.vfs.encoding.EncodingManager                               : loaded 2 times (x 85B)
Class com.intellij.ide.plugins.DynamicPluginListener$Companion                        : loaded 2 times (x 71B)
Class com.intellij.psi.stubs.BinaryFileStubBuilders                                   : loaded 2 times (x 90B)
Class com.intellij.openapi.vfs.pointers.VirtualFilePointerManager                     : loaded 2 times (x 82B)
Class org.jetbrains.kotlin.gradle.targets.js.npm.NpmDependencyExtensionKt             : loaded 2 times (x 71B)
Class org.jetbrains.kotlin.utils.DescriptionAware                                     : loaded 2 times (x 70B)
Class com.android.tools.lint.UastEnvironment$Module                                   : loaded 2 times (x 72B)
Class jdk.internal.jimage.ImageReader$SharedImageReader                               : loaded 2 times (x 95B)
Class com.android.tools.lint.model.LintModelSeverity$Companion                        : loaded 2 times (x 71B)
Class com.android.ide.common.resources.ResourceFile                                   : loaded 2 times (x 87B)
Class org.jetbrains.kotlin.gradle.plugin.diagnostics.checkers.JsEnvironmentChecker    : loaded 2 times (x 76B)
Class [Lorg.jetbrains.kotlin.gradle.dsl.KotlinVersion;                                : loaded 2 times (x 69B)
Class kotlin.time.DurationJvmKt                                                       : loaded 2 times (x 71B)
Class org.jetbrains.kotlin.gradle.plugin.diagnostics.ToolingDiagnosticRenderingOptions: loaded 2 times (x 72B)
Class org.jetbrains.kotlin.gradle.plugin.KotlinTargetWithTests                        : loaded 2 times (x 70B)
Class kotlin.reflect.jvm.internal.ReflectProperties                                   : loaded 2 times (x 71B)
Class Native_plugin_loader_gradle$NativePluginLoader$Companion                        : loaded 2 times (x 71B)
Class org.jetbrains.kotlin.gradle.plugin.statistics.KotlinBuildStatsLoggerService$initSessionLogger$1: loaded 2 times (x 79B)
Class [Lcom.google.common.base.Supplier;                                              : loaded 2 times (x 69B)
Class org.jetbrains.kotlin.build.report.metrics.BuildTimes                            : loaded 2 times (x 72B)
Class org.jetbrains.kotlin.gradle.tasks.KotlinCompile$ClasspathSnapshotProperties     : loaded 2 times (x 75B)
Class org.jetbrains.kotlin.gradle.internal.StdlibDependencyManagementKt$addStdlibDependency$1$1: loaded 2 times (x 79B)
Class org.jetbrains.kotlin.gradle.tasks.configuration.BaseKotlinCompileConfig$2$1     : loaded 2 times (x 75B)
Class org.jetbrains.kotlin.gradle.plugin.diagnostics.TransformActionUsingKotlinToolingDiagnostics: loaded 2 times (x 70B)
Class org.jetbrains.kotlin.gradle.dsl.PlatformSourceSetConventionsChecker$runChecks$6 : loaded 2 times (x 88B)
Class org.jetbrains.kotlin.gradle.plugin.sources.DefaultKotlinSourceSet_Decorated     : loaded 2 times (x 192B)
Class org.jetbrains.kotlin.gradle.plugin.mpp.KotlinCompilationsKt                     : loaded 2 times (x 71B)
Class org.jetbrains.kotlin.statistics.metrics.StringOverridePolicy                    : loaded 2 times (x 85B)
Class org.jetbrains.kotlin.gradle.plugin.statistics.DefaultKotlinBuildStatsBeanService: loaded 2 times (x 92B)
Class org.jetbrains.kotlin.gradle.utils.GradleUtilsKt$registerClassLoaderScopedBuildService$1: loaded 2 times (x 74B)
Class [Lorg.objectweb.asm.SymbolTable$Entry;                                          : loaded 2 times (x 69B)
Class com.google.common.cache.CacheLoader                                             : loaded 2 times (x 74B)
Class org.gradle.internal.installation.GradleInstallation$1                           : loaded 2 times (x 75B)
Class org.gradle.api.internal.classpath.ModuleRegistry                                : loaded 2 times (x 70B)
Class org.jetbrains.kotlin.cli.jvm.modules.JavaModuleGraph                            : loaded 2 times (x 72B)
Class com.intellij.psi.impl.source.HolderFactory                                      : loaded 2 times (x 70B)
Class org.jetbrains.kotlin.utils.PlatformUtilsKt                                      : loaded 2 times (x 71B)
Class com.intellij.psi.PsiRecursiveElementWalkingVisitor                              : loaded 2 times (x 84B)
Class com.intellij.psi.impl.file.impl.FileManagerImpl$2                               : loaded 2 times (x 76B)
Class kotlin.internal.jdk8.JDK8PlatformImplementations$ReflectSdkVersion              : loaded 2 times (x 71B)
Class com.intellij.codeInsight.multiverse.CodeInsightContextManagerImpl$subscribeToChanges$1: loaded 2 times (x 95B)
Class com.fasterxml.aalto.WFCException                                                : loaded 2 times (x 85B)
Class com.intellij.codeInsight.folding.JavaCodeFoldingSettings                        : loaded 2 times (x 103B)
Class com.intellij.util.containers.ContainerUtil$9$1                                  : loaded 2 times (x 82B)
Class com.intellij.openapi.progress.impl.CoreProgressManager$CheckCanceledBehavior    : loaded 2 times (x 79B)
Class it.unimi.dsi.fastutil.doubles.Double2ObjectMap                                  : loaded 2 times (x 70B)
Class com.intellij.core.CoreEncodingProjectManager                                    : loaded 2 times (x 85B)
Class org.jetbrains.kotlin.cli.jvm.modules.CoreJrtFileSystem                          : loaded 2 times (x 101B)
Class com.intellij.util.messages.Topic$BroadcastDirection                             : loaded 2 times (x 79B)
Class com.intellij.util.ArrayFactory                                                  : loaded 2 times (x 70B)
Class com.intellij.openapi.vfs.VirtualFileSystem                                      : loaded 2 times (x 88B)
Class org.jetbrains.kotlin.cli.jvm.compiler.KotlinCoreApplicationEnvironmentMode      : loaded 2 times (x 70B)
Class com.intellij.util.ArrayUtilRt                                                   : loaded 2 times (x 71B)
Class org.jetbrains.kotlin.compilerRunner.CompilerSystemPropertiesService$Parameters_Decorated: loaded 2 times (x 134B)
Class com.android.support.AndroidxName                                                : loaded 2 times (x 80B)
Class org.jetbrains.kotlin.gradle.plugin.PropertiesProvider$kotlinCompilerArgumentsLogLevel$1: loaded 2 times (x 74B)
Class com.google.common.collect.ReverseNaturalOrdering                                : loaded 2 times (x 114B)
Class com.android.resources.ResourceType$Kind                                         : loaded 2 times (x 79B)
Class com.android.ide.common.repository.AgpVersion$PreviewKind$Companion              : loaded 2 times (x 71B)
Class com.android.ProgressManagerAdapter                                              : loaded 2 times (x 73B)
Class build_6kj6w7rz7r4qf25kt25hkh4aq$_run_closure1                                   : loaded 2 times (x 139B)
Class org.jetbrains.kotlin.gradle.logging.GradleKotlinLogger                          : loaded 2 times (x 82B)
Class org.apache.commons.io.output.NullWriter                                         : loaded 2 times (x 99B)
Class org.jetbrains.kotlin.gradle.plugin.KotlinPluginLifecycle$ProjectConfigurationResult: loaded 2 times (x 71B)
Class org.jetbrains.kotlin.gradle.internal.KotlinDependenciesManagementKt$configureDefaultVersionsResolutionStrategy$1: loaded 2 times (x 75B)
Class org.jetbrains.kotlin.gradle.internal.StdlibDependencyManagementKt$configureStdlibDefaultDependency$1: loaded 2 times (x 79B)
Class org.jetbrains.kotlin.gradle.model.builder.KotlinModelBuilder$Companion          : loaded 2 times (x 71B)
Class org.jetbrains.kotlin.gradle.plugin.mpp.compilationImpl.KotlinCreateResourcesTaskSideEffectKt: loaded 2 times (x 71B)
Class org.jetbrains.kotlin.gradle.targets.native.internal.SetupKotlinNativePlatformDependenciesAndStdlibKt: loaded 2 times (x 71B)
Class org.jetbrains.kotlin.gradle.plugin.mpp.KotlinUsages                             : loaded 2 times (x 71B)
Class org.jetbrains.kotlin.gradle.internal.properties.NativePropertiesLoader$Companion: loaded 2 times (x 71B)
Class [Lorg.jetbrains.kotlin.build.report.metrics.GradleBuildPerformanceMetric;       : loaded 2 times (x 69B)
Class org.jetbrains.kotlin.gradle.plugin.statistics.KotlinBuildStatsBeanService$Companion: loaded 2 times (x 71B)
Class org.jetbrains.kotlin.gradle.plugin.statistics.BuildFusService$Companion         : loaded 2 times (x 71B)
Class com.google.common.util.concurrent.internal.InternalFutureFailureAccess          : loaded 2 times (x 72B)
Class org.jetbrains.kotlin.cli.jvm.compiler.CliVirtualFileFinderFactory               : loaded 2 times (x 76B)
Class org.jetbrains.kotlin.resolve.extensions.AssignResolutionAltererExtension        : loaded 2 times (x 70B)
Class org.jetbrains.kotlin.extensions.ProjectExtensionDescriptor                      : loaded 2 times (x 72B)
Class com.intellij.core.CoreJavaFileCodeStyleFacade                                   : loaded 2 times (x 99B)
Class kotlinx.coroutines.flow.internal.SendingCollector                               : loaded 2 times (x 75B)
Class com.intellij.psi.impl.DocumentCommitProcessor                                   : loaded 2 times (x 70B)
Class com.intellij.core.CoreProjectScopeBuilder                                       : loaded 2 times (x 77B)
Class org.jetbrains.kotlin.parsing.KotlinParserDefinition                             : loaded 2 times (x 95B)
Class com.fasterxml.aalto.util.XmlCharTypes                                           : loaded 2 times (x 72B)
Class [Lcom.google.common.collect.AbstractIterator$State;                             : loaded 2 times (x 69B)
Class kotlinx.coroutines.Job$Key                                                      : loaded 2 times (x 71B)
Class kotlinx.coroutines.DefaultExecutor                                              : loaded 2 times (x 120B)
Class [Lcom.intellij.openapi.util.UserDataHolderBase;                                 : loaded 2 times (x 69B)
Class com.intellij.serviceContainer.LazyExtensionInstance                             : loaded 2 times (x 74B)
Class com.intellij.ide.plugins.PluginEnabler                                          : loaded 2 times (x 70B)
Class com.intellij.openapi.util.KeyedExtensionCollector                               : loaded 2 times (x 86B)
Class com.android.tools.lint.LintCliClient$Companion                                  : loaded 2 times (x 71B)
Class org.apache.commons.io.file.PathUtils                                            : loaded 2 times (x 71B)
Class com.google.common.collect.HashBiMap$Inverse                                     : loaded 2 times (x 142B)
Class kotlin.time.Duration$Companion                                                  : loaded 2 times (x 71B)
Class kotlin.reflect.jvm.internal.KDeclarationContainerImpl                           : loaded 2 times (x 84B)
Class kotlin.text.RegexKt                                                             : loaded 2 times (x 71B)
Class com.google.common.collect.Iterators$6                                           : loaded 2 times (x 81B)
Class com.google.common.collect.ImmutableMultimap$Values                              : loaded 2 times (x 126B)
Class com.google.common.collect.ImmutableSortedAsList                                 : loaded 2 times (x 221B)
Class org.jetbrains.kotlin.gradle.plugin.HasCompilerOptions                           : loaded 2 times (x 70B)
Class org.jetbrains.kotlin.gradle.plugin.mpp.compilationImpl.DefaultKotlinCompilationFriendPathsResolver$FriendArtifactResolver: loaded 2 times (x 70B)
Class org.jetbrains.kotlin.konan.target.KonanTarget$WATCHOS_SIMULATOR_ARM64           : loaded 2 times (x 78B)
Class org.jetbrains.kotlin.gradle.targets.js.ir.KotlinJsIrTarget                      : loaded 2 times (x 254B)
Class org.jetbrains.kotlin.gradle.plugin.mpp.DefaultKotlinUsageContext                : loaded 2 times (x 108B)
Class org.jetbrains.kotlin.gradle.plugin.KotlinPluginLifecycleImpl$start$3            : loaded 2 times (x 79B)
Class org.jetbrains.kotlin.gradle.plugin.KotlinMultiplatformPluginWrapper             : loaded 2 times (x 86B)
Class [Lorg.jetbrains.kotlin.statistics.metrics.BooleanMetrics;                       : loaded 2 times (x 69B)
Class org.jetbrains.kotlin.gradle.internal.properties.PropertiesBuildService$Companion: loaded 2 times (x 71B)
Class com.google.common.cache.LocalCache$LocalManualCache$1                           : loaded 2 times (x 75B)
Class org.jetbrains.kotlin.resolve.jvm.modules.JavaModuleResolver                     : loaded 2 times (x 70B)
Class org.jetbrains.kotlin.storage.LockBasedStorageManager$1                          : loaded 2 times (x 108B)
Class com.intellij.psi.codeStyle.CodeStyleSettingsFacade                              : loaded 2 times (x 70B)
Class com.intellij.openapi.roots.LanguageLevelProjectExtension                        : loaded 2 times (x 78B)
Class com.intellij.psi.search.LocalSearchScope                                        : loaded 2 times (x 85B)
Class kotlinx.coroutines.flow.FlowKt__ContextKt                                       : loaded 2 times (x 71B)
Class com.intellij.util.xml.dom.StaxFactory                                           : loaded 2 times (x 71B)
Class com.intellij.psi.impl.smartPointers.SmartPointerAnchorProvider                  : loaded 2 times (x 73B)
Class org.jetbrains.kotlin.cli.jvm.compiler.DummyJavaFileCodeStyleFacadeFactory       : loaded 2 times (x 74B)
Class com.intellij.openapi.util.ModificationTracker$1                                 : loaded 2 times (x 75B)
Class com.intellij.openapi.extensions.impl.ObjectComponentAdapter                     : loaded 2 times (x 80B)
Class kotlinx.collections.immutable.internal.ListImplementation                       : loaded 2 times (x 71B)
Class com.intellij.openapi.command.CommandToken                                       : loaded 2 times (x 70B)
Class com.intellij.platform.diagnostic.telemetry.IJTracer                             : loaded 2 times (x 70B)
Class com.intellij.openapi.extensions.DefaultPluginDescriptor                         : loaded 2 times (x 111B)
Class com.intellij.openapi.util.text.Strings                                          : loaded 2 times (x 71B)
Class com.intellij.util.containers.RefHashMap$HardKey                                 : loaded 2 times (x 78B)
Class it.unimi.dsi.fastutil.objects.ObjectOpenCustomHashSet                           : loaded 2 times (x 188B)
Class it.unimi.dsi.fastutil.objects.Reference2ObjectOpenHashMap                       : loaded 2 times (x 184B)
Class com.android.utils.EnvironmentProvider$DirectEnvironmentProvider                 : loaded 2 times (x 80B)
Class kotlin.text.MatcherMatchResult$groupValues$1                                    : loaded 2 times (x 198B)
Class kotlin.reflect.jvm.internal.KPropertyImpl$$Lambda$1                             : loaded 2 times (x 76B)
Class jdk.internal.jimage.ImageReader$Node                                            : loaded 2 times (x 84B)
Class kotlin.io.FilesKt__UtilsKt                                                      : loaded 2 times (x 71B)
Class [Lcom.android.prefs.Global;                                                     : loaded 2 times (x 69B)
Class build_7kpsnot0gx1wwmj699txb56fz                                                 : loaded 2 times (x 180B)
Class com.google.common.collect.Multimaps$CustomSetMultimap                           : loaded 2 times (x 178B)
Class com.google.common.collect.ImmutableSortedMap$1EntrySet                          : loaded 2 times (x 155B)
Class org.jetbrains.kotlin.gradle.plugin.mpp.compilationImpl.KotlinCompilationConfigurationsContainer: loaded 2 times (x 70B)
Class org.jetbrains.kotlin.gradle.internal.StdlibDependencyManagementKt$addStdlibDependency$1: loaded 2 times (x 75B)
Class [Lorg.jetbrains.kotlin.gradle.plugin.KotlinPluginLifecycle$CoroutineStart;      : loaded 2 times (x 69B)
Class org.jetbrains.kotlin.gradle.dsl.IosSourceSetConventionChecker                   : loaded 2 times (x 74B)
Class org.jetbrains.kotlin.gradle.plugin.diagnostics.KotlinGradleProjectChecker       : loaded 2 times (x 70B)
Class org.jetbrains.kotlin.gradle.plugin.sources.KotlinSourceSetFactory$Companion     : loaded 2 times (x 71B)
Class org.jetbrains.kotlin.gradle.dsl.KotlinMultiplatformSourceSetConventions         : loaded 2 times (x 70B)
Class org.jetbrains.kotlin.statistics.metrics.NumberOverridePolicy$SUM                : loaded 2 times (x 85B)
Class org.gradle.api.internal.classpath.DefaultModuleRegistry                         : loaded 2 times (x 86B)
Class org.jetbrains.kotlin.cli.jvm.index.JvmDependenciesIndexImpl                     : loaded 2 times (x 77B)
Class kotlinx.coroutines.channels.ChannelSegment                                      : loaded 2 times (x 76B)
Class com.intellij.core.CoreProjectEnvironment                                        : loaded 2 times (x 82B)
Class kotlinx.coroutines.EventLoop                                                    : loaded 2 times (x 105B)
Class com.intellij.util.Query                                                         : loaded 2 times (x 70B)
Class com.intellij.pom.PomNamedTarget                                                 : loaded 2 times (x 70B)
Class com.intellij.lang.jvm.JvmAnnotatedElement                                       : loaded 2 times (x 70B)
Class kotlin.collections.AbstractSet                                                  : loaded 2 times (x 135B)
Class com.intellij.DynamicBundle$LanguageBundleEP                                     : loaded 2 times (x 75B)
Class com.intellij.openapi.progress.Task$Backgroundable                               : loaded 2 times (x 101B)
Class com.intellij.openapi.extensions.Extensions                                      : loaded 2 times (x 71B)
Class com.intellij.lang.LanguageASTFactory                                            : loaded 2 times (x 96B)
Class kotlin.KotlinVersion$Companion                                                  : loaded 2 times (x 71B)
Class org.jetbrains.kotlin.config.JVMConfigurationKeys                                : loaded 2 times (x 71B)
Class org.jetbrains.kotlin.config.LanguageVersionSettings                             : loaded 2 times (x 70B)
Class com.android.tools.lint.UastEnvironment$Companion                                : loaded 2 times (x 71B)
Class com.intellij.util.messages.impl.MessageBusEx                                    : loaded 2 times (x 70B)
Class jdk.internal.jimage.BasicImageReader$1                                          : loaded 2 times (x 77B)
Class kotlin.collections.IndexedValue                                                 : loaded 2 times (x 72B)
Class kotlin.collections.builders.MapBuilder$Itr                                      : loaded 2 times (x 72B)
Class kotlin.KotlinVersionCurrentValue                                                : loaded 2 times (x 71B)
Class kotlin.reflect.jvm.internal.impl.name.SpecialNames                              : loaded 2 times (x 71B)
Class kotlin.reflect.jvm.internal.impl.builtins.functions.FunctionTypeKind$KFunction  : loaded 2 times (x 72B)
Class com.intellij.util.messages.impl.CompositeMessageBus                             : loaded 2 times (x 114B)
Class com.google.common.collect.LinkedHashMultimap$ValueSetLink                       : loaded 2 times (x 70B)
Class com.google.common.collect.ImmutableSetMultimap$EntrySet                         : loaded 2 times (x 146B)
Class org.jetbrains.kotlin.gradle.plugin.internal.state.TaskExecutionResults          : loaded 2 times (x 71B)
Class org.jetbrains.kotlin.compilerRunner.KotlinCompilerArgumentsLogLevel             : loaded 2 times (x 79B)
Class org.jetbrains.kotlin.gradle.plugin.mpp.compilationImpl.factory.CompositePostConfigure: loaded 2 times (x 75B)
Class org.jetbrains.kotlin.gradle.targets.native.internal.CInteropConfigurationsKt    : loaded 2 times (x 71B)
Class org.jetbrains.kotlin.gradle.plugin.statistics.BuildFusService$Parameters$Inject : loaded 2 times (x 112B)
Class org.jetbrains.kotlin.statistics.metrics.StatisticsValuesConsumer                : loaded 2 times (x 70B)
Class com.google.common.util.concurrent.ListenableFuture                              : loaded 2 times (x 70B)
Class com.google.common.cache.ReferenceEntry                                          : loaded 2 times (x 70B)
Class com.intellij.openapi.util.io.FileTooBigException                                : loaded 2 times (x 82B)
Class com.intellij.psi.PsiImportStatementBase                                         : loaded 2 times (x 70B)
Class kotlinx.coroutines.internal.Removed                                             : loaded 2 times (x 72B)
Class kotlinx.coroutines.channels.ChannelsKt                                          : loaded 2 times (x 71B)
Class kotlinx.coroutines.flow.FlowKt__ChannelsKt$emitAllImpl$1                        : loaded 2 times (x 88B)
Class com.intellij.util.keyFMap.OneElementFMap                                        : loaded 2 times (x 82B)
Class com.intellij.util.DefaultJava11Shim                                             : loaded 2 times (x 85B)
Class com.intellij.openapi.util.BuildNumber                                           : loaded 2 times (x 75B)
Class com.intellij.lang.jvm.JvmMethod                                                 : loaded 2 times (x 70B)
Class com.intellij.lang.DefaultASTFactoryImpl                                         : loaded 2 times (x 78B)
Class com.intellij.util.containers.IdentityHashingStrategy                            : loaded 2 times (x 75B)
Class kotlinx.collections.immutable.implementations.immutableList.SmallPersistentVector: loaded 2 times (x 329B)
Class com.intellij.util.containers.IntKeyWeakValueHashMap                             : loaded 2 times (x 85B)
Class com.intellij.lang.LighterASTTokenNode                                           : loaded 2 times (x 70B)
Class com.intellij.psi.stubs.ManyProjectsStubIndexMismatch                            : loaded 2 times (x 87B)
Class com.google.gson.Strictness                                                      : loaded 2 times (x 79B)
Class com.intellij.util.messages.impl.ToDirectChildrenMessagePublisher                : loaded 2 times (x 77B)
Class com.intellij.openapi.application.impl.ApplicationInfoImpl                       : loaded 2 times (x 125B)
Class com.android.tools.lint.model.LintModelSerialization                             : loaded 2 times (x 76B)
Class org.jetbrains.kotlin.gradle.plugin.DefaultKotlinBasePlugin$addKotlinCompilerConfiguration$2$1$1$1: loaded 2 times (x 75B)
Class org.jetbrains.kotlin.gradle.tasks.KotlinCompilerExecutionStrategy$Companion     : loaded 2 times (x 71B)
Class org.jetbrains.kotlin.gradle.plugin.CompilerPluginConfig                         : loaded 2 times (x 72B)
Class org.jetbrains.kotlin.gradle.model.builder.KotlinModelBuilder                    : loaded 2 times (x 76B)
Class [Lorg.jetbrains.kotlin.tooling.core.HasMutableExtras;                           : loaded 2 times (x 69B)
Class org.jetbrains.kotlin.gradle.plugin.diagnostics.checkers.GradleDeprecatedPropertyChecker: loaded 2 times (x 74B)
Class org.jetbrains.kotlin.gradle.artifacts.KotlinJsKlibArtifactKt$KotlinJsKlibArtifact$1: loaded 2 times (x 74B)
Class org.jetbrains.kotlin.gradle.targets.CreateTargetConfigurationsSideEffectKt      : loaded 2 times (x 71B)
Class org.jetbrains.kotlin.gradle.plugin.mpp.ApplyUserDefinedAttributesKt$UserDefinedAttributesSetupAction$1: loaded 2 times (x 95B)
Class org.jetbrains.kotlin.gradle.plugin.mpp.KotlinAndroidTarget                      : loaded 2 times (x 159B)
Class org.jetbrains.kotlin.gradle.plugin.DefaultKotlinBasePlugin$addKotlinCompilerConfiguration$1: loaded 2 times (x 75B)
Class org.jetbrains.kotlin.gradle.plugin.statistics.NonSynchronizedMetricsContainer   : loaded 2 times (x 82B)
Class org.jetbrains.kotlin.gradle.plugin.internal.DefaultCompatibilityConventionRegistrar: loaded 2 times (x 74B)
Class org.jetbrains.kotlin.gradle.plugin.PropertiesProvider                           : loaded 2 times (x 73B)
Class com.google.common.util.concurrent.AbstractFuture                                : loaded 2 times (x 106B)
Class com.intellij.openapi.ui.Queryable                                               : loaded 2 times (x 70B)
Class com.intellij.psi.codeStyle.JavaFileCodeStyleFacade                              : loaded 2 times (x 70B)
Class [Lcom.intellij.psi.PsiAnnotationMemberValue;                                    : loaded 2 times (x 69B)
Class com.intellij.psi.PsiAnnotationMemberValue                                       : loaded 2 times (x 70B)
Class com.intellij.psi.impl.PsiFileFactoryImpl                                        : loaded 2 times (x 86B)
Class kotlinx.coroutines.flow.internal.ChannelFlowOperator                            : loaded 2 times (x 86B)
Class com.intellij.psi.util.PsiModificationTracker                                    : loaded 2 times (x 70B)
Class com.intellij.ide.plugins.NonShareableJavaZipFilePool$load$1                     : loaded 2 times (x 81B)
Class com.intellij.psi.impl.source.tree.PsiPlainTextImpl                              : loaded 2 times (x 379B)
Class com.intellij.util.containers.ConcurrentRefHashMap$HardKey                       : loaded 2 times (x 79B)
Class com.intellij.psi.FileViewProvider                                               : loaded 2 times (x 70B)
Class com.intellij.lang.jvm.JvmMember                                                 : loaded 2 times (x 70B)
Class com.intellij.lang.java.lexer.BasicJavaLexer                                     : loaded 2 times (x 84B)
Class com.intellij.psi.impl.source.tree.java.PsiIdentifierImpl                        : loaded 2 times (x 452B)
Class com.intellij.lexer.Lexer                                                        : loaded 2 times (x 83B)
Class com.intellij.util.KeyedLazyInstanceEP                                           : loaded 2 times (x 83B)
Class com.intellij.util.lang.CompoundRuntimeException                                 : loaded 2 times (x 82B)
Class com.intellij.util.containers.FastUtilCharSequenceHashingStrategy                : loaded 2 times (x 75B)
Class com.intellij.psi.ClassFileViewProviderFactory                                   : loaded 2 times (x 74B)
Class org.jetbrains.kotlin.cli.jvm.compiler.KotlinCoreApplicationEnvironment$Companion: loaded 2 times (x 71B)
Class com.intellij.openapi.project.Project                                            : loaded 2 times (x 70B)
Class kotlin.coroutines.jvm.internal.RestrictedContinuationImpl                       : loaded 2 times (x 87B)
Class com.google.common.io.CharStreams                                                : loaded 2 times (x 71B)
Class com.google.common.collect.ImmutableMultiset                                     : loaded 2 times (x 163B)
Class [Lorg.jetbrains.kotlin.gradle.dsl.jvm.JvmTargetValidationMode;                  : loaded 2 times (x 69B)
Class org.jetbrains.kotlin.gradle.tasks.DefaultKotlinJavaToolchain$javaVersion$1      : loaded 2 times (x 74B)
Class org.jetbrains.kotlin.gradle.plugin.mpp.MppSourcesJarKt$sourcesJarTask$1         : loaded 2 times (x 95B)
Class org.jetbrains.kotlin.gradle.plugin.mpp.compilationImpl.factory.KotlinCompilationImplFactory$KotlinCompilationOutputFactory: loaded 2 times (x 70B)
Class org.jetbrains.kotlin.konan.target.TargetSupportException                        : loaded 2 times (x 82B)
Class org.jetbrains.kotlin.gradle.plugin.KotlinCompilationToRunnableFiles             : loaded 2 times (x 70B)
Class org.jetbrains.kotlin.gradle.tooling.BuildKotlinToolingMetadataTaskKt            : loaded 2 times (x 71B)
Class org.jetbrains.kotlin.gradle.plugin.ProjectLocalConfigurations$setupAttributesMatchingStrategy$1$1: loaded 2 times (x 74B)
Class org.jetbrains.kotlin.gradle.targets.native.toolchain.KotlinNativeBundleBuildService$Companion$registerIfAbsent$2$1$1: loaded 2 times (x 75B)
Class org.jetbrains.kotlin.statistics.BuildSessionLogger$Companion                    : loaded 2 times (x 71B)
Class org.objectweb.asm.RecordComponentVisitor                                        : loaded 2 times (x 77B)
Class com.google.common.cache.CacheLoader$SupplierToCacheLoader                       : loaded 2 times (x 75B)
Class com.intellij.openapi.vfs.impl.GenericZipFile$GenericZipEntry                    : loaded 2 times (x 70B)
Class org.jetbrains.kotlin.codegen.extensions.ClassBuilderInterceptorExtension$Companion: loaded 2 times (x 72B)
Class [Lcom.intellij.lang.jvm.types.JvmType;                                          : loaded 2 times (x 69B)
Class com.intellij.psi.PsiJavaReference                                               : loaded 2 times (x 70B)
Class kotlinx.coroutines.CopyableThrowable                                            : loaded 2 times (x 70B)
Class [Lcom.intellij.psi.search.ProjectAwareFileFilter;                               : loaded 2 times (x 69B)
Class com.intellij.psi.PsiManager                                                     : loaded 2 times (x 115B)
Class kotlinx.coroutines.CopyableThreadContextElement                                 : loaded 2 times (x 70B)
Class com.intellij.openapi.application.TransactionGuardImpl                           : loaded 2 times (x 79B)
Class kotlinx.coroutines.ChildJob                                                     : loaded 2 times (x 70B)
Class kotlinx.coroutines.scheduling.TasksKt                                           : loaded 2 times (x 71B)
Class kotlinx.coroutines.internal.SystemPropsKt__SystemPropsKt                        : loaded 2 times (x 71B)
Class com.intellij.util.QueryExecutor                                                 : loaded 2 times (x 70B)
Class com.intellij.lexer.LexerBase                                                    : loaded 2 times (x 83B)
Class com.intellij.openapi.fileEditor.FileDocumentManager                             : loaded 2 times (x 93B)
Class com.intellij.core.JavaCoreApplicationEnvironment                                : loaded 2 times (x 94B)
Class com.intellij.util.containers.HashingStrategy                                    : loaded 2 times (x 70B)
Class [Lorg.jetbrains.kotlin.config.LanguageVersion;                                  : loaded 2 times (x 69B)
Class com.intellij.psi.impl.PsiManagerEx                                              : loaded 2 times (x 124B)
Class com.android.tools.lint.detector.api.Project                                     : loaded 2 times (x 156B)
Class kotlin.random.Random$Default                                                    : loaded 2 times (x 86B)
Class jdk.internal.jimage.decompressor.Decompressor                                   : loaded 2 times (x 72B)
Class jdk.internal.jimage.ImageReader$Resource                                        : loaded 2 times (x 84B)
Class kotlin.jvm.internal.markers.KMutableList                                        : loaded 2 times (x 70B)
Class [Lkotlin.Pair;                                                                  : loaded 2 times (x 69B)
Class kotlin.io.FilesKt__FileReadWriteKt                                              : loaded 2 times (x 71B)
Class kotlin.text.MatchNamedGroupCollection                                           : loaded 2 times (x 70B)
Class build_5j11rsgesmhyjjtrdf109tsp7$_run_closure1                                   : loaded 2 times (x 139B)
Class com.google.common.collect.UsingToStringOrdering                                 : loaded 2 times (x 114B)
Class org.jetbrains.kotlin.gradle.plugin.mpp.KotlinCompilationsKt$sam$java_util_concurrent_Callable$0: loaded 2 times (x 75B)
Class org.jetbrains.kotlin.gradle.tasks.KotlinCompilerPluginData                      : loaded 2 times (x 72B)
Class org.jetbrains.kotlin.gradle.targets.js.npm.SemverKt                             : loaded 2 times (x 71B)
Class org.jetbrains.kotlin.gradle.internal.StdlibDependencyManagementKt$isStdlibAddedByUser$1: loaded 2 times (x 79B)
Class org.jetbrains.kotlin.gradle.plugin.mpp.MppSourcesJarKt                          : loaded 2 times (x 71B)
Class org.jetbrains.kotlin.compilerRunner.CompilerSystemPropertiesService$Companion$registerIfAbsent$2$1$1: loaded 2 times (x 75B)
Class org.jetbrains.kotlin.gradle.plugin.KotlinCompilationInfo                        : loaded 2 times (x 88B)
Class org.jetbrains.kotlin.tooling.core.ExtrasPropertyKt                              : loaded 2 times (x 71B)
Class org.jetbrains.kotlin.gradle.tasks.BaseKotlinCompile                             : loaded 2 times (x 70B)
Class org.jetbrains.kotlin.gradle.plugin.internal.UsesBuildIdProviderService          : loaded 2 times (x 70B)
Class org.jetbrains.kotlin.gradle.plugin.mpp.compilationImpl.KotlinCompilationSourceSetInclusion$include$1: loaded 2 times (x 79B)
Class org.jetbrains.kotlin.gradle.plugin.mpp.compilationImpl.factory.KotlinCompilationImplFactory$KotlinCompilationDependencyConfigurationsFactory: loaded 2 times (x 70B)
Class org.jetbrains.kotlin.gradle.plugin.KotlinPluginLifecycleCoroutineContextElement$Key: loaded 2 times (x 71B)
Class org.jetbrains.kotlin.gradle.plugin.diagnostics.KotlinToolingDiagnosticsSetupActionKt$KotlinToolingDiagnosticsSetupAction$1: loaded 2 times (x 74B)
Class org.jetbrains.kotlin.gradle.dsl.KotlinProjectExtensionKt                        : loaded 2 times (x 71B)
Class org.jetbrains.kotlin.gradle.plugin.KotlinGradleBuildServices$Parameters_Decorated: loaded 2 times (x 134B)
Class org.jetbrains.kotlin.gradle.plugin.DefaultKotlinBasePlugin$addKotlinCompilerConfiguration$3: loaded 2 times (x 75B)
Class [Lorg.jetbrains.kotlin.statistics.metrics.IMetricContainerFactory;              : loaded 2 times (x 69B)
Class org.jetbrains.kotlin.gradle.internal.IdeaKt                                     : loaded 2 times (x 71B)
Class org.gradle.internal.service.ServiceLookupException                              : loaded 2 times (x 82B)
Class org.jetbrains.kotlin.analysis.decompiler.psi.BuiltinsVirtualFileProviderBaseImpl: loaded 2 times (x 75B)
Class com.intellij.psi.impl.source.resolve.PsiResolveHelperImpl$1                     : loaded 2 times (x 114B)
Class com.intellij.openapi.util.io.BufferExposingByteArrayInputStream                 : loaded 2 times (x 93B)
Class [Lcom.intellij.openapi.vfs.VirtualFile;                                         : loaded 2 times (x 69B)
Class com.intellij.psi.impl.light.LightElement                                        : loaded 2 times (x 292B)
Class [Lcom.intellij.psi.PsiModifierListOwner;                                        : loaded 2 times (x 69B)
Class [Lcom.intellij.lang.jvm.JvmAnnotatedElement;                                    : loaded 2 times (x 69B)
Class kotlinx.coroutines.channels.BufferedChannel$emitAllInternal$1                   : loaded 2 times (x 88B)
Class com.intellij.pom.java.LanguageLevel                                             : loaded 2 times (x 80B)
Class com.intellij.openapi.util.LowMemoryWatcher$LowMemoryWatcherType                 : loaded 2 times (x 79B)
Class kotlinx.coroutines.ChildHandleNode                                              : loaded 2 times (x 94B)
Class kotlinx.coroutines.scheduling.SchedulerCoroutineDispatcher                      : loaded 2 times (x 112B)
Class com.intellij.openapi.util.AtomicNotNullLazyValue                                : loaded 2 times (x 78B)
Class com.intellij.openapi.util.registry.Registry$Companion                           : loaded 2 times (x 71B)
Class com.intellij.psi.stubs.IStubElementType                                         : loaded 2 times (x 96B)
Class com.intellij.psi.impl.source.tree.java.PsiKeywordImpl                           : loaded 2 times (x 452B)
Class com.intellij.openapi.util.text.StringUtilRt                                     : loaded 2 times (x 71B)
Class com.intellij.util.ConcurrentLongObjectHashMap$TreeNode                          : loaded 2 times (x 78B)
Class com.intellij.serviceContainer.BaseKeyedLazyInstance                             : loaded 2 times (x 78B)
Class kotlinx.collections.immutable.implementations.immutableList.SmallPersistentVector$Companion: loaded 2 times (x 71B)
Class com.android.tools.lint.UastEnvironment                                          : loaded 2 times (x 70B)
Class com.android.tools.lint.detector.api.Intervals$MajorMinor                        : loaded 2 times (x 74B)
Class com.android.tools.lint.LintCliFlags                                             : loaded 2 times (x 175B)
Class com.intellij.AbstractBundle$Companion                                           : loaded 2 times (x 71B)
Class jdk.internal.jrtfs.JrtFileAttributes                                            : loaded 2 times (x 83B)
Class [Lcom.android.resources.ResourceEnum;                                           : loaded 2 times (x 69B)
Class org.jetbrains.kotlin.resolve.jvm.KotlinCliJavaFileManager                       : loaded 2 times (x 70B)
Class kotlin.jvm.internal.MutablePropertyReference1Impl                               : loaded 2 times (x 137B)
Class com.android.tools.lint.model.LintModelBuildFeatures                             : loaded 2 times (x 70B)
Class com.google.common.io.Resources$UrlByteSource                                    : loaded 2 times (x 85B)
Class org.jetbrains.kotlin.gradle.tasks.GradleCompileTaskProvider_Decorated           : loaded 2 times (x 121B)
Class org.jetbrains.kotlin.gradle.internal.StdlibDependencyManagementKt$isStdlibAddedByUser$2: loaded 2 times (x 78B)
Class org.jetbrains.kotlin.gradle.plugin.hierarchy.KotlinSourceSetTreeClassifierKt$sourceSetTreeClassifier$2: loaded 2 times (x 78B)
Class com.google.common.collect.Lists$ReverseList                                     : loaded 2 times (x 200B)
Class org.jetbrains.kotlin.konan.target.HostManager                                   : loaded 2 times (x 72B)
Class org.jetbrains.kotlin.gradle.targets.js.npm.NpmDirectoryDependencyExtension      : loaded 2 times (x 70B)
Class org.jetbrains.kotlin.gradle.plugin.mpp.KotlinUsageContext$MavenScope            : loaded 2 times (x 79B)
Class org.jetbrains.kotlin.gradle.targets.native.KotilnNativeConfigureBinariesSideEffectKt$special$$inlined$KotlinTargetSideEffect$1: loaded 2 times (x 74B)
Class org.jetbrains.kotlin.gradle.plugin.KotlinProjectSetupAction$Companion           : loaded 2 times (x 71B)
Class [Lcom.google.common.cache.LocalCache$EntryFactory;                              : loaded 2 times (x 69B)
Class org.gradle.internal.classloader.ClassLoaderFactory                              : loaded 2 times (x 70B)
Class [Lcom.intellij.psi.PsiNamedElement;                                             : loaded 2 times (x 69B)
Class org.jetbrains.kotlin.cli.jvm.compiler.MockInferredAnnotationsManager$Companion  : loaded 2 times (x 71B)
Class org.jetbrains.kotlin.asJava.finder.JavaElementFinder$Companion                  : loaded 2 times (x 71B)
Class com.intellij.psi.codeStyle.JavaCodeStyleSettingsFacade                          : loaded 2 times (x 73B)
Class kotlinx.coroutines.ChildContinuation                                            : loaded 2 times (x 90B)
Class com.intellij.util.CachedValuesManagerImpl                                       : loaded 2 times (x 82B)
Class kotlinx.coroutines.flow.internal.FusibleFlow                                    : loaded 2 times (x 70B)
Class com.intellij.psi.impl.file.impl.JavaFileManager                                 : loaded 2 times (x 70B)
Class kotlinx.coroutines.CompletionHandlerBase                                        : loaded 2 times (x 80B)
Class org.codehaus.stax2.ri.typed.ValueDecoderFactory$LongArrayDecoder                : loaded 2 times (x 78B)
Class com.intellij.util.lang.ZipFilePool$EntryResolver                                : loaded 2 times (x 70B)
Class com.intellij.openapi.vfs.encoding.EncodingProjectManager                        : loaded 2 times (x 85B)
Class org.jetbrains.kotlin.cli.jvm.modules.CoreJrtVirtualFile                         : loaded 2 times (x 154B)
Class org.jetbrains.kotlin.cli.jvm.modules.CoreJrtFileSystem$Companion                : loaded 2 times (x 71B)
Class com.intellij.openapi.util.Disposer                                              : loaded 2 times (x 71B)
Class org.jetbrains.kotlin.platform.jvm.JdkPlatform                                   : loaded 2 times (x 75B)
Class com.android.tools.lint.client.api.ConfigurationHierarchy$Companion$NONE$1       : loaded 2 times (x 94B)
Class org.gradle.internal.classloader.DefaultClassLoaderFactory                       : loaded 2 times (x 82B)
Class com.google.common.base.Suppliers                                                : loaded 2 times (x 71B)
Class kotlin.reflect.jvm.internal.impl.builtins.PrimitiveType                         : loaded 2 times (x 79B)
Class org.apache.commons.io.CloseableURLConnection                                    : loaded 2 times (x 116B)
Class org.jetbrains.kotlin.gradle.tasks.DefaultKotlinJavaToolchain$currentJvmJdkToolsJar$1: loaded 2 times (x 74B)
Class org.jetbrains.kotlin.gradle.plugin.SubpluginEnvironment                         : loaded 2 times (x 72B)
Class org.jetbrains.kotlin.gradle.internal.StdlibDependencyManagementKt$addStdlibDependency$1$1$1: loaded 2 times (x 75B)
Class org.jetbrains.kotlin.gradle.plugin.sources.AbstractKotlinSourceSet              : loaded 2 times (x 141B)
Class org.jetbrains.kotlin.gradle.tooling.BuildKotlinToolingMetadataTaskKt$RegisterBuildKotlinToolingMetadataTask$1: loaded 2 times (x 74B)
Class org.jetbrains.kotlin.compilerRunner.GradleCliCommonizerKt$maybeCreateCommonizerClasspathConfiguration$1$1: loaded 2 times (x 75B)
Class [Lorg.jetbrains.kotlin.build.report.metrics.ValueType;                          : loaded 2 times (x 69B)
Class com.google.common.cache.LocalCache$LocalManualCache                             : loaded 2 times (x 99B)
Class org.gradle.internal.service.CachingServiceLocator                               : loaded 2 times (x 82B)
Class com.intellij.psi.PsiAnnotationOwner                                             : loaded 2 times (x 70B)
Class com.intellij.lang.java.parser.BasicJavaParserUtil$ParserWrapper                 : loaded 2 times (x 70B)
Class com.intellij.lang.injection.InjectedLanguageManager                             : loaded 2 times (x 94B)
Class kotlinx.coroutines.scheduling.CoroutineScheduler$WorkerState                    : loaded 2 times (x 79B)
Class kotlinx.coroutines.scheduling.ParallelismCompensation                           : loaded 2 times (x 70B)
Class com.intellij.psi.search.ProjectScopeBuilder                                     : loaded 2 times (x 76B)
Class org.jetbrains.kotlin.load.kotlin.KotlinBinaryClassCache                         : loaded 2 times (x 75B)
Class com.fasterxml.aalto.in.Utf8Scanner                                              : loaded 2 times (x 148B)
Class com.intellij.psi.impl.source.JavaLightStubBuilder                               : loaded 2 times (x 80B)
Class com.intellij.psi.PsiReferenceProvider                                           : loaded 2 times (x 74B)
Class com.intellij.psi.impl.source.resolve.reference.ReferenceProvidersRegistryImpl   : loaded 2 times (x 75B)
Class com.intellij.openapi.util.ModificationTracker                                   : loaded 2 times (x 70B)
Class [Lcom.google.common.cache.CacheBuilder$OneWeigher;                              : loaded 2 times (x 69B)
Class kotlin.collections.AbstractList$IteratorImpl                                    : loaded 2 times (x 82B)
Class com.android.tools.lint.client.api.ConfigurationHierarchy$Companion$NONE$2       : loaded 2 times (x 157B)
Class org.objectweb.asm.MethodTooLargeException                                       : loaded 2 times (x 83B)
Class com.intellij.reference.SoftReference                                            : loaded 2 times (x 82B)
Class org.jetbrains.kotlin.gradle.internal.properties.PropertiesBuildService$MemoizedCallable$value$2: loaded 2 times (x 79B)
Class com.android.utils.DateProvider                                                  : loaded 2 times (x 70B)
Class [Lorg.jetbrains.kotlin.statistics.ValueAnonymizer;                              : loaded 2 times (x 69B)
Class kotlin.io.path.PathsKt__PathRecursiveFunctionsKt                                : loaded 2 times (x 71B)
Class kotlin.collections.AbstractList$SubList                                         : loaded 2 times (x 198B)
Class com.google.common.collect.LinkedHashMultimap$ValueEntry                         : loaded 2 times (x 89B)
Class com.google.common.collect.Streams                                               : loaded 2 times (x 71B)
Class org.jetbrains.kotlin.gradle.dsl.jvm.JvmTargetValidationMode                     : loaded 2 times (x 79B)
Class org.jetbrains.kotlin.gradle.plugin.KotlinTargetConfiguratorKt$WhenMappings      : loaded 2 times (x 71B)
Class com.google.common.collect.AbstractMapBasedMultimap$KeySet                       : loaded 2 times (x 137B)
Class org.jetbrains.kotlin.gradle.internal.KotlinTestDependencyManagementKt$configureKotlinTestDependency$1: loaded 2 times (x 79B)
Class org.jetbrains.kotlin.gradle.plugin.diagnostics.checkers.OverriddenKotlinNativeHomeChecker$StdlibExistenceCheckerValueSource$Params_Decorated: loaded 2 times (x 134B)
Class org.jetbrains.kotlin.project.model.LanguageSettings                             : loaded 2 times (x 70B)
Class org.jetbrains.kotlin.gradle.plugin.KotlinPluginLifecycleKt$kotlinPluginLifecycle$2: loaded 2 times (x 78B)
Class org.jetbrains.kotlin.gradle.plugin.statistics.BuildFusService$Companion$registerIfAbsent$1$1: loaded 2 times (x 79B)
Class org.jetbrains.kotlin.gradle.plugin.internal.CompatibilityConventionRegistrar$Factory: loaded 2 times (x 70B)
Class [Lit.unimi.dsi.fastutil.objects.AbstractObject2ObjectMap;                       : loaded 2 times (x 69B)
Class com.intellij.psi.PsiTypes                                                       : loaded 2 times (x 71B)
Class com.intellij.psi.search.ProjectAwareFileFilter                                  : loaded 2 times (x 70B)
Class com.intellij.codeInsight.multiverse.CodeInsightContextManagerImplKt             : loaded 2 times (x 71B)
Class org.jetbrains.kotlin.gradle.plugin.KotlinGradleBuildServices                    : loaded 2 times (x 80B)
Class com.intellij.ide.plugins.PluginContentDescriptor$Companion                      : loaded 2 times (x 71B)
Class com.intellij.ide.plugins.IdeaPluginDescriptor                                   : loaded 2 times (x 70B)
Class kotlinx.coroutines.BlockingEventLoop                                            : loaded 2 times (x 117B)
Class kotlin.coroutines.AbstractCoroutineContextElement                               : loaded 2 times (x 89B)
Class kotlinx.coroutines.ThreadLocalEventLoop                                         : loaded 2 times (x 71B)
Class com.intellij.util.containers.CanonicalHashingStrategy                           : loaded 2 times (x 75B)
Class org.jetbrains.kotlin.gradle.targets.native.toolchain.KotlinNativeBundleBuildService: loaded 2 times (x 77B)
Class com.intellij.psi.tree.IStubFileElementType                                      : loaded 2 times (x 108B)
Class com.intellij.openapi.progress.impl.CoreProgressManager$1                        : loaded 2 times (x 94B)
Class com.intellij.model.psi.PsiExternalReferenceHost                                 : loaded 2 times (x 70B)
Class com.intellij.core.CoreJobLauncher                                               : loaded 2 times (x 76B)
Class org.jetbrains.kotlin.gradle.targets.native.toolchain.KotlinNativeBundleBuildService$Parameters: loaded 2 times (x 70B)
Class org.jetbrains.kotlin.gradle.tasks.DefaultKotlinJavaToolchain                    : loaded 2 times (x 77B)
Class org.jetbrains.kotlin.gradle.tasks.DefaultKotlinJavaToolchain$Companion          : loaded 2 times (x 71B)
Class kotlin.properties.ReadOnlyProperty                                              : loaded 2 times (x 70B)
Class kotlin.reflect.jvm.internal.impl.descriptors.runtime.structure.ReflectClassUtilKt: loaded 2 times (x 71B)
Class org.jetbrains.kotlin.gradle.plugin.sources.DefaultKotlinSourceSet$MetadataDependencyTransformation: loaded 2 times (x 72B)
Class build_7kpsnot0gx1wwmj699txb56fz$_run_closure1$_closure3                         : loaded 2 times (x 139B)
Class org.jetbrains.kotlin.gradle.plugin.mpp.KotlinMetadataTarget                     : loaded 2 times (x 161B)
Class org.jetbrains.kotlin.gradle.plugin.mpp.InternalKotlinCompilation$DefaultImpls   : loaded 2 times (x 71B)
Class org.jetbrains.kotlin.gradle.plugin.mpp.compilationImpl.KotlinCompilationSourceSetInclusion$DefaultAddSourcesToCompileTask: loaded 2 times (x 74B)
Class org.jetbrains.kotlin.gradle.internal.KotlinTestDependencyManagementKt$configureKotlinTestDependency$2: loaded 2 times (x 75B)
Class org.jetbrains.kotlin.gradle.dsl.PlatformSourceSetConventionsChecker$runChecks$$inlined$CheckedPlatformInfo$default$1: loaded 2 times (x 78B)
Class [Lorg.jetbrains.kotlin.gradle.plugin.KotlinPluginLifecycle$Stage;               : loaded 2 times (x 69B)
Class org.jetbrains.kotlin.gradle.artifacts.KotlinTargetArtifact$Companion            : loaded 2 times (x 71B)
Class org.jetbrains.kotlin.gradle.plugin.mpp.compilationImpl.KotlinCreateLifecycleTasksSideEffectKt$KotlinCreateLifecycleTasksSideEffect$1: loaded 2 times (x 74B)
Class org.jetbrains.kotlin.gradle.dsl.KotlinGradlePluginDsl                           : loaded 2 times (x 70B)
Class org.jetbrains.kotlin.tooling.core.MutableExtras                                 : loaded 2 times (x 70B)
Class org.jetbrains.kotlin.gradle.plugin.KotlinGradleBuildServices$detectKotlinPluginLoadedInMultipleProjects$onRegister$1: loaded 2 times (x 79B)
Class org.jetbrains.kotlin.fir.extensions.FirExtensionRegistrarAdapter                : loaded 2 times (x 71B)
Class com.intellij.util.containers.ConcurrentWeakValueHashMap                         : loaded 2 times (x 149B)
Class com.intellij.psi.impl.JavaClassSupersImpl                                       : loaded 2 times (x 73B)
Class kotlinx.coroutines.CompletionStateKt                                            : loaded 2 times (x 71B)
Class com.intellij.psi.JavaElementVisitor                                             : loaded 2 times (x 207B)
Class com.intellij.psi.PsiPackage                                                     : loaded 2 times (x 70B)
Class com.intellij.psi.stubs.ObjectStubSerializer                                     : loaded 2 times (x 70B)
Class com.intellij.util.containers.ConcurrentLongObjectMap$LongEntry                  : loaded 2 times (x 70B)
Class com.intellij.openapi.progress.impl.CoreProgressManager$2                        : loaded 2 times (x 94B)
Class com.intellij.util.CharTable                                                     : loaded 2 times (x 70B)
Class com.intellij.openapi.application.ex.ApplicationEx                               : loaded 2 times (x 70B)
Class org.jetbrains.kotlin.config.LanguageVersionSettingsImpl                         : loaded 2 times (x 83B)
Class org.jetbrains.kotlin.gradle.plugin.KotlinPluginLifecycle$ProjectConfigurationResult$Failure: loaded 2 times (x 72B)
Class com.google.common.collect.MapMakerInternalMap$StrongKeyDummyValueEntry$LinkedStrongKeyDummyValueEntry: loaded 2 times (x 82B)
Class com.android.tools.lint.model.LintModelModule                                    : loaded 2 times (x 70B)
Class com.google.gson.JsonSyntaxException                                             : loaded 2 times (x 82B)
Class com.android.prefs.LocationValue                                                 : loaded 2 times (x 70B)
Class org.jetbrains.kotlin.build.report.metrics.DoNothingBuildMetricsReporter         : loaded 2 times (x 87B)
Class com.google.common.collect.ImmutableMultimap                                     : loaded 2 times (x 147B)
Class com.google.common.base.Predicates                                               : loaded 2 times (x 71B)
Class org.jetbrains.kotlin.gradle.plugin.diagnostics.CheckKotlinGradlePluginConfigurationErrorsKt$locateOrRegisterCheckKotlinGradlePluginErrorsTask$taskProvider$1$2: loaded 2 times (x 75B)
Class org.jetbrains.kotlin.gradle.tasks.CompileUsingKotlinDaemon                      : loaded 2 times (x 70B)
Class org.jetbrains.kotlin.gradle.plugin.mpp.KotlinWithJavaTarget                     : loaded 2 times (x 160B)
Class org.jetbrains.kotlin.gradle.utils.StoredPropertyKt$extrasStoredProperty$1       : loaded 2 times (x 78B)
Class org.jetbrains.kotlin.gradle.plugin.mpp.compilationImpl.KotlinCreateNativeCompileTasksSideEffectKt$special$$inlined$KotlinCompilationSideEffect$1: loaded 2 times (x 74B)
Class org.jetbrains.kotlin.gradle.targets.KotlinTargetSideEffect$Companion            : loaded 2 times (x 71B)
Class org.jetbrains.kotlin.gradle.dsl.KotlinSingleJavaTargetExtension                 : loaded 2 times (x 124B)
Class org.jetbrains.kotlin.gradle.plugin.KotlinPluginLifecycle$IllegalLifecycleException: loaded 2 times (x 82B)
Class org.jetbrains.kotlin.gradle.internal.properties.NativePropertiesLoader$userProvidedNativeHome$1: loaded 2 times (x 75B)
Class org.jetbrains.kotlin.gradle.plugin.KotlinGradleFinishBuildHandler               : loaded 2 times (x 72B)
Class [Lorg.jetbrains.kotlin.build.report.metrics.BuildPerformanceMetric;             : loaded 2 times (x 69B)
Class org.jetbrains.kotlin.statistics.metrics.StringOverridePolicy$CONCAT             : loaded 2 times (x 85B)
Class org.jetbrains.kotlin.gradle.dsl.KotlinTopLevelExtension                         : loaded 2 times (x 70B)
Class [Lcom.intellij.openapi.vfs.impl.ArchiveHandler$EntryInfo;                       : loaded 2 times (x 69B)
Class kotlinx.coroutines.CancellableContinuationImpl                                  : loaded 2 times (x 128B)
Class com.intellij.psi.util.CachedValuesManager                                       : loaded 2 times (x 82B)
Class kotlinx.coroutines.channels.BufferedChannelKt                                   : loaded 2 times (x 71B)
Class kotlinx.coroutines.flow.internal.ChannelFlow$collectToFun$1                     : loaded 2 times (x 95B)
Class kotlinx.coroutines.flow.internal.NopCollector                                   : loaded 2 times (x 74B)
Class kotlinx.coroutines.CoroutineDispatcher$Key$1                                    : loaded 2 times (x 78B)
Class kotlinx.coroutines.CoroutineDispatcher                                          : loaded 2 times (x 99B)
Class com.intellij.psi.PsiQualifiedNamedElement                                       : loaded 2 times (x 70B)
Class com.intellij.psi.tree.IFileElementType                                          : loaded 2 times (x 84B)
Class com.intellij.lexer.EmptyLexer                                                   : loaded 2 times (x 84B)
Class com.intellij.openapi.fileTypes.LanguageFileType                                 : loaded 2 times (x 93B)
Class com.intellij.openapi.progress.impl.CoreProgressManager$3                        : loaded 2 times (x 101B)
Class com.intellij.openapi.fileTypes.UnknownFileType                                  : loaded 2 times (x 83B)
Class com.intellij.openapi.fileTypes.EmptyFileTypeRegistry                            : loaded 2 times (x 81B)
Class com.intellij.util.messages.impl.MessageBusFactoryImpl                           : loaded 2 times (x 72B)
Class it.unimi.dsi.fastutil.objects.AbstractReference2ObjectMap                       : loaded 2 times (x 176B)
Class [Lkotlin.reflect.KClass;                                                        : loaded 2 times (x 69B)
Class com.android.tools.analytics.AnalyticsSettingsData$DataTypeAdapter               : loaded 2 times (x 73B)
Class kotlin.reflect.jvm.internal.KPropertyImpl$$Lambda$0                             : loaded 2 times (x 76B)
Class kotlin.reflect.jvm.internal.impl.name.FqName                                    : loaded 2 times (x 72B)
Class kotlin.jvm.internal.markers.KMutableListIterator                                : loaded 2 times (x 70B)
Class com.google.gson.JsonParseException                                              : loaded 2 times (x 82B)
Class com.android.tools.lint.model.DefaultLintModelJavaLibrary                        : loaded 2 times (x 103B)
Class com.android.prefs.PathLocator                                                   : loaded 2 times (x 73B)
Class org.apache.commons.io.output.AbstractByteArrayOutputStream                      : loaded 2 times (x 102B)
Class org.jetbrains.kotlin.gradle.plugin.ProjectLocalConfigurationsKt                 : loaded 2 times (x 71B)
Class org.jetbrains.kotlin.gradle.plugin.mpp.compilationImpl.factory.KotlinCompilationImplFactory: loaded 2 times (x 72B)
Class org.jetbrains.kotlin.gradle.internal.KotlinDomApiDependencyManagementKt$addKotlinDomApiDependency$1: loaded 2 times (x 75B)
Class org.jetbrains.kotlin.gradle.plugin.diagnostics.checkers.KotlinTargetAlreadyDeclaredChecker$runChecks$1: loaded 2 times (x 88B)
Class org.jetbrains.kotlin.gradle.plugin.mpp.KotlinTargetWithBinaries                 : loaded 2 times (x 157B)
Class [Lorg.jetbrains.kotlin.gradle.plugin.KotlinSourceSet;                           : loaded 2 times (x 69B)
Class org.jetbrains.kotlin.gradle.plugin.diagnostics.checkers.JsEnvironmentChecker$1  : loaded 2 times (x 78B)
Class org.jetbrains.kotlin.gradle.plugin.diagnostics.KotlinToolingDiagnostics$JsLikeEnvironmentNotChosenExplicitly: loaded 2 times (x 73B)
Class org.jetbrains.kotlin.gradle.utils.StoredLazyProperty$getValue$1                 : loaded 2 times (x 79B)
Class org.jetbrains.kotlin.statistics.metrics.IMetricContainerFactory                 : loaded 2 times (x 70B)
Class org.jetbrains.kotlin.statistics.MetricValueValidationFailed                     : loaded 2 times (x 82B)
Class org.jetbrains.kotlin.gradle.plugin.PropertiesProvider$localProperties$2         : loaded 2 times (x 79B)
Class com.google.common.cache.CacheBuilder$OneWeigher                                 : loaded 2 times (x 82B)
Class org.jetbrains.kotlin.asJava.KotlinAsJavaSupportBase                             : loaded 2 times (x 104B)
Class com.intellij.psi.impl.JavaPsiImplementationHelper                               : loaded 2 times (x 80B)
Class [Lcom.intellij.psi.PsiType;                                                     : loaded 2 times (x 69B)
Class [Lcom.intellij.psi.PsiAnnotationOwner;                                          : loaded 2 times (x 69B)
Class com.intellij.psi.PsiExpression                                                  : loaded 2 times (x 70B)
Class com.intellij.psi.impl.PsiParameterizedCachedValue                               : loaded 2 times (x 94B)
Class com.intellij.psi.impl.PsiDocumentManagerBase$3                                  : loaded 2 times (x 84B)
Class com.intellij.openapi.util.NotNullFactory                                        : loaded 2 times (x 70B)
Class com.intellij.psi.util.PsiModificationTracker$Listener                           : loaded 2 times (x 70B)
Class com.intellij.core.CorePackageIndex                                              : loaded 2 times (x 77B)
Class com.intellij.core.JavaCoreProjectEnvironment                                    : loaded 2 times (x 88B)
Class org.codehaus.stax2.ri.typed.ValueDecoderFactory$LongDecoder                     : loaded 2 times (x 84B)
Class com.intellij.psi.impl.source.javadoc.PsiDocTagValueImpl                         : loaded 2 times (x 461B)
Class kotlinx.collections.immutable.ImmutableCollection                               : loaded 2 times (x 70B)
Class com.intellij.openapi.editor.ReadOnlyModificationException                       : loaded 2 times (x 82B)
Class com.intellij.openapi.vfs.impl.ZipHandler                                        : loaded 2 times (x 87B)
Class com.intellij.util.messages.impl.RootBus                                         : loaded 2 times (x 114B)
Class com.intellij.util.keyFMap.EmptyFMap                                             : loaded 2 times (x 81B)
Class [Lcom.intellij.diagnostic.LoadingState;                                         : loaded 2 times (x 69B)
Class com.intellij.util.containers.RefHashMap$Key                                     : loaded 2 times (x 70B)
Class org.jetbrains.kotlin.config.JvmTarget$Companion                                 : loaded 2 times (x 71B)
Class jdk.internal.jimage.ImageBufferCache                                            : loaded 2 times (x 71B)
Class jdk.internal.jrtfs.JrtPath                                                      : loaded 2 times (x 118B)
Class kotlin.reflect.jvm.internal.KDeclarationContainerImpl$Companion                 : loaded 2 times (x 71B)
Class com.android.tools.lint.model.LintModelLibraryResolver                           : loaded 2 times (x 70B)
Class kotlin.text.MatchResult$DefaultImpls                                            : loaded 2 times (x 71B)
Class com.android.tools.lint.model.LintModelSerialization$LintModelSerializationAdapter: loaded 2 times (x 70B)
Class com.intellij.util.containers.LockFreeCopyOnWriteArrayList                       : loaded 2 times (x 197B)
Class org.gradle.kotlin.dsl.Accessors7y9hz5zm5pocrb21isjhik2uhKt                      : loaded 2 times (x 71B)
Class build_5j11rsgesmhyjjtrdf109tsp7                                                 : loaded 2 times (x 180B)
Class com.google.common.collect.Maps$EntryFunction                                    : loaded 2 times (x 91B)
Class com.google.common.collect.ImmutableSortedMap                                    : loaded 2 times (x 217B)
Class org.jetbrains.kotlin.gradle.plugin.mpp.compilationImpl.DefaultKotlinCompilationFriendPathsResolver$resolveFriendPaths$1$1: loaded 2 times (x 79B)
Class org.jetbrains.kotlin.build.report.metrics.BuildMetricsReporterImpl              : loaded 2 times (x 100B)
Class org.jetbrains.kotlin.gradle.tasks.configuration.KaptGenerateStubsConfig         : loaded 2 times (x 72B)
Class org.jetbrains.kotlin.gradle.targets.js.npm.SemVer                               : loaded 2 times (x 75B)
Class org.jetbrains.kotlin.gradle.plugin.diagnostics.checkers.JsEnvironmentChecker$2  : loaded 2 times (x 78B)
Class org.jetbrains.kotlin.gradle.utils.WhenPluginEnabledKt$whenPluginsEnabled$1      : loaded 2 times (x 75B)
Class org.jetbrains.kotlin.gradle.tasks.AbstractKotlinCompileTool                     : loaded 2 times (x 366B)
Class [Lorg.jetbrains.kotlin.gradle.report.BuildReportType;                           : loaded 2 times (x 69B)
Class org.jetbrains.kotlin.gradle.plugin.statistics.KotlinBuildStatsConfiguration     : loaded 2 times (x 72B)
Class org.jetbrains.kotlin.gradle.internal.properties.PropertiesBuildService$localProperties$2: loaded 2 times (x 79B)
Class org.gradle.internal.classloader.ClasspathUtil                                   : loaded 2 times (x 71B)
Class com.intellij.lang.LanguageExtension                                             : loaded 2 times (x 96B)
Class com.intellij.openapi.vfs.impl.jar.CoreJarVirtualFile                            : loaded 2 times (x 155B)
Class com.intellij.openapi.util.KeyedExtensionCollector$MyExtensionPointListener      : loaded 2 times (x 79B)
Class org.jetbrains.kotlin.resolve.jvm.KotlinJavaPsiFacade$KotlinPsiElementFinderWrapper: loaded 2 times (x 70B)
Class it.unimi.dsi.fastutil.objects.ObjectArraySet                                    : loaded 2 times (x 181B)
Class com.intellij.openapi.application.TransactionGuard                               : loaded 2 times (x 78B)
Class kotlin.collections.builders.SetBuilder                                          : loaded 2 times (x 143B)
Class org.codehaus.stax2.typed.TypedValueDecoder                                      : loaded 2 times (x 74B)
Class com.fasterxml.aalto.in.MergedStream                                             : loaded 2 times (x 92B)
Class com.intellij.ide.plugins.DataLoader                                             : loaded 2 times (x 70B)
Class kotlinx.coroutines.NonDisposableHandle                                          : loaded 2 times (x 78B)
Class com.intellij.ide.plugins.PluginDescriptorLoader                                 : loaded 2 times (x 71B)
Class com.intellij.lang.folding.FoldingBuilder                                        : loaded 2 times (x 70B)
Class com.intellij.psi.impl.PsiExpressionEvaluator                                    : loaded 2 times (x 75B)
Class kotlinx.collections.immutable.implementations.immutableList.AbstractListIterator: loaded 2 times (x 98B)
Class com.intellij.codeInsight.highlighting.PassRunningAssert                         : loaded 2 times (x 72B)
Class com.intellij.util.containers.RefHashMap                                         : loaded 2 times (x 127B)
Class it.unimi.dsi.fastutil.objects.ObjectSortedSet                                   : loaded 2 times (x 70B)
Class com.intellij.psi.FileTypeFileViewProviders                                      : loaded 2 times (x 90B)
Class com.android.tools.lint.model.DefaultLintModelModuleLibrary                      : loaded 2 times (x 93B)
Class kotlin.jvm.internal.PropertyReference0                                          : loaded 2 times (x 127B)
Class org.jetbrains.kotlin.gradle.dsl.KotlinCompile                                   : loaded 2 times (x 70B)
Class org.jetbrains.kotlin.gradle.plugin.mpp.compilationImpl.DefaultKotlinCompilationFriendPathsResolver$DefaultFriendArtifactResolver: loaded 2 times (x 74B)
Class org.jetbrains.kotlin.gradle.plugin.diagnostics.checkers.InternalGradlePropertiesUsageChecker$runChecks$1: loaded 2 times (x 88B)
Class org.jetbrains.kotlin.gradle.utils.StringUtilsKt$lowerCamelCaseName$1            : loaded 2 times (x 125B)
Class org.jetbrains.kotlin.gradle.plugin.diagnostics.checkers.JsEnvironmentChecker$3  : loaded 2 times (x 78B)
Class org.jetbrains.kotlin.gradle.dsl.JvmTarget$Companion                             : loaded 2 times (x 71B)
Class org.jetbrains.kotlin.gradle.internal.properties.NativePropertiesLoader$downloadFromMaven$1: loaded 2 times (x 75B)
Class org.jetbrains.kotlin.gradle.plugin.internal.DefaultConfigurationCacheStartParameterAccessor_Decorated: loaded 2 times (x 125B)
Class org.jetbrains.kotlin.gradle.plugin.internal.DefaultConfigurationCacheStartParameterAccessor: loaded 2 times (x 77B)
Class org.jetbrains.kotlin.tooling.core.HasExtras                                     : loaded 2 times (x 70B)
Class com.google.common.util.concurrent.Uninterruptibles                              : loaded 2 times (x 71B)
Class org.jetbrains.kotlin.analysis.decompiler.stub.file.FileAttributeService         : loaded 2 times (x 70B)
Class com.intellij.psi.impl.JavaPsiFacadeImpl                                         : loaded 2 times (x 89B)
Class kotlinx.coroutines.scheduling.WorkQueue                                         : loaded 2 times (x 72B)
Class [Lkotlinx.coroutines.channels.BufferOverflow;                                   : loaded 2 times (x 69B)
Class com.fasterxml.aalto.in.AttributeCollector                                       : loaded 2 times (x 72B)
Class org.codehaus.stax2.DTDInfo                                                      : loaded 2 times (x 70B)
Class com.fasterxml.aalto.in.ReaderScanner                                            : loaded 2 times (x 138B)
Class com.intellij.core.CoreJavaDirectoryService                                      : loaded 2 times (x 86B)
Class com.intellij.psi.impl.PsiSubstitutorFactoryImpl                                 : loaded 2 times (x 74B)
Class com.intellij.psi.stubs.IndexSink                                                : loaded 2 times (x 70B)
Class [Lcom.intellij.openapi.util.UserDataHolderEx;                                   : loaded 2 times (x 69B)
Class com.intellij.openapi.command.CommandProcessor                                   : loaded 2 times (x 91B)
Class it.unimi.dsi.fastutil.ints.IntList                                              : loaded 2 times (x 70B)
Class com.intellij.util.containers.FastUtilHashingStrategies$1                        : loaded 2 times (x 79B)
Class com.intellij.util.keyFMap.DebugFMap                                             : loaded 2 times (x 82B)
Class com.intellij.util.concurrency.SynchronizedClearableLazy$Companion               : loaded 2 times (x 71B)
Class org.jetbrains.kotlin.cli.jvm.compiler.IdeaStandaloneExecutionSetup              : loaded 2 times (x 71B)
Class com.intellij.openapi.util.ObjectNode$1                                          : loaded 2 times (x 83B)
Class com.intellij.util.messages.MessageBus                                           : loaded 2 times (x 70B)
Class com.intellij.openapi.vfs.VirtualFileCopyEvent                                   : loaded 2 times (x 83B)
Class com.intellij.openapi.extensions.PluginAware                                     : loaded 2 times (x 70B)
Class kotlin.sequences.DistinctSequence                                               : loaded 2 times (x 75B)
Class kotlin.reflect.jvm.internal.impl.builtins.functions.FunctionTypeKind$KSuspendFunction: loaded 2 times (x 72B)
Class kotlin.reflect.jvm.internal.KClassImpl$$Lambda$0                                : loaded 2 times (x 76B)
Class kotlin.jvm.internal.DefaultConstructorMarker                                    : loaded 2 times (x 71B)
Class kotlin.reflect.full.IllegalCallableAccessException                              : loaded 2 times (x 82B)
Class com.android.tools.lint.model.LintModelNamespacingMode                           : loaded 2 times (x 79B)
Class com.android.utils.StdLogger                                                     : loaded 2 times (x 86B)
Class org.jetbrains.kotlin.statistics.metrics.ConcatMetricContainer$Companion         : loaded 2 times (x 71B)
Class com.google.common.collect.AbstractMapBasedMultimap$WrappedSet                   : loaded 2 times (x 142B)
Class org.jetbrains.kotlin.gradle.plugin.KotlinCompilationInfo$TCS$friendPaths$1      : loaded 2 times (x 79B)
Class org.jetbrains.kotlin.gradle.plugin.sources.DefaultLanguageSettingsBuilder$freeCompilerArgsProvider$1: loaded 2 times (x 95B)
Class org.jetbrains.kotlin.konan.target.HostManager$Companion                         : loaded 2 times (x 71B)
Class org.jetbrains.kotlin.gradle.targets.js.npm.DevNpmDependencyExtension            : loaded 2 times (x 70B)
Class org.jetbrains.kotlin.gradle.plugin.diagnostics.checkers.PreHmppDependenciesUsageChecker: loaded 2 times (x 74B)
Class org.jetbrains.kotlin.gradle.targets.CreateArtifactsSideEffectKt                 : loaded 2 times (x 71B)
Class org.jetbrains.kotlin.gradle.plugin.AbstractKotlinMultiplatformPluginWrapper     : loaded 2 times (x 86B)
Class org.jetbrains.kotlin.gradle.utils.GradleConfigurationUtilsKt$addGradlePluginMetadataAttributes$1: loaded 2 times (x 75B)
Class org.jetbrains.kotlin.gradle.plugin.internal.DefaultProjectIsolationStartParameterAccessor: loaded 2 times (x 77B)
Class com.google.common.util.concurrent.LazyLogger                                    : loaded 2 times (x 72B)
Class org.gradle.api.specs.Spec                                                       : loaded 2 times (x 70B)
Class org.jetbrains.uast.UastLanguagePlugin$Companion                                 : loaded 2 times (x 71B)
Class com.intellij.util.containers.ContainerUtil$Options                              : loaded 2 times (x 71B)
Class com.intellij.psi.impl.file.PsiPackageBase                                       : loaded 2 times (x 420B)
Class com.intellij.psi.impl.source.PsiFileImpl                                        : loaded 2 times (x 726B)
Class com.intellij.psi.search.ProjectScopeImpl                                        : loaded 2 times (x 99B)
Class com.intellij.psi.impl.PsiModificationTrackerImpl$1                              : loaded 2 times (x 78B)
Class com.intellij.openapi.extensions.ProjectExtensionPointName                       : loaded 2 times (x 72B)
Class com.intellij.psi.javadoc.PsiDocToken                                            : loaded 2 times (x 70B)
Class com.intellij.psi.tree.ILightStubFileElementType                                 : loaded 2 times (x 110B)
Class [Lcom.fasterxml.aalto.in.ByteBasedPNameTable$Bucket;                            : loaded 2 times (x 69B)
Class com.intellij.util.pico.PicoInitializationException                              : loaded 2 times (x 82B)
Class com.intellij.diagnostic.PluginException                                         : loaded 2 times (x 85B)
Class com.intellij.util.messages.impl.MessageBusImpl                                  : loaded 2 times (x 107B)
Class com.intellij.openapi.util.ClassExtension                                        : loaded 2 times (x 86B)
Class com.intellij.openapi.fileTypes.FileType                                         : loaded 2 times (x 70B)
Class com.intellij.lang.LanguageParserDefinitions                                     : loaded 2 times (x 96B)
Class jdk.internal.jimage.ImageReader$SharedImageReader$LocationVisitor               : loaded 2 times (x 70B)
Class com.intellij.openapi.util.NotNullLazyValue$2                                    : loaded 2 times (x 78B)
Class kotlinx.coroutines.EventLoopImplPlatform                                        : loaded 2 times (x 107B)
Class kotlin.reflect.jvm.internal.CachesKt$$Lambda$0                                  : loaded 2 times (x 75B)
Class kotlin.jvm.internal.MutablePropertyReference                                    : loaded 2 times (x 119B)
Class kotlin.jvm.internal.PropertyReference2                                          : loaded 2 times (x 127B)
Class com.android.tools.lint.model.LintModelExternalLibrary                           : loaded 2 times (x 70B)
Class org.apache.commons.io.file.PathFilter                                           : loaded 2 times (x 70B)
Class org.jetbrains.kotlin.gradle.tasks.KotlinCompile$disableMultiModuleIC$2          : loaded 2 times (x 79B)
Class org.jetbrains.kotlin.gradle.tasks.GradleCompileTaskProviderKt                   : loaded 2 times (x 71B)
Class org.jetbrains.kotlin.gradle.plugin.SubpluginEnvironment$Companion               : loaded 2 times (x 71B)
Class org.jetbrains.kotlin.gradle.plugin.mpp.ApplyUserDefinedAttributesKt$UserDefinedAttributesSetupAction$1$1$3: loaded 2 times (x 75B)
Class org.jetbrains.kotlin.gradle.tasks.configuration.BaseKotlinCompileConfig$Companion: loaded 2 times (x 71B)
Class org.jetbrains.kotlin.gradle.plugin.mpp.compilationImpl.KotlinCompilationImpl$Params: loaded 2 times (x 72B)
Class org.jetbrains.kotlin.konan.target.UtilsKt                                       : loaded 2 times (x 71B)
Class org.jetbrains.kotlin.gradle.tooling.BuildKotlinToolingMetadataTask              : loaded 2 times (x 317B)
Class org.jetbrains.kotlin.gradle.plugin.internal.CompatibilityConventionRegistrarKt  : loaded 2 times (x 71B)
Class org.jetbrains.kotlin.gradle.artifacts.KotlinJvmJarArtifactKt                    : loaded 2 times (x 71B)
Class org.jetbrains.kotlin.gradle.plugin.mpp.compilationImpl.CreateCInteropTasksSideEffectKt$special$$inlined$KotlinCompilationSideEffect$1: loaded 2 times (x 74B)
Class org.jetbrains.kotlin.gradle.plugin.statistics.FinalizeConfigurationFusMetricActionKt: loaded 2 times (x 71B)
Class org.jetbrains.kotlin.gradle.targets.native.toolchain.KotlinNativeBundleBuildService$Companion$registerIfAbsent$2$1: loaded 2 times (x 79B)
Class org.jetbrains.kotlin.build.report.metrics.GradleBuildPerformanceMetric$Companion: loaded 2 times (x 71B)
Class org.jetbrains.kotlin.gradle.plugin.statistics.KotlinBuildStatsBeanService       : loaded 2 times (x 87B)
Class org.jetbrains.kotlin.cli.jvm.index.JvmDependenciesIndexImpl$Cache               : loaded 2 times (x 72B)
Class com.intellij.openapi.util.RecursionGuard$StackStamp                             : loaded 2 times (x 70B)
Class com.intellij.core.CoreJavaPsiImplementationHelper                               : loaded 2 times (x 82B)
Class com.intellij.psi.TypeAnnotationProvider                                         : loaded 2 times (x 70B)
Class kotlinx.coroutines.flow.FlowKt__CollectKt                                       : loaded 2 times (x 71B)
Class kotlinx.coroutines.scheduling.SchedulerTimeSource                               : loaded 2 times (x 72B)
Class org.codehaus.stax2.ri.typed.ValueDecoderFactory$DoubleArrayDecoder              : loaded 2 times (x 78B)
Class [Lcom.intellij.ide.plugins.ActionDescriptorName;                                : loaded 2 times (x 69B)
Class kotlinx.coroutines.CoroutineContextKt                                           : loaded 2 times (x 71B)
Class com.intellij.core.CorePsiPackageImplementationHelper                            : loaded 2 times (x 77B)
Class com.intellij.lexer.DummyLexer                                                   : loaded 2 times (x 84B)
Class com.intellij.openapi.application.ex.ApplicationInfoEx                           : loaded 2 times (x 124B)
Class com.intellij.openapi.command.CommandListener                                    : loaded 2 times (x 70B)
Class com.intellij.psi.PsiReferenceProviderBean                                       : loaded 2 times (x 86B)
Class com.intellij.openapi.progress.impl.CoreProgressManager                          : loaded 2 times (x 117B)
Class kotlinx.coroutines.scheduling.CoroutineScheduler                                : loaded 2 times (x 81B)
Class com.android.tools.lint.client.api.LintClient$ClassPathInfo                      : loaded 2 times (x 72B)
Class com.intellij.openapi.vfs.VirtualFileSetFactoryKt                                : loaded 2 times (x 71B)
Class [Lkotlin.reflect.jvm.internal.impl.builtins.jvm.JavaToKotlinClassMap$PlatformMutabilityMapping;: loaded 2 times (x 69B)
Class kotlin.reflect.jvm.internal.CachesKt$$Lambda$1                                  : loaded 2 times (x 75B)
Class kotlin.reflect.full.IllegalPropertyDelegateAccessException                      : loaded 2 times (x 82B)
Class com.android.tools.lint.model.LintModelVariant                                   : loaded 2 times (x 70B)
Class org.jetbrains.kotlin.gradle.plugin.statistics.DaemonReuseCounter                : loaded 2 times (x 76B)
Class com.google.common.collect.Sets$3$1                                              : loaded 2 times (x 82B)
Class org.jetbrains.kotlin.gradle.tasks.configuration.AbstractKotlinCompileConfig$1$1 : loaded 2 times (x 74B)
Class org.jetbrains.kotlin.gradle.tasks.KotlinCompile$kotlinOptions$1                 : loaded 2 times (x 79B)
Class org.jetbrains.kotlin.tooling.core.ExtrasLazyProperty                            : loaded 2 times (x 70B)
Class org.jetbrains.kotlin.gradle.internal.properties.NativeProperties$Companion      : loaded 2 times (x 71B)
Class org.jetbrains.kotlin.gradle.utils.StringUtilsKt                                 : loaded 2 times (x 71B)
Class org.jetbrains.kotlin.gradle.targets.ConfigureBuildSideEffectKt$ConfigureBuildSideEffect$1: loaded 2 times (x 74B)
Class org.jetbrains.kotlin.gradle.utils.CompletableFuture                             : loaded 2 times (x 70B)
Class org.jetbrains.kotlin.build.report.metrics.BuildPerformanceMetric                : loaded 2 times (x 70B)
Class [Lorg.jetbrains.kotlin.statistics.metrics.StringOverridePolicy;                 : loaded 2 times (x 69B)
Class com.google.common.cache.LocalCache$LoadingValueReference                        : loaded 2 times (x 96B)
Class org.jetbrains.kotlin.analysis.api.platform.KotlinPlatformComponent              : loaded 2 times (x 70B)
Class com.intellij.psi.impl.RecordAugmentProvider                                     : loaded 2 times (x 83B)
Class org.jetbrains.uast.kotlin.evaluation.KotlinEvaluatorExtension                   : loaded 2 times (x 88B)
Class com.intellij.util.io.FileAccessorCache                                          : loaded 2 times (x 83B)
Class com.intellij.mock.MockProject                                                   : loaded 2 times (x 221B)
Class com.intellij.codeInsight.InferredAnnotationsManager                             : loaded 2 times (x 74B)
Class com.intellij.util.containers.ConcurrentWeakKeySoftValueHashMap$HardKey          : loaded 2 times (x 83B)
Class com.intellij.lang.jvm.JvmAnnotation                                             : loaded 2 times (x 70B)
Class com.intellij.psi.impl.file.impl.TemporaryProviderStorage                        : loaded 2 times (x 70B)
Class com.intellij.util.containers.ConcurrentWeakKeySoftValueHashMap$ValueReference   : loaded 2 times (x 70B)
Class com.intellij.psi.impl.source.resolve.ResolveCache$AbstractResolver              : loaded 2 times (x 70B)
Class kotlinx.coroutines.internal.DispatchedContinuation                              : loaded 2 times (x 90B)
Class kotlinx.coroutines.internal.Symbol                                              : loaded 2 times (x 72B)
Class com.intellij.lang.jvm.JvmNamedElement                                           : loaded 2 times (x 70B)
Class com.intellij.psi.impl.source.JavaFileElementType                                : loaded 2 times (x 113B)
Class com.intellij.util.messages.impl.CompositeMessageBus$WhenMappings                : loaded 2 times (x 71B)
Class com.intellij.openapi.command.impl.CoreCommandProcessor                          : loaded 2 times (x 98B)
Class io.opentelemetry.api.trace.SpanBuilder                                          : loaded 2 times (x 70B)
Class com.intellij.platform.diagnostic.telemetry.Scope                                : loaded 2 times (x 72B)
Class com.intellij.openapi.application.CachedSingletonsRegistry                       : loaded 2 times (x 71B)
Class kotlinx.collections.immutable.ExtensionsKt                                      : loaded 2 times (x 71B)
Class com.intellij.util.containers.FastUtilCaseInsensitiveStringHashingStrategy       : loaded 2 times (x 75B)
Class com.intellij.openapi.extensions.impl.ExtensionsAreaImpl                         : loaded 2 times (x 85B)
Class com.intellij.psi.impl.source.tree.TreeElementVisitor                            : loaded 2 times (x 73B)
Class com.intellij.openapi.vfs.impl.jar.CoreJarFileSystem                             : loaded 2 times (x 101B)
Class [Lcom.intellij.psi.PsiQualifiedNamedElement;                                    : loaded 2 times (x 69B)
Class kotlin.jvm.internal.SpreadBuilder                                               : loaded 2 times (x 76B)
Class com.android.utils.PositionXmlParser$DomBuilder                                  : loaded 2 times (x 148B)
Class kotlin.reflect.jvm.internal.CachesKt$$Lambda$2                                  : loaded 2 times (x 75B)
Class org.jetbrains.kotlin.load.kotlin.VirtualFileFinderFactory                       : loaded 2 times (x 70B)
Class [Lcom.android.tools.lint.model.LintModelArtifactType;                           : loaded 2 times (x 69B)
Class com.android.tools.lint.model.LintModelMavenName                                 : loaded 2 times (x 70B)
Class [Lorg.objectweb.asm.Symbol;                                                     : loaded 2 times (x 69B)
Class com.google.common.collect.MapMakerInternalMap$StrongKeyDummyValueEntry          : loaded 2 times (x 82B)
Class com.google.common.io.LineReader$1                                               : loaded 2 times (x 75B)
Class com.google.common.collect.AbstractMapBasedMultimap$AsMap                        : loaded 2 times (x 128B)
Class com.google.common.reflect.Invokable$MethodInvokable                             : loaded 2 times (x 107B)
Class com.google.common.collect.CollectSpliterators                                   : loaded 2 times (x 71B)
Class org.jetbrains.kotlin.gradle.tasks.configuration.AbstractKotlinCompileConfig$getClasspathSnapshotDir$1: loaded 2 times (x 74B)
Class org.jetbrains.kotlin.gradle.tasks.configuration.AbstractKotlinCompileConfig$1$2 : loaded 2 times (x 74B)
Class com.google.common.collect.Multimaps$Entries                                     : loaded 2 times (x 118B)
Class org.jetbrains.kotlin.gradle.plugin.diagnostics.checkers.OverriddenKotlinNativeHomeChecker$StdlibExistenceCheckerValueSource$Params$Inject: loaded 2 times (x 106B)
Class org.jetbrains.kotlin.gradle.plugin.diagnostics.checkers.CommonMainOrTestWithDependsOnChecker: loaded 2 times (x 74B)
Class org.jetbrains.kotlin.gradle.artifacts.KotlinNativeHostSpecificMetadataArtifactKt: loaded 2 times (x 71B)
Class org.jetbrains.kotlin.gradle.plugin.mpp.compilationImpl.KotlinCreateLifecycleTasksSideEffectKt: loaded 2 times (x 71B)
Class org.jetbrains.kotlin.gradle.plugin.KotlinTarget                                 : loaded 2 times (x 70B)
Class org.jetbrains.kotlin.gradle.utils.ConfigurationsKt$createResolvable$1           : loaded 2 times (x 78B)
Class [Lorg.jetbrains.kotlin.statistics.metrics.BooleanAnonymizationPolicy;           : loaded 2 times (x 69B)
Class com.intellij.util.keyFMap.ArrayBackedFMap                                       : loaded 2 times (x 82B)
Class org.jetbrains.kotlin.load.java.structure.JavaModifierListOwner                  : loaded 2 times (x 70B)
Class org.jetbrains.kotlin.resolve.extensions.AnalysisHandlerExtension                : loaded 2 times (x 70B)
Class com.intellij.util.containers.SoftKeySoftValueHashMap                            : loaded 2 times (x 110B)
Class com.intellij.psi.TypeAnnotationProvider$Static                                  : loaded 2 times (x 77B)
Class com.intellij.psi.search.FilesScopeWithDisplayName                               : loaded 2 times (x 108B)
Class com.intellij.psi.impl.PsiToDocumentSynchronizer                                 : loaded 2 times (x 84B)
Class com.intellij.codeInsight.multiverse.CodeInsightContextKt                        : loaded 2 times (x 71B)
Class kotlinx.coroutines.flow.FlowKt__MergeKt$mapLatest$1                             : loaded 2 times (x 95B)
Class com.intellij.pom.java.InternalPersistentJavaLanguageLevelReaderService          : loaded 2 times (x 70B)
Class com.intellij.openapi.extensions.ExtensionPointDescriptor                        : loaded 2 times (x 72B)
Class com.intellij.util.containers.UnsafeWeakList                                     : loaded 2 times (x 123B)
Class com.intellij.util.containers.ContainerUtil$9                                    : loaded 2 times (x 80B)
Class com.intellij.mock.MockFileDocumentManagerImpl                                   : loaded 2 times (x 94B)
Class com.intellij.openapi.application.ModalityState                                  : loaded 2 times (x 72B)
Class com.intellij.lang.jvm.JvmLanguage                                               : loaded 2 times (x 70B)
Class org.jetbrains.kotlin.config.LanguageVersionSettings$Companion                   : loaded 2 times (x 71B)
Class org.jetbrains.kotlin.gradle.dsl.KotlinProjectExtension                          : loaded 2 times (x 122B)
Class org.jetbrains.kotlin.gradle.internal.properties.PropertiesBuildService$BooleanGradleProperty: loaded 2 times (x 76B)
Class com.android.tools.lint.client.api.ConfigurationHierarchy                        : loaded 2 times (x 73B)
Class org.jetbrains.kotlin.gradle.plugin.VariantImplementationFactories$Companion$getProvider$1: loaded 2 times (x 75B)
Class org.jetbrains.kotlin.gradle.plugin.statistics.KotlinBuildStatsBeanService$Companion$initStatsService$1: loaded 2 times (x 79B)
Class com.intellij.util.containers.ImmutableList                                      : loaded 2 times (x 198B)
Class jdk.internal.jimage.ImageReader$Directory                                       : loaded 2 times (x 84B)
Class com.google.gson.JsonIOException                                                 : loaded 2 times (x 82B)
Class kotlin.reflect.jvm.internal.KMutableProperty1Impl$$Lambda$0                     : loaded 2 times (x 76B)
Class kotlin.coroutines.jvm.internal.RestrictedSuspendLambda                          : loaded 2 times (x 91B)
Class kotlin.reflect.jvm.internal.CachesKt$$Lambda$3                                  : loaded 2 times (x 75B)
Class com.android.tools.lint.model.LintModelLibrary                                   : loaded 2 times (x 70B)
Class org.jetbrains.kotlin.statistics.metrics.StringOverridePolicy$OVERRIDE_VERSION_IF_NOT_SET: loaded 2 times (x 85B)
Class build_2pq2rgw1ln5md5k2qqlcru6ds                                                 : loaded 2 times (x 180B)
Class com.google.common.collect.AbstractMapBasedMultimap$WrappedList                  : loaded 2 times (x 205B)
Class com.google.common.collect.CompoundOrdering                                      : loaded 2 times (x 115B)
Class [Lorg.jetbrains.kotlin.build.report.metrics.BuildAttributeKind;                 : loaded 2 times (x 69B)
Class org.jetbrains.kotlin.gradle.tasks.K2MultiplatformStructure                      : loaded 2 times (x 74B)
Class org.jetbrains.kotlin.gradle.internal.KotlinDependenciesManagementKt$allNonProjectDependencies$1: loaded 2 times (x 74B)
Class org.jetbrains.kotlin.compilerRunner.CompilerSystemPropertiesService$Parameters  : loaded 2 times (x 70B)
Class org.jetbrains.kotlin.gradle.plugin.mpp.compilationImpl.KotlinCompilationSourceSetsContainer: loaded 2 times (x 70B)
Class org.jetbrains.kotlin.gradle.artifacts.KotlinNativeKlibArtifactKt                : loaded 2 times (x 71B)
Class org.jetbrains.kotlin.gradle.plugin.ProjectLocalConfigurations                   : loaded 2 times (x 71B)
Class org.jetbrains.kotlin.gradle.plugin.mpp.KotlinUsages$KotlinUsagesDisambiguation  : loaded 2 times (x 76B)
Class org.jetbrains.kotlin.tooling.core.Extras$Key$Companion                          : loaded 2 times (x 71B)
Class org.jetbrains.kotlin.tooling.core.Extras$Key                                    : loaded 2 times (x 72B)
Class [Lorg.objectweb.asm.AnnotationWriter;                                           : loaded 2 times (x 69B)
Class com.intellij.openapi.util.io.FileUtilRt$SymlinkResolver                         : loaded 2 times (x 70B)
Class com.intellij.util.containers.ConcurrentSoftHashMap                              : loaded 2 times (x 154B)
Class [Lcom.intellij.openapi.util.Iconable;                                           : loaded 2 times (x 69B)
Class com.intellij.psi.impl.AbstractPsiCachedValue                                    : loaded 2 times (x 95B)
Class com.intellij.util.AtomicMapCache                                                : loaded 2 times (x 72B)
Class com.intellij.psi.ResolveResult                                                  : loaded 2 times (x 70B)
Class com.fasterxml.aalto.in.PName1                                                   : loaded 2 times (x 83B)
Class com.fasterxml.aalto.impl.IoStreamException                                      : loaded 2 times (x 85B)
Class kotlinx.coroutines.EventLoopKt                                                  : loaded 2 times (x 71B)
Class com.intellij.openapi.project.DumbAware                                          : loaded 2 times (x 70B)
Class com.intellij.psi.PsiNameIdentifierOwner                                         : loaded 2 times (x 70B)
Class org.jetbrains.kotlin.gradle.plugin.KotlinGradlePluginExtensionPointInternal     : loaded 2 times (x 76B)
Class com.intellij.psi.PsiCheckedRenameElement                                        : loaded 2 times (x 70B)
Class com.intellij.psi.PsiNamedElement                                                : loaded 2 times (x 70B)
Class com.intellij.util.text.CharArrayCharSequence                                    : loaded 2 times (x 101B)
Class org.jetbrains.kotlin.gradle.plugin.KotlinTargetComponent                        : loaded 2 times (x 70B)
Class org.jetbrains.kotlin.gradle.dsl.KotlinCommonCompilerToolOptionsHelper           : loaded 2 times (x 71B)
Class org.jetbrains.kotlin.gradle.plugin.KotlinPluginLifecycleImpl$WhenMappings       : loaded 2 times (x 71B)
Class org.jetbrains.kotlin.gradle.plugin.diagnostics.checkers.DeprecatedKotlinNativeTargetsChecker$runChecks$1: loaded 2 times (x 88B)
Class com.intellij.util.IncorrectOperationException                                   : loaded 2 times (x 82B)
Class org.jetbrains.kotlin.gradle.plugin.KotlinPluginLifecycleImplKt                  : loaded 2 times (x 71B)
Class kotlin.collections.MutableMapWithDefaultImpl                                    : loaded 2 times (x 144B)
Class org.jetbrains.kotlin.gradle.targets.js.dsl.KotlinJsTargetDsl                    : loaded 2 times (x 70B)
Class kotlin.Triple                                                                   : loaded 2 times (x 72B)
Class kotlin.sequences.SequencesKt__SequenceBuilderKt$sequence$$inlined$Sequence$1    : loaded 2 times (x 75B)
Class kotlin.reflect.jvm.internal.CachesKt$$Lambda$4                                  : loaded 2 times (x 75B)
Class com.android.utils.EnvironmentProvider                                           : loaded 2 times (x 70B)
Class org.jetbrains.kotlin.konan.target.KonanTarget$WATCHOS_ARM32                     : loaded 2 times (x 78B)
Class com.google.common.collect.Maps$9                                                : loaded 2 times (x 76B)
Class com.google.common.base.Predicates$CompositionPredicate                          : loaded 2 times (x 88B)
Class org.jetbrains.kotlin.gradle.tasks.configuration.AbstractKotlinCompileConfig$1$4 : loaded 2 times (x 75B)
Class com.google.common.collect.Lists$ReverseList$1                                   : loaded 2 times (x 99B)
Class org.jetbrains.kotlin.gradle.plugin.diagnostics.CheckKotlinGradlePluginConfigurationErrors: loaded 2 times (x 319B)
Class org.jetbrains.kotlin.gradle.plugin.sources.DefaultKotlinSourceSetKt             : loaded 2 times (x 71B)
Class org.jetbrains.kotlin.gradle.dsl.KotlinJvmOptions                                : loaded 2 times (x 70B)
Class org.jetbrains.kotlin.gradle.plugin.mpp.HierarchyAttributeContainer$1            : loaded 2 times (x 78B)
Class org.jetbrains.kotlin.gradle.plugin.KotlinPluginLifecycle                        : loaded 2 times (x 70B)
Class org.jetbrains.kotlin.gradle.plugin.KotlinJsPluginWrapper                        : loaded 2 times (x 86B)
Class org.jetbrains.kotlin.gradle.dsl.ToolchainSupport                                : loaded 2 times (x 70B)
Class org.jetbrains.kotlin.tooling.core.Extras                                        : loaded 2 times (x 70B)
Class org.jetbrains.kotlin.gradle.plugin.mpp.InternalKotlinTarget                     : loaded 2 times (x 70B)
Class org.jetbrains.kotlin.statistics.metrics.NumberAnonymizationPolicy$RANDOM_10_PERCENT: loaded 2 times (x 85B)
Class org.jetbrains.kotlin.statistics.metrics.StringMetrics                           : loaded 2 times (x 80B)
Class com.google.common.cache.LocalCache$StrongValueReference                         : loaded 2 times (x 90B)
Class org.jetbrains.kotlin.analysis.api.standalone.base.projectStructure.PluginStructureProvider$PluginDesignation: loaded 2 times (x 72B)
Class org.jetbrains.kotlin.load.java.JavaModuleAnnotationsProvider                    : loaded 2 times (x 70B)
Class org.jetbrains.kotlin.cli.common.localfs.KotlinLocalVirtualFile$getChildren$$inlined$sortedBy$1: loaded 2 times (x 89B)
Class com.intellij.openapi.util.io.FileUtilRt                                         : loaded 2 times (x 71B)
Class com.intellij.codeInsight.ExternalAnnotationsListener                            : loaded 2 times (x 70B)
Class com.intellij.psi.impl.PsiElementFinderImpl                                      : loaded 2 times (x 89B)
Class org.jetbrains.kotlin.asJava.KotlinAsJavaSupportBase$Companion                   : loaded 2 times (x 71B)
Class com.intellij.psi.PsiJavaCodeReferenceElement                                    : loaded 2 times (x 70B)
Class com.intellij.psi.search.GlobalAndLocalUnionScope                                : loaded 2 times (x 99B)
Class org.jetbrains.kotlin.gradle.plugin.KotlinProjectSetupActionKt$KotlinProjectSetupCoroutine$1$1: loaded 2 times (x 95B)
Class org.jetbrains.kotlin.gradle.plugin.mpp.compilationImpl.factory.KotlinCompilationImplFactory$PreConfigure: loaded 2 times (x 70B)
Class com.fasterxml.aalto.in.PName2                                                   : loaded 2 times (x 83B)
Class com.intellij.ide.plugins.ContainerDescriptor                                    : loaded 2 times (x 72B)
Class com.fasterxml.aalto.in.ByteBasedScanner                                         : loaded 2 times (x 140B)
Class com.intellij.lang.folding.FoldingBuilderEx                                      : loaded 2 times (x 87B)
Class com.intellij.openapi.editor.ex.RangeMarkerEx                                    : loaded 2 times (x 70B)
Class org.jetbrains.kotlin.gradle.tasks.configuration.AbstractKotlinCompileConfig$2   : loaded 2 times (x 79B)
Class com.intellij.openapi.extensions.PluginDescriptor                                : loaded 2 times (x 70B)
Class org.jetbrains.kotlin.cli.jvm.compiler.KotlinCoreApplicationEnvironment          : loaded 2 times (x 94B)
Class org.jetbrains.kotlin.gradle.internal.transforms.BuildToolsApiClasspathEntrySnapshotTransform: loaded 2 times (x 82B)
Class org.jetbrains.kotlin.gradle.tasks.CacheableTasksKt$cacheOnlyIfEnabledForKotlin$1: loaded 2 times (x 75B)
Class it.unimi.dsi.fastutil.ints.AbstractIntSet                                       : loaded 2 times (x 233B)
Class org.jetbrains.kotlin.gradle.tasks.AbstractKotlinCompile$compilerRunner$1        : loaded 2 times (x 75B)
Class kotlin.jvm.internal.ReflectionFactory                                           : loaded 2 times (x 91B)
Class Build_gradle$4                                                                  : loaded 2 times (x 75B)
Class build_egvzoab56tl6etpvda5lot3sy$_run_closure1                                   : loaded 2 times (x 139B)
Class org.jetbrains.kotlin.gradle.tasks.CompilerPluginOptions                         : loaded 2 times (x 72B)
Class org.jetbrains.kotlin.gradle.tasks.configuration.AbstractKotlinCompileConfig$1$5 : loaded 2 times (x 76B)
Class org.jetbrains.kotlin.gradle.plugin.mpp.KotlinTargetSoftwareComponentImpl        : loaded 2 times (x 90B)
Class org.jetbrains.kotlin.gradle.plugin.mpp.DefaultKotlinUsageContext$PublishOnlyIf  : loaded 2 times (x 70B)
Class org.jetbrains.kotlin.gradle.dsl.KotlinCommonCompilerOptionsHelper               : loaded 2 times (x 71B)
Class org.jetbrains.kotlin.gradle.plugin.KotlinJvmPlugin$Companion                    : loaded 2 times (x 71B)
Class org.jetbrains.kotlin.gradle.plugin.diagnostics.KotlinToolingDiagnostics         : loaded 2 times (x 71B)
Class org.jetbrains.kotlin.gradle.artifacts.KotlinMetadataArtifactKt                  : loaded 2 times (x 71B)
Class org.jetbrains.kotlin.gradle.targets.CreateArtifactsSideEffectKt$CreateArtifactsSideEffect$1: loaded 2 times (x 74B)
Class org.jetbrains.kotlin.gradle.internal.properties.PropertiesBuildService$property$1$valueFromGradleAndLocalProperties$1: loaded 2 times (x 75B)
Class org.jetbrains.kotlin.gradle.plugin.KotlinPluginWrapperKt$kotlinToolingVersion$2 : loaded 2 times (x 78B)
Class org.gradle.internal.classloader.VisitableURLClassLoader$InstrumentingVisitableURLClassLoader: loaded 2 times (x 123B)
Class com.google.common.reflect.TypeCapture                                           : loaded 2 times (x 71B)
Class com.intellij.util.containers.FactoryMap$1                                       : loaded 2 times (x 124B)
Class com.intellij.openapi.vfs.impl.GenericZipFile                                    : loaded 2 times (x 70B)
Class org.jetbrains.kotlin.storage.LockBasedStorageManager$MapBasedMemoizedFunction   : loaded 2 times (x 82B)
Class com.intellij.core.JavaPsiBundle                                                 : loaded 2 times (x 71B)
Class com.intellij.psi.impl.PsiCachedValue                                            : loaded 2 times (x 87B)
Class com.intellij.lang.jvm.facade.JvmElementProvider                                 : loaded 2 times (x 70B)
Class com.intellij.ide.plugins.PluginManagerCore                                      : loaded 2 times (x 71B)
Class com.fasterxml.aalto.in.PName3                                                   : loaded 2 times (x 83B)
Class kotlinx.coroutines.Job$DefaultImpls                                             : loaded 2 times (x 71B)
Class org.jetbrains.kotlin.statistics.AnonymizerUtilsKt$salt$2                        : loaded 2 times (x 78B)
Class com.google.common.cache.LocalCache$Values                                       : loaded 2 times (x 118B)
Class com.intellij.psi.compiled.ClassFileDecompilers$Full                             : loaded 2 times (x 77B)
Class com.intellij.openapi.components.Service                                         : loaded 2 times (x 70B)
Class com.intellij.lang.jvm.JvmTypeParametersOwner                                    : loaded 2 times (x 70B)
Class com.android.utils.ILogger                                                       : loaded 2 times (x 70B)
Class com.intellij.psi.PsiIdentifier                                                  : loaded 2 times (x 70B)
Class com.intellij.util.Java11Shim$Companion                                          : loaded 2 times (x 71B)
Class com.android.utils.NullLogger                                                    : loaded 2 times (x 85B)
Class kotlin.collections.builders.ListBuilder$Itr                                     : loaded 2 times (x 94B)
Class com.google.gson.internal.bind.JsonTreeReader                                    : loaded 2 times (x 98B)
Class com.google.common.collect.MapMakerInternalMap$AbstractWeakKeyEntry              : loaded 2 times (x 87B)
Class com.android.utils.FileUtils                                                     : loaded 2 times (x 71B)
Class [Lkotlin.reflect.jvm.internal.impl.resolve.jvm.JvmPrimitiveType;                : loaded 2 times (x 69B)
Class kotlin.jvm.internal.ClassBasedDeclarationContainer                              : loaded 2 times (x 70B)
Class com.android.tools.lint.model.LintModelArtifactType                              : loaded 2 times (x 79B)
Class com.google.common.collect.MapMakerInternalMap$StrongKeyDummyValueEntry$Helper   : loaded 2 times (x 79B)
Class org.apache.commons.io.FileUtils                                                 : loaded 2 times (x 71B)
Class org.jetbrains.kotlin.gradle.tasks.configuration.AbstractKotlinCompileConfig$1$6 : loaded 2 times (x 75B)
Class [Lorg.jetbrains.kotlin.gradle.tasks.KotlinCompilerExecutionStrategy;            : loaded 2 times (x 69B)
Class org.jetbrains.kotlin.gradle.tasks.FailedCompilationException                    : loaded 2 times (x 82B)
Class org.jetbrains.kotlin.gradle.plugin.mpp.DefaultKotlinUsageContext$1              : loaded 2 times (x 74B)
Class org.jetbrains.kotlin.gradle.plugin.mpp.compilationImpl.KotlinCompilationImpl$associateWith$2: loaded 2 times (x 79B)
Class org.jetbrains.kotlin.gradle.plugin.hierarchy.KotlinSourceSetTreeClassifier      : loaded 2 times (x 70B)
Class org.jetbrains.kotlin.gradle.plugin.mpp.compilationImpl.KotlinCompilationAssociator: loaded 2 times (x 70B)
Class org.jetbrains.kotlin.konan.target.UtilsKt$evaluatePresetName$1                  : loaded 2 times (x 78B)
Class org.jetbrains.kotlin.gradle.plugin.mpp.KotlinNativeTarget                       : loaded 2 times (x 167B)
Class org.jetbrains.kotlin.gradle.plugin.diagnostics.checkers.KotlinSourceSetTreeDependsOnMismatchChecker$runChecks$1: loaded 2 times (x 88B)
Class org.jetbrains.kotlin.gradle.plugin.diagnostics.checkers.PreHmppDependenciesUsageChecker$runChecks$1: loaded 2 times (x 88B)
Class org.jetbrains.kotlin.gradle.utils.ProjectExtensionsKt                           : loaded 2 times (x 71B)
Class org.jetbrains.kotlin.gradle.plugin.KotlinSourceSetTree$Companion                : loaded 2 times (x 71B)
Class org.jetbrains.kotlin.gradle.plugin.diagnostics.KotlinGradleProjectChecker$Companion: loaded 2 times (x 71B)
Class org.jetbrains.kotlin.gradle.plugin.KotlinGradleBuildServices$Parameters         : loaded 2 times (x 70B)
Class org.jetbrains.kotlin.gradle.plugin.statistics.BuildFusService$Companion$registerIfAbsent$1$1$1: loaded 2 times (x 75B)
Class org.jetbrains.kotlin.statistics.fileloggers.MetricsContainer$Companion          : loaded 2 times (x 71B)
Class org.objectweb.asm.ByteVector                                                    : loaded 2 times (x 79B)
Class [Lcom.google.common.cache.CacheBuilder$NullListener;                            : loaded 2 times (x 69B)
Class org.gradle.internal.classloader.VisitableURLClassLoader$Spec                    : loaded 2 times (x 74B)
Class org.gradle.internal.classpath.DefaultClassPath                                  : loaded 2 times (x 90B)
Class com.google.common.collect.Tables$ImmutableCell                                  : loaded 2 times (x 82B)
Class com.intellij.util.containers.WeakHashMap                                        : loaded 2 times (x 127B)
Class com.intellij.util.io.FileAccessorCache$1                                        : loaded 2 times (x 83B)
Class com.intellij.psi.impl.PsiParameterizedCachedValue$Soft                          : loaded 2 times (x 94B)
Class com.intellij.psi.impl.AnyPsiChangeListener                                      : loaded 2 times (x 70B)
Class com.intellij.psi.impl.PsiModificationTrackerImpl                                : loaded 2 times (x 84B)
Class org.codehaus.stax2.typed.TypedXMLStreamException                                : loaded 2 times (x 85B)
Class com.intellij.lang.ParserDefinition                                              : loaded 2 times (x 70B)
Class com.intellij.util.ObjectUtils$Sentinel                                          : loaded 2 times (x 72B)
Class com.intellij.lang.jvm.JvmClass                                                  : loaded 2 times (x 70B)
Class kotlinx.coroutines.CoroutineScope                                               : loaded 2 times (x 70B)
Class com.intellij.openapi.editor.event.DocumentEvent                                 : loaded 2 times (x 82B)
Class com.intellij.openapi.extensions.ExtensionNotApplicableException                 : loaded 2 times (x 82B)
Class com.intellij.util.messages.impl.BusState$Alive                                  : loaded 2 times (x 71B)
Class com.intellij.psi.PsiFile                                                        : loaded 2 times (x 70B)
Class com.intellij.util.containers.IntKeyWeakValueHashMap$MyReference                 : loaded 2 times (x 79B)
Class com.intellij.openapi.fileTypes.OSFileIdeAssociation                             : loaded 2 times (x 70B)
Class it.unimi.dsi.fastutil.ints.IntArrays                                            : loaded 2 times (x 71B)
Class kotlin.text.MatchGroup                                                          : loaded 2 times (x 72B)
Class com.android.tools.lint.model.LintModelDependencies                              : loaded 2 times (x 70B)
Class com.intellij.openapi.fileTypes.PlainTextParserDefinition                        : loaded 2 times (x 95B)
Class org.jetbrains.kotlin.gradle.plugin.statistics.BuildFinishMetrics                : loaded 2 times (x 71B)
Class com.google.common.collect.ImmutableSortedMap$1EntrySet$1                        : loaded 2 times (x 213B)
Class org.jetbrains.kotlin.gradle.plugin.DefaultKotlinBasePlugin$addKotlinCompilerConfiguration$2$1$1: loaded 2 times (x 75B)
Class org.jetbrains.kotlin.gradle.plugin.mpp.KotlinSoftwareComponentKt                : loaded 2 times (x 71B)
Class org.jetbrains.kotlin.gradle.plugin.mpp.compilationImpl.KotlinCompilationSourceSetInclusion$AddSourcesToCompileTask: loaded 2 times (x 70B)
Class org.jetbrains.kotlin.konan.target.Architecture                                  : loaded 2 times (x 79B)
Class [Lorg.jetbrains.kotlin.gradle.plugin.HasProject;                                : loaded 2 times (x 69B)
Class org.jetbrains.kotlin.gradle.utils.MutableObservableSetImpl                      : loaded 2 times (x 163B)
Class org.jetbrains.kotlin.gradle.tasks.KotlinTasksProvider                           : loaded 2 times (x 72B)
Class org.jetbrains.kotlin.gradle.dsl.DefaultToolchainSupport$wireToolchainToTasks$1  : loaded 2 times (x 75B)
Class org.jetbrains.kotlin.gradle.dsl.KotlinCommonCompilerOptions                     : loaded 2 times (x 70B)
Class org.jetbrains.kotlin.gradle.plugin.KotlinJsCompilerTypeHolder                   : loaded 2 times (x 70B)
Class org.jetbrains.kotlin.gradle.internal.properties.PropertiesBuildService$MemoizedCallable: loaded 2 times (x 75B)
Class org.objectweb.asm.Symbol                                                        : loaded 2 times (x 73B)
Class org.jetbrains.kotlin.analysis.api.standalone.base.projectStructure.AnalysisApiSimpleServiceRegistrar: loaded 2 times (x 81B)
Class com.intellij.openapi.vfs.impl.AddonlyKeylessHash$KeyValueMapper                 : loaded 2 times (x 75B)
Class org.jetbrains.kotlin.resolve.jvm.KotlinJavaPsiFacade$KotlinPsiElementFinderWrapperImplDumbAware: loaded 2 times (x 82B)
Class org.jetbrains.kotlin.asJava.KotlinAsJavaSupport$Companion                       : loaded 2 times (x 71B)
Class [Lcom.intellij.lang.jvm.JvmAnnotation;                                          : loaded 2 times (x 69B)
Class com.intellij.psi.PsiQualifiedReference                                          : loaded 2 times (x 70B)
Class kotlinx.coroutines.CompletableJob                                               : loaded 2 times (x 70B)
Class org.jetbrains.kotlin.idea.KotlinFileType                                        : loaded 2 times (x 93B)
Class com.intellij.ide.plugins.NonShareableJavaZipFilePool                            : loaded 2 times (x 73B)
Class com.intellij.openapi.fileTypes.BinaryFileTypeDecompilers                        : loaded 2 times (x 90B)
Class com.intellij.util.messages.impl.MessagePublisher                                : loaded 2 times (x 77B)
Class com.intellij.platform.diagnostic.telemetry.TelemetryManager                     : loaded 2 times (x 70B)
Class com.intellij.util.ReflectionUtil                                                : loaded 2 times (x 71B)
Class com.intellij.openapi.extensions.ExtensionPointListener                          : loaded 2 times (x 70B)
Class com.intellij.openapi.util.Segment                                               : loaded 2 times (x 70B)
Class com.intellij.openapi.progress.ProgressManager                                   : loaded 2 times (x 93B)
Class org.jetbrains.kotlin.config.ApiVersion$Companion                                : loaded 2 times (x 71B)
Class com.android.tools.lint.ManualProject                                            : loaded 2 times (x 156B)
Class org.jetbrains.kotlin.cli.common.messages.PrintingMessageCollector               : loaded 2 times (x 80B)
Class com.intellij.psi.PsiJvmModifiersOwner                                           : loaded 2 times (x 70B)
Class com.intellij.psi.PsiDirectoryContainer                                          : loaded 2 times (x 70B)
Class [Lcom.google.gson.Strictness;                                                   : loaded 2 times (x 69B)
Class com.intellij.openapi.util.NotNullLazyValue$1                                    : loaded 2 times (x 78B)
Class kotlin.reflect.KType                                                            : loaded 2 times (x 70B)
Class kotlinx.coroutines.ChildHandle                                                  : loaded 2 times (x 70B)
Class build_2pq2rgw1ln5md5k2qqlcru6ds$_run_closure1                                   : loaded 2 times (x 139B)
Class com.google.common.io.Java8Compatibility                                         : loaded 2 times (x 71B)
Class org.jetbrains.kotlin.statistics.metrics.OrMetricContainer                       : loaded 2 times (x 80B)
Class com.google.common.collect.Sets$FilteredSet                                      : loaded 2 times (x 137B)
Class org.jetbrains.kotlin.gradle.tasks.AbstractKotlinCompile$friendPathsSet$1        : loaded 2 times (x 75B)
Class org.jetbrains.kotlin.build.report.metrics.BuildAttributes                       : loaded 2 times (x 72B)
Class org.jetbrains.kotlin.gradle.plugin.cocoapods.KotlinCocoapodsPlugin$Companion    : loaded 2 times (x 71B)
Class org.jetbrains.kotlin.gradle.plugin.mpp.compilationImpl.KotlinCompilationImpl    : loaded 2 times (x 140B)
Class [Lorg.jetbrains.kotlin.gradle.plugin.mpp.compilationImpl.factory.KotlinCompilationImplFactory$PostConfigure;: loaded 2 times (x 69B)
Class org.jetbrains.kotlin.konan.target.KonanTarget$MACOS_X64                         : loaded 2 times (x 78B)
Class org.jetbrains.kotlin.gradle.plugin.KotlinSourceSet$Companion                    : loaded 2 times (x 71B)
Class org.jetbrains.kotlin.konan.util.Named                                           : loaded 2 times (x 70B)
Class [Lorg.jetbrains.kotlin.gradle.report.BuildReportMode;                           : loaded 2 times (x 69B)
Class org.jetbrains.kotlin.statistics.metrics.BooleanOverridePolicy                   : loaded 2 times (x 85B)
Class org.jetbrains.kotlin.gradle.plugin.AbstractKotlinAndroidPluginWrapper           : loaded 2 times (x 86B)
Class org.gradle.internal.classloader.ClassLoaderSpec                                 : loaded 2 times (x 71B)
Class com.intellij.psi.scope.processor.ConflictFilterProcessor                        : loaded 2 times (x 92B)
Class [Lcom.intellij.psi.PsiType$Stub;                                                : loaded 2 times (x 69B)
Class com.intellij.lang.java.parser.JavaParserUtil$ParserWrapper                      : loaded 2 times (x 70B)
Class com.intellij.psi.PsiCaseLabelElement                                            : loaded 2 times (x 70B)
Class kotlinx.coroutines.DebugStringsKt                                               : loaded 2 times (x 71B)
Class org.codehaus.stax2.ri.typed.ValueDecoderFactory$BaseArrayDecoder                : loaded 2 times (x 77B)
Class com.intellij.lang.jvm.JvmField                                                  : loaded 2 times (x 70B)
Class com.intellij.psi.PsiDocCommentOwner                                             : loaded 2 times (x 70B)
Class com.fasterxml.aalto.in.InputBootstrapper                                        : loaded 2 times (x 84B)
Class kotlinx.collections.immutable.ImmutableSet                                      : loaded 2 times (x 70B)
Class [Lcom.intellij.lang.Language;                                                   : loaded 2 times (x 69B)
Class com.intellij.util.ConcurrentLongObjectHashMap$ReservationNode                   : loaded 2 times (x 77B)
Class com.intellij.openapi.extensions.impl.ImplementationClassResolver                : loaded 2 times (x 70B)
Class org.picocontainer.PicoContainer                                                 : loaded 2 times (x 70B)
Class org.codehaus.stax2.ri.typed.ValueDecoderFactory$QNameDecoder                    : loaded 2 times (x 85B)
Class com.intellij.ide.plugins.ModuleDependenciesDescriptor                           : loaded 2 times (x 72B)
Class com.intellij.openapi.vfs.VirtualFileSetFactory                                  : loaded 2 times (x 70B)
Class com.intellij.codeInsight.multiverse.CodeInsightContextManagerImpl$Companion     : loaded 2 times (x 71B)
Class com.android.tools.analytics.Environment                                         : loaded 2 times (x 73B)
Class com.google.common.collect.CollectCollectors$EnumSetAccumulator                  : loaded 2 times (x 72B)
Class com.android.ide.common.rendering.api.ResourceNamespace                          : loaded 2 times (x 80B)
Class it.unimi.dsi.fastutil.ints.IntArrays$ForkJoinQuickSortComp                      : loaded 2 times (x 96B)
Class kotlin.reflect.jvm.internal.ReflectProperties$Val$1                             : loaded 2 times (x 71B)
Class com.android.tools.lint.model.LintModelSerialization$LintModelSerializationFileAdapter: loaded 2 times (x 89B)
Class com.android.prefs.VariableType                                                  : loaded 2 times (x 79B)
Class org.jetbrains.kotlin.gradle.plugin.statistics.DaemonReuseCounter$Companion      : loaded 2 times (x 71B)
Class org.jetbrains.kotlin.gradle.tasks.DefaultKotlinJavaToolchain$DefaultJavaToolchainSetter: loaded 2 times (x 75B)
Class org.jetbrains.kotlin.build.report.metrics.BuildAttributeKind                    : loaded 2 times (x 79B)
Class org.jetbrains.kotlin.gradle.plugin.mpp.KotlinCompilationsKt$moduleNameForCompilation$1: loaded 2 times (x 75B)
Class org.jetbrains.kotlin.gradle.plugin.sources.KotlinDependencyScopeKt              : loaded 2 times (x 71B)
Class org.jetbrains.kotlin.gradle.plugin.diagnostics.TransformActionUsingKotlinToolingDiagnostics$Parameters: loaded 2 times (x 70B)
Class org.jetbrains.kotlin.compilerRunner.CompilerSystemPropertiesService$Companion$registerIfAbsent$2$1: loaded 2 times (x 79B)
Class org.jetbrains.kotlin.gradle.plugin.mpp.KotlinCompilationsKt$addSourcesToKotlinCompileTask$1: loaded 2 times (x 75B)
Class org.jetbrains.kotlin.gradle.internal.KotlinDependenciesManagementKt$configureDefaultVersionsResolutionStrategy$1$1: loaded 2 times (x 75B)
Class org.jetbrains.kotlin.gradle.utils.KotlinExtensionUtilsKt$forAllTargets$1        : loaded 2 times (x 95B)
Class org.jetbrains.kotlin.gradle.plugin.diagnostics.CheckKotlinGradlePluginConfigurationErrorsKt$locateOrRegisterCheckKotlinGradlePluginErrorsTask$taskProvider$1: loaded 2 times (x 75B)
Class org.jetbrains.kotlin.gradle.plugin.diagnostics.checkers.OverriddenKotlinNativeHomeChecker$StdlibExistenceCheckerValueSource$Params: loaded 2 times (x 70B)
Class org.jetbrains.kotlin.gradle.dsl.PlatformSourceSetConventionsChecker$nativeTargetPresets$1$1: loaded 2 times (x 79B)
Class org.jetbrains.kotlin.gradle.tooling.BuildKotlinToolingMetadataTaskKt$buildKotlinToolingMetadataTask$1: loaded 2 times (x 78B)
Class org.jetbrains.kotlin.gradle.internal.Kapt3GradleSubplugin$Companion             : loaded 2 times (x 71B)
Class org.jetbrains.kotlin.gradle.plugin.mpp.compilationImpl.KotlinCreateCompilationArchiveTaskKt$KotlinRegisterCompilationArchiveTasksExtension$1: loaded 2 times (x 74B)
Class [Lorg.jetbrains.kotlin.statistics.metrics.NumberOverridePolicy;                 : loaded 2 times (x 69B)
Class org.jetbrains.kotlin.gradle.internal.properties.PropertiesBuildService$GradleProperty: loaded 2 times (x 70B)
Class org.jetbrains.kotlin.gradle.utils.StoredPropertyKt$projectStoredProperty$1      : loaded 2 times (x 78B)
Class org.objectweb.asm.AnnotationWriter                                              : loaded 2 times (x 79B)
Class com.google.common.cache.CacheStats                                              : loaded 2 times (x 71B)
Class [Lit.unimi.dsi.fastutil.objects.AbstractObject2ObjectFunction;                  : loaded 2 times (x 69B)
Class org.jetbrains.kotlin.serialization.DescriptorSerializerPlugin                   : loaded 2 times (x 70B)
Class kotlinx.coroutines.internal.LockFreeLinkedListNode$CondAddOp                    : loaded 2 times (x 77B)
Class com.intellij.psi.PsiDirectory                                                   : loaded 2 times (x 70B)
Class kotlinx.coroutines.scheduling.CoroutineScheduler$Worker                         : loaded 2 times (x 110B)
Class com.intellij.psi.search.SearchScope                                             : loaded 2 times (x 77B)
Class com.fasterxml.aalto.in.ElementScope                                             : loaded 2 times (x 72B)
Class kotlinx.coroutines.CoroutineStart$WhenMappings                                  : loaded 2 times (x 71B)
Class com.intellij.util.containers.ConcurrentWeakHashMap                              : loaded 2 times (x 154B)
Class com.intellij.util.graph.InboundSemiGraph                                        : loaded 2 times (x 70B)
Class io.opentelemetry.api.trace.Tracer                                               : loaded 2 times (x 70B)
Class com.intellij.psi.stubs.CoreStubTreeLoader                                       : loaded 2 times (x 81B)
Class it.unimi.dsi.fastutil.doubles.Double2ObjectFunction                             : loaded 2 times (x 70B)
Class com.intellij.psi.impl.ElementBase                                               : loaded 2 times (x 104B)
Class com.intellij.psi.search.FileScope                                               : loaded 2 times (x 104B)
Class org.jetbrains.kotlin.cli.common.localfs.KotlinLocalFileSystem                   : loaded 2 times (x 103B)
Class com.intellij.util.ArrayUtil                                                     : loaded 2 times (x 71B)
Class com.intellij.openapi.util.ObjectNode                                            : loaded 2 times (x 72B)
Class org.jetbrains.kotlin.config.MavenComparableVersion$ListItem                     : loaded 2 times (x 218B)
Class com.intellij.psi.impl.PsiElementFactoryImpl                                     : loaded 2 times (x 261B)
Class com.intellij.psi.impl.IsConstantExpressionVisitor                               : loaded 2 times (x 208B)
Class com.intellij.openapi.vfs.impl.ArchiveHandler$1                                  : loaded 2 times (x 77B)
Class it.unimi.dsi.fastutil.objects.AbstractObject2IntMap                             : loaded 2 times (x 239B)
Class kotlin.time.DurationKt                                                          : loaded 2 times (x 71B)
Class kotlin.jdk7.AutoCloseableKt                                                     : loaded 2 times (x 71B)
Class com.android.resources.ResourceType                                              : loaded 2 times (x 79B)
Class com.intellij.util.containers.LinkedCustomHashMap$Entry                          : loaded 2 times (x 79B)
Class org.jetbrains.kotlin.gradle.internal.properties.PropertiesBuildService$IntGradleProperty: loaded 2 times (x 76B)
Class com.android.tools.lint.model.PathVariables                                      : loaded 2 times (x 72B)
Class com.google.common.collect.Interners                                             : loaded 2 times (x 71B)
Class [Lcom.google.common.base.Predicate;                                             : loaded 2 times (x 69B)
Class com.google.common.collect.ImmutableMultisetGwtSerializationDependencies         : loaded 2 times (x 125B)
Class org.jetbrains.kotlin.gradle.tasks.K2MultiplatformStructure$RefinesEdge          : loaded 2 times (x 72B)
Class org.jetbrains.kotlin.gradle.plugin.mpp.SyncLanguageSettingsWithKotlinExtensionSetupActionKt$SyncLanguageSettingsWithKotlinExtensionSetupAction$1$1: loaded 2 times (x 75B)
Class org.jetbrains.kotlin.gradle.tasks.configuration.TaskConfigAction$configureTask$1: loaded 2 times (x 79B)
Class com.google.common.collect.AbstractMapBasedMultimap$2                            : loaded 2 times (x 85B)
Class org.jetbrains.kotlin.gradle.plugin.diagnostics.checkers.DuplicateSourceSetChecker$runChecks$1: loaded 2 times (x 88B)
Class org.jetbrains.kotlin.gradle.plugin.diagnostics.ToolingDiagnostic$Severity       : loaded 2 times (x 79B)
Class org.jetbrains.kotlin.gradle.dsl.JvmTarget                                       : loaded 2 times (x 79B)
Class org.jetbrains.kotlin.gradle.internal.ClassLoadersCachingBuildService            : loaded 2 times (x 76B)
Class org.jetbrains.kotlin.gradle.plugin.VariantImplementationFactories$Inject        : loaded 2 times (x 106B)
Class org.jetbrains.kotlin.gradle.plugin.VariantImplementationFactoriesConfigurator$Companion: loaded 2 times (x 71B)
Class org.objectweb.asm.RecordComponentWriter                                         : loaded 2 times (x 78B)
Class com.google.common.util.concurrent.AbstractFuture$Listener                       : loaded 2 times (x 72B)
Class Settings_gradle$1$1                                                             : loaded 2 times (x 74B)
Class com.intellij.openapi.util.io.FileUtil                                           : loaded 2 times (x 71B)
Class org.jetbrains.kotlin.extensions.AnnotationBasedExtension                        : loaded 2 times (x 70B)
Class com.intellij.psi.PsiConstantEvaluationHelper                                    : loaded 2 times (x 74B)
Class com.intellij.util.keyFMap.PairElementsFMap                                      : loaded 2 times (x 82B)
Class com.intellij.core.CoreLanguageLevelProjectExtension                             : loaded 2 times (x 78B)
Class com.intellij.psi.scope.MethodProcessorSetupFailedException                      : loaded 2 times (x 82B)
Class kotlin.random.AbstractPlatformRandom                                            : loaded 2 times (x 87B)
Class org.jetbrains.kotlin.gradle.plugin.mpp.KotlinUsages$KotlinMetadataDisambiguation: loaded 2 times (x 76B)
Class com.intellij.lang.java.JavaParserDefinition                                     : loaded 2 times (x 95B)
Class kotlin.collections.AbstractSet$Companion                                        : loaded 2 times (x 71B)
Class com.intellij.platform.diagnostic.telemetry.PlatformScopesKt                     : loaded 2 times (x 71B)
Class com.intellij.openapi.vfs.pointers.VirtualFilePointerContainer                   : loaded 2 times (x 70B)
Class com.intellij.ide.plugins.DynamicPluginListener                                  : loaded 2 times (x 70B)
Class [Lorg.jetbrains.kotlin.utils.DescriptionAware;                                  : loaded 2 times (x 69B)
Class org.jetbrains.uast.visitor.UastVisitor                                          : loaded 2 times (x 70B)
Class org.jetbrains.kotlin.gradle.plugin.mpp.compilationImpl.KotlinCompilationSideEffect$Companion: loaded 2 times (x 71B)
Class [Lorg.objectweb.asm.Label;                                                      : loaded 2 times (x 69B)
Class org.jetbrains.kotlin.gradle.artifacts.KotlinNativeHostSpecificMetadataArtifactKt$KotlinNativeHostSpecificMetadataArtifact$1: loaded 2 times (x 74B)
Class com.android.ide.common.gradle.Version$Companion$ParseState                      : loaded 2 times (x 70B)
Class com.google.common.collect.ForwardingSet                                         : loaded 2 times (x 151B)
Class [Lorg.jetbrains.kotlin.compilerRunner.KotlinCompilerArgumentsLogLevel;          : loaded 2 times (x 69B)
Class org.jetbrains.kotlin.gradle.tasks.KotlinCompile_Decorated                       : loaded 2 times (x 610B)
Class org.jetbrains.kotlin.gradle.plugin.mpp.SyncLanguageSettingsWithKotlinExtensionSetupActionKt$SyncLanguageSettingsWithKotlinExtensionSetupAction$1$2: loaded 2 times (x 75B)
Class org.jetbrains.kotlin.gradle.plugin.internal.BuildIdService$Companion            : loaded 2 times (x 71B)
Class org.jetbrains.kotlin.gradle.plugin.diagnostics.checkers.OverriddenKotlinNativeHomeChecker$StdlibExistenceCheckerValueSource$Companion: loaded 2 times (x 71B)
Class org.jetbrains.kotlin.gradle.targets.js.dsl.KotlinWasmSubTargetContainerDsl      : loaded 2 times (x 70B)
Class org.jetbrains.kotlin.gradle.plugin.diagnostics.checkers.WasmWasiEnvironmentChecker$1: loaded 2 times (x 78B)
Class org.jetbrains.kotlin.gradle.plugin.diagnostics.checkers.DisabledCinteropCommonizationInHmppProjectChecker: loaded 2 times (x 74B)
Class org.jetbrains.kotlin.gradle.plugin.diagnostics.checkers.NoKotlinTargetsDeclaredChecker: loaded 2 times (x 74B)
Class org.jetbrains.kotlin.gradle.utils.StoredPropertyStorage                         : loaded 2 times (x 72B)
Class org.jetbrains.kotlin.gradle.plugin.KotlinSourceSetContainer                     : loaded 2 times (x 70B)
Class org.gradle.internal.classloader.VisitableURLClassLoader                         : loaded 2 times (x 117B)
Class org.jetbrains.kotlin.konan.target.KonanTarget$ANDROID_ARM64                     : loaded 2 times (x 78B)
Class com.intellij.openapi.util.io.FileUtil$1                                         : loaded 2 times (x 77B)
Class org.jetbrains.kotlin.storage.LockBasedStorageManager$ExceptionHandlingStrategy  : loaded 2 times (x 70B)
Class org.jetbrains.kotlin.types.DefaultTypeAttributeTranslator                       : loaded 2 times (x 75B)
Class com.intellij.psi.impl.source.JavaDummyHolderFactory                             : loaded 2 times (x 87B)
Class com.intellij.psi.search.AbstractFilesScope                                      : loaded 2 times (x 108B)
Class kotlinx.coroutines.flow.FlowCollector                                           : loaded 2 times (x 70B)
Class com.fasterxml.aalto.in.NsBinding                                                : loaded 2 times (x 72B)
Class org.codehaus.stax2.ri.typed.ValueDecoderFactory$FloatArrayDecoder               : loaded 2 times (x 78B)
Class com.intellij.psi.impl.ConstantExpressionEvaluator                               : loaded 2 times (x 70B)
Class com.intellij.lang.LighterASTNode                                                : loaded 2 times (x 70B)
Class org.jetbrains.kotlin.gradle.plugin.mpp.compilationImpl.KotlinCompilationFriendPathsResolver: loaded 2 times (x 70B)
Class com.intellij.util.messages.impl.BaseBusConnection                               : loaded 2 times (x 81B)
Class org.jetbrains.kotlin.gradle.tasks.configuration.AbstractKotlinCompileConfig$1   : loaded 2 times (x 79B)
Class it.unimi.dsi.fastutil.objects.Object2ObjectMap                                  : loaded 2 times (x 70B)
Class com.android.tools.lint.detector.api.ApiConstraint                               : loaded 2 times (x 93B)
Class org.jetbrains.kotlin.gradle.plugin.sources.KotlinDependencyScope                : loaded 2 times (x 79B)
Class [Lkotlin.DeprecationLevel;                                                      : loaded 2 times (x 69B)
Class it.unimi.dsi.fastutil.objects.Object2IntMap                                     : loaded 2 times (x 70B)
Class kotlin.sequences.GeneratorSequence                                              : loaded 2 times (x 75B)
Class kotlin.reflect.jvm.internal.KClassImpl                                          : loaded 2 times (x 115B)
Class com.android.ide.common.repository.AgpVersion$Companion                          : loaded 2 times (x 71B)
Class com.android.prefs.AbstractAndroidLocations                                      : loaded 2 times (x 82B)
Class org.jetbrains.kotlin.gradle.plugin.mpp.KotlinMetadataCompilation                : loaded 2 times (x 70B)
Class com.google.common.collect.ImmutableList$SerializedForm                          : loaded 2 times (x 73B)
Class org.jetbrains.kotlin.gradle.plugin.statistics.plugins.ObservablePlugins         : loaded 2 times (x 79B)
Class org.jetbrains.kotlin.gradle.plugin.sources.InternalKotlinSourceSetKt$awaitPlatformCompilations$1: loaded 2 times (x 88B)
Class [Lorg.jetbrains.kotlin.gradle.plugin.sources.KotlinDependencyScope;             : loaded 2 times (x 69B)
Class org.jetbrains.kotlin.gradle.tasks.configuration.BaseKotlinCompileConfig$configureCommonParameters$1: loaded 2 times (x 74B)
Class org.jetbrains.kotlin.gradle.plugin.mpp.compilationImpl.factory.ConfigurationNaming: loaded 2 times (x 70B)
Class org.jetbrains.kotlin.gradle.plugin.mpp.compilationImpl.DefaultKotlinCompilationPostConfigureKt: loaded 2 times (x 71B)
Class org.jetbrains.kotlin.konan.target.KonanTarget$WATCHOS_X64                       : loaded 2 times (x 78B)
Class org.jetbrains.kotlin.gradle.plugin.diagnostics.KotlinGradleProjectCheckersRunnerKt: loaded 2 times (x 71B)
Class [Lorg.jetbrains.kotlin.tooling.core.HasExtras;                                  : loaded 2 times (x 69B)
Class org.jetbrains.kotlin.gradle.plugin.diagnostics.checkers.IncorrectCompileOnlyDependenciesChecker: loaded 2 times (x 74B)
Class org.jetbrains.kotlin.gradle.plugin.diagnostics.checkers.WasmWasiEnvironmentChecker$2: loaded 2 times (x 78B)
Class org.jetbrains.kotlin.gradle.dsl.DefaultToolchainSupport$wireToolchainToTasks$1$1: loaded 2 times (x 75B)
Class org.jetbrains.kotlin.gradle.utils.SingleActionPerProject                        : loaded 2 times (x 73B)
Class org.jetbrains.kotlin.gradle.plugin.DefaultKotlinBasePlugin                      : loaded 2 times (x 82B)
Class org.gradle.internal.Cast                                                        : loaded 2 times (x 71B)
Class org.gradle.api.Action                                                           : loaded 2 times (x 70B)
Class org.jetbrains.kotlin.compiler.plugin.CompilerPluginRegistrar                    : loaded 2 times (x 73B)
Class kotlinx.coroutines.NodeList                                                     : loaded 2 times (x 79B)
Class kotlinx.coroutines.CompletedExceptionally                                       : loaded 2 times (x 72B)
Class kotlin.coroutines.AbstractCoroutineContextKey                                   : loaded 2 times (x 72B)
Class com.intellij.util.pico.CyclicDependencyException                                : loaded 2 times (x 82B)
Class com.intellij.psi.impl.source.CodeFragmentElement                                : loaded 2 times (x 281B)
Class com.intellij.util.pico.PicoIntrospectionException                               : loaded 2 times (x 82B)
Class org.jetbrains.kotlin.gradle.utils.FutureKt$future$1                             : loaded 2 times (x 95B)
Class com.android.tools.lint.detector.api.TextFormat                                  : loaded 2 times (x 79B)
Class org.jetbrains.kotlin.gradle.report.GradleBuildMetricsReporter                   : loaded 2 times (x 100B)
Class org.jetbrains.kotlin.gradle.tasks.KotlinCompile$androidLayoutResources$1        : loaded 2 times (x 74B)
Class com.android.tools.lint.UastEnvironment$Configuration$Companion                  : loaded 2 times (x 71B)
Class com.google.common.primitives.Longs$AsciiDigits                                  : loaded 2 times (x 71B)
Class com.google.common.collect.ImmutableListMultimap$Builder                         : loaded 2 times (x 86B)
Class com.android.tools.analytics.AnalyticsSettingsData$Companion                     : loaded 2 times (x 71B)
Class kotlin.properties.ReadWriteProperty                                             : loaded 2 times (x 70B)
Class com.android.tools.lint.model.DefaultLintModelAndroidArtifact                    : loaded 2 times (x 93B)
Class com.android.ide.common.resources.configuration.ResourceQualifier                : loaded 2 times (x 88B)
Class it.unimi.dsi.fastutil.ints.IntArrays$ArrayHashStrategy                          : loaded 2 times (x 75B)
Class kotlin.collections.AbstractMutableList                                          : loaded 2 times (x 206B)
Class kotlin.reflect.jvm.internal.impl.name.ClassId$Companion                         : loaded 2 times (x 71B)
Class com.android.ide.common.gradle.Version$Companion                                 : loaded 2 times (x 71B)
Class kotlin.jvm.internal.MutablePropertyReference2                                   : loaded 2 times (x 137B)
Class com.android.tools.lint.model.DefaultLintModelMavenName                          : loaded 2 times (x 87B)
Class org.jetbrains.kotlin.statistics.metrics.StatisticsValuesConsumer$DefaultImpls   : loaded 2 times (x 71B)
Class com.google.common.io.Resources                                                  : loaded 2 times (x 71B)
Class [Lorg.jetbrains.kotlin.gradle.plugin.mpp.KotlinUsageContext$MavenScope;         : loaded 2 times (x 69B)
Class org.jetbrains.kotlin.gradle.tasks.configuration.BaseKotlinCompileConfig$configureCommonParameters$2: loaded 2 times (x 75B)
Class org.jetbrains.kotlin.gradle.plugin.mpp.compilationImpl.KotlinCompilationCompilerOptionsFromTargetConfigurator: loaded 2 times (x 74B)
Class org.jetbrains.kotlin.gradle.utils.FailuresKt$ideaSyncClasspathModeUtil$1        : loaded 2 times (x 72B)
Class org.jetbrains.kotlin.gradle.plugin.diagnostics.KotlinToolingDiagnosticsCollector$Inject: loaded 2 times (x 96B)
Class org.jetbrains.kotlin.gradle.artifacts.KotlinJsKlibArtifactKt                    : loaded 2 times (x 71B)
Class org.jetbrains.kotlin.gradle.dsl.KotlinTargetContainerWithWasmPresetFunctions    : loaded 2 times (x 70B)
Class org.jetbrains.kotlin.gradle.plugin.GradleUtilsKt                                : loaded 2 times (x 71B)
Class org.jetbrains.kotlin.gradle.internal.properties.PropertiesBuildService          : loaded 2 times (x 76B)
Class org.objectweb.asm.Handler                                                       : loaded 2 times (x 72B)
Class com.google.common.base.Ticker                                                   : loaded 2 times (x 72B)
Class org.jetbrains.uast.kotlin.BaseKotlinUastResolveProviderService                  : loaded 2 times (x 70B)
Class com.intellij.util.containers.WeakInterner                                       : loaded 2 times (x 75B)
Class com.intellij.psi.impl.source.resolve.PsiResolveHelperImpl                       : loaded 2 times (x 111B)
Class com.intellij.psi.impl.file.PsiDirectoryFactory                                  : loaded 2 times (x 76B)
Class kotlinx.coroutines.flow.FlowKt__ShareKt                                         : loaded 2 times (x 71B)
Class org.codehaus.stax2.ri.typed.ValueDecoderFactory$DecoderBase                     : loaded 2 times (x 84B)
Class com.intellij.codeInsight.folding.impl.JavaFoldingBuilderBase                    : loaded 2 times (x 98B)
Class com.intellij.ide.highlighter.ArchiveFileType                                    : loaded 2 times (x 89B)
Class com.intellij.util.ConcurrentLongObjectHashMap$ValuesView                        : loaded 2 times (x 112B)
Class com.intellij.lang.impl.PsiBuilderFactoryImpl                                    : loaded 2 times (x 77B)
Class com.intellij.psi.impl.source.tree.LeafPsiElement                                : loaded 2 times (x 340B)
Class com.intellij.util.containers.UtilKt                                             : loaded 2 times (x 71B)
Class org.jetbrains.kotlin.config.JvmTarget                                           : loaded 2 times (x 83B)
Class kotlin.reflect.jvm.internal.ReflectProperties$Val                               : loaded 2 times (x 74B)
Class com.google.gson.stream.MalformedJsonException                                   : loaded 2 times (x 82B)
Class com.android.tools.lint.client.api.Configuration$Companion                       : loaded 2 times (x 71B)
Class [Lorg.jetbrains.kotlin.config.JvmTarget;                                        : loaded 2 times (x 69B)
Class org.jetbrains.kotlin.cli.jvm.compiler.KotlinCoreApplicationEnvironmentMode$UnitTest: loaded 2 times (x 71B)
Class [Lcom.android.tools.analytics.Environment$EnvironmentVariable;                  : loaded 2 times (x 69B)
Class kotlin.jvm.internal.markers.KMutableIterator                                    : loaded 2 times (x 70B)
Class kotlin.reflect.jvm.internal.KClassImpl$Data$$Lambda$10                          : loaded 2 times (x 76B)
Class kotlin.reflect.jvm.internal.KDeclarationContainerImpl$Data$$Lambda$0            : loaded 2 times (x 76B)
Class com.google.common.cache.RemovalCause$1                                          : loaded 2 times (x 80B)
Class com.google.common.collect.ImmutableSortedSet$Builder                            : loaded 2 times (x 86B)
Class org.jetbrains.kotlin.gradle.tasks.KotlinCompile$javaSources$1                   : loaded 2 times (x 75B)
Class org.jetbrains.kotlin.incremental.IncrementalCompilationFeatures                 : loaded 2 times (x 71B)
Class org.jetbrains.kotlin.gradle.plugin.KotlinTarget$DefaultImpls                    : loaded 2 times (x 71B)
Class org.jetbrains.kotlin.gradle.plugin.diagnostics.KotlinToolingDiagnosticsCollector: loaded 2 times (x 76B)
Class org.jetbrains.kotlin.gradle.plugin.mpp.compilationImpl.KotlinCreateCompilationArchiveTaskKt: loaded 2 times (x 71B)
Class org.jetbrains.kotlin.tooling.core.MutableExtrasImpl                             : loaded 2 times (x 165B)
Class org.jetbrains.kotlin.gradle.plugin.statistics.KotlinBuildStatsMXBean            : loaded 2 times (x 70B)
Class org.jetbrains.kotlin.gradle.utils.FileUtilsKt                                   : loaded 2 times (x 71B)
Class [Lcom.google.common.cache.LocalCache$Segment;                                   : loaded 2 times (x 69B)
Class [Lcom.google.common.cache.LocalCache$Strength;                                  : loaded 2 times (x 69B)
Class com.google.common.cache.CacheBuilder$1                                          : loaded 2 times (x 85B)
Class org.gradle.internal.classpath.DefaultClassPath$ImmutableUniqueList$Builder      : loaded 2 times (x 75B)
Class com.intellij.util.text.CharArrayExternalizable                                  : loaded 2 times (x 70B)
Class org.jetbrains.kotlin.extensions.internal.TypeResolutionInterceptorExtension     : loaded 2 times (x 70B)
Class com.intellij.psi.impl.file.impl.ClassicFileViewProviderCache                    : loaded 2 times (x 89B)
Class com.intellij.openapi.vfs.VirtualFileVisitor                                     : loaded 2 times (x 76B)
Class com.intellij.util.pico.PicoException                                            : loaded 2 times (x 82B)
Class com.intellij.openapi.extensions.impl.ExtensionsAreaImplKt                       : loaded 2 times (x 71B)
Class com.fasterxml.aalto.in.InputCharTypes                                           : loaded 2 times (x 72B)
Class kotlinx.coroutines.CoroutineStart                                               : loaded 2 times (x 79B)
Class kotlinx.coroutines.scheduling.UnlimitedIoScheduler                              : loaded 2 times (x 102B)
Class com.intellij.lang.jvm.JvmElement                                                : loaded 2 times (x 70B)
Class [Lcom.intellij.util.ConcurrentLongObjectHashMap$Node;                           : loaded 2 times (x 69B)
Class io.opentelemetry.api.trace.TracerProvider                                       : loaded 2 times (x 70B)
Class com.intellij.lang.ASTNode                                                       : loaded 2 times (x 70B)
Class com.intellij.openapi.editor.ex.PrioritizedDocumentListener                      : loaded 2 times (x 70B)
Class com.intellij.openapi.util.Disposer$CheckedDisposableImpl                        : loaded 2 times (x 79B)
Class org.picocontainer.ComponentAdapter                                              : loaded 2 times (x 70B)
Class com.intellij.util.pico.DefaultPicoContainer                                     : loaded 2 times (x 87B)
Class com.intellij.diagnostic.LoadingState                                            : loaded 2 times (x 79B)
Class com.intellij.navigation.NavigationItem                                          : loaded 2 times (x 70B)
Class com.android.tools.lint.client.api.ConfigurationHierarchy$Companion              : loaded 2 times (x 71B)
Class com.android.tools.lint.client.api.CircularDependencyException                   : loaded 2 times (x 86B)
Class com.intellij.openapi.application.AccessToken                                    : loaded 2 times (x 75B)
Class com.google.common.collect.RowSortedTable                                        : loaded 2 times (x 70B)
Class com.android.ide.common.resources.configuration.DensityQualifier                 : loaded 2 times (x 89B)
Class com.intellij.psi.presentation.java.PackagePresentationProvider                  : loaded 2 times (x 74B)
Class com.intellij.openapi.application.impl.ModalityStateEx                           : loaded 2 times (x 73B)
Class org.jetbrains.kotlin.utils.exceptions.KotlinExceptionWithAttachments            : loaded 2 times (x 70B)
Class kotlin.reflect.jvm.internal.KClassImpl$Data$$Lambda$11                          : loaded 2 times (x 76B)
Class kotlin.reflect.jvm.internal.KDeclarationContainerImpl$Data                      : loaded 2 times (x 72B)
Class [Lcom.android.prefs.LocationValue;                                              : loaded 2 times (x 69B)
Class com.google.common.cache.RemovalCause$2                                          : loaded 2 times (x 80B)
Class org.jetbrains.kotlin.gradle.plugin.mpp.KotlinCompilationFactory$DefaultImpls    : loaded 2 times (x 71B)
Class org.jetbrains.kotlin.gradle.plugin.diagnostics.checkers.InternalGradlePropertiesUsageChecker: loaded 2 times (x 74B)
Class org.jetbrains.kotlin.gradle.plugin.mpp.compilationImpl.CreateCInteropTasksSideEffectKt: loaded 2 times (x 71B)
Class org.jetbrains.kotlin.gradle.testing.internal.KotlinTestsRegistry$Companion      : loaded 2 times (x 71B)
Class org.jetbrains.kotlin.gradle.dsl.KotlinCommonCompilerToolOptions                 : loaded 2 times (x 70B)
Class org.jetbrains.kotlin.gradle.internal.properties.PropertiesBuildService$Companion$registerIfAbsent$1: loaded 2 times (x 75B)
Class org.jetbrains.kotlin.gradle.plugin.internal.DefaultConfigurationCacheStartParameterAccessorVariantFactory: loaded 2 times (x 76B)
Class com.google.common.cache.LocalCache                                              : loaded 2 times (x 187B)
Class com.google.common.cache.CacheBuilder$2                                          : loaded 2 times (x 79B)
Class org.jetbrains.kotlin.cli.jvm.compiler.MockExternalAnnotationsManager            : loaded 2 times (x 89B)
Class kotlinx.coroutines.JobCancellationException                                     : loaded 2 times (x 85B)
Class com.intellij.openapi.roots.FileIndexFacade                                      : loaded 2 times (x 86B)
Class org.codehaus.stax2.ri.typed.ValueDecoderFactory$DecimalDecoder                  : loaded 2 times (x 85B)
Class kotlinx.coroutines.CoroutineId                                                  : loaded 2 times (x 93B)
Class kotlinx.coroutines.EventLoopImplBase                                            : loaded 2 times (x 117B)
Class com.intellij.psi.JavaRecursiveElementWalkingVisitor                             : loaded 2 times (x 210B)
Class com.intellij.psi.PsiLocalVariable                                               : loaded 2 times (x 70B)
Class com.intellij.openapi.util.NotNullLazyValue                                      : loaded 2 times (x 78B)
Class com.intellij.codeInsight.JavaContainerProvider                                  : loaded 2 times (x 74B)
Class com.intellij.psi.PsiComment                                                     : loaded 2 times (x 70B)
Class com.intellij.openapi.diagnostic.ControlFlowException                            : loaded 2 times (x 70B)
Class it.unimi.dsi.fastutil.objects.AbstractObject2ObjectFunction                     : loaded 2 times (x 103B)
Class org.jetbrains.kotlin.config.LanguageVersion                                     : loaded 2 times (x 91B)
Class org.jetbrains.kotlin.psi.stubs.KotlinFileStub                                   : loaded 2 times (x 70B)
Class [Lcom.intellij.psi.ResolveResult;                                               : loaded 2 times (x 69B)
Class com.google.gson.TypeAdapter$1                                                   : loaded 2 times (x 74B)
Class it.unimi.dsi.fastutil.objects.AbstractObject2IntFunction                        : loaded 2 times (x 119B)
Class org.jetbrains.kotlin.resolve.extensions.SyntheticResolveExtension               : loaded 2 times (x 70B)
Class org.jetbrains.kotlin.resolve.jvm.KotlinJavaPsiFacade                            : loaded 2 times (x 86B)
Class kotlin.annotation.Target                                                        : loaded 2 times (x 70B)
Class kotlin.reflect.jvm.internal.impl.builtins.PrimitiveType$Companion               : loaded 2 times (x 71B)
Class kotlin.jvm.functions.Function4                                                  : loaded 2 times (x 70B)
Class kotlin.reflect.jvm.internal.KClassImpl$Data$$Lambda$12                          : loaded 2 times (x 76B)
Class kotlin.reflect.jvm.internal.KClassImpl$Data                                     : loaded 2 times (x 72B)
Class Build_gradle$inlined$sam$i$org_gradle_api_Action$0                              : loaded 2 times (x 75B)
Class com.google.common.cache.RemovalCause$3                                          : loaded 2 times (x 80B)
Class org.jetbrains.kotlin.build.report.metrics.BuildPerformanceMetrics$Companion     : loaded 2 times (x 71B)
Class org.jetbrains.kotlin.cli.common.arguments.K2JVMCompilerArguments                : loaded 2 times (x 76B)
Class org.jetbrains.kotlin.gradle.plugin.mpp.compilationImpl.DefaultKotlinCompilationSourceSetsContainer$source$1: loaded 2 times (x 79B)
Class org.jetbrains.kotlin.gradle.internal.KotlinTestDependencyManagementKt           : loaded 2 times (x 71B)
Class org.jetbrains.kotlin.konan.target.KonanTarget$ANDROID_X64                       : loaded 2 times (x 78B)
Class [Lorg.jetbrains.kotlin.gradle.plugin.sources.ConsistencyCheck;                  : loaded 2 times (x 69B)
Class org.jetbrains.kotlin.gradle.report.ReportingSettings                            : loaded 2 times (x 72B)
Class org.jetbrains.kotlin.statistics.metrics.StringAnonymizationPolicy$ComponentVersionAnonymizer: loaded 2 times (x 78B)
Class com.google.common.cache.CacheBuilder$3                                          : loaded 2 times (x 72B)
Class org.jetbrains.kotlin.gradle.plugin.KotlinBasePluginWrapper                      : loaded 2 times (x 86B)
Class org.gradle.api.GradleException                                                  : loaded 2 times (x 82B)
Class org.jetbrains.kotlin.analysis.decompiler.stub.file.DummyFileAttributeService    : loaded 2 times (x 85B)
Class org.jetbrains.kotlin.cli.jvm.modules.CliJavaModuleFinder$systemModules$1        : loaded 2 times (x 80B)
Class com.intellij.util.containers.ConcurrentSoftValueHashMap                         : loaded 2 times (x 149B)
Class com.intellij.psi.controlFlow.ControlFlowPolicy                                  : loaded 2 times (x 70B)
Class com.intellij.core.CoreJavaCodeStyleManager$1                                    : loaded 2 times (x 210B)
Class com.intellij.util.lang.JavaVersion                                              : loaded 2 times (x 74B)
Class kotlinx.coroutines.internal.ConcurrentLinkedListKt                              : loaded 2 times (x 71B)
Class org.jetbrains.kotlin.load.kotlin.KotlinBinaryClassCache$Companion               : loaded 2 times (x 71B)
Class com.fasterxml.aalto.util.DataUtil                                               : loaded 2 times (x 71B)
Class com.intellij.ide.plugins.DescriptorListLoadingContext                           : loaded 2 times (x 79B)
Class com.intellij.psi.PsiFragment                                                    : loaded 2 times (x 70B)
Class com.intellij.psi.PsiReferenceContributor                                        : loaded 2 times (x 72B)
Class com.intellij.util.messages.impl.MessageBusImpl$MessageHandlerHolder             : loaded 2 times (x 70B)
Class com.intellij.openapi.vfs.DeprecatedVirtualFileSystem                            : loaded 2 times (x 101B)
Class com.intellij.openapi.fileTypes.FileTypeRegistry                                 : loaded 2 times (x 81B)
Class com.intellij.core.CoreApplicationEnvironment$1                                  : loaded 2 times (x 449B)
Class com.intellij.openapi.extensions.ExtensionPointPriorityListener                  : loaded 2 times (x 70B)
Class org.jetbrains.kotlin.storage.MemoizedFunctionToNotNull                          : loaded 2 times (x 70B)
Class jdk.internal.jimage.ImageStrings                                                : loaded 2 times (x 70B)
Class com.intellij.util.containers.LinkedCustomHashMap$RemoveCallback                 : loaded 2 times (x 70B)
Class kotlin.annotation.Retention                                                     : loaded 2 times (x 70B)
Class kotlin.jvm.functions.Function5                                                  : loaded 2 times (x 70B)
Class kotlin.reflect.jvm.internal.KClassImpl$Data$$Lambda$13                          : loaded 2 times (x 76B)
Class org.gradle.api.internal.classpath.ManifestUtil                                  : loaded 2 times (x 71B)
Class com.android.ide.common.gradle.Version                                           : loaded 2 times (x 75B)
Class com.google.common.cache.RemovalCause$4                                          : loaded 2 times (x 80B)
Class org.jetbrains.kotlin.gradle.plugin.statistics.NonSynchronizedMetricsContainer$MetricDescriptor: loaded 2 times (x 75B)
Class org.apache.commons.io.StandardLineSeparator                                     : loaded 2 times (x 79B)
Class com.google.common.base.Suppliers$MemoizingSupplier                              : loaded 2 times (x 79B)
Class org.jetbrains.kotlin.gradle.plugin.diagnostics.KotlinToolingDiagnostics$JsEnvironmentNotChosenExplicitly: loaded 2 times (x 73B)
Class org.jetbrains.kotlin.gradle.plugin.ProjectLocalConfigurations$ProjectLocalCompatibility: loaded 2 times (x 76B)
Class org.jetbrains.kotlin.gradle.dsl.KotlinJvmCompilerOptions                        : loaded 2 times (x 70B)
Class org.jetbrains.kotlin.gradle.plugin.internal.DefaultProjectIsolationStartParameterAccessor$Factory: loaded 2 times (x 76B)
Class org.jetbrains.kotlin.cli.jvm.index.JavaRoot$RootTypes                           : loaded 2 times (x 71B)
Class org.jetbrains.kotlin.storage.NotNullLazyValue                                   : loaded 2 times (x 70B)
Class com.intellij.psi.PsiImportHolder                                                : loaded 2 times (x 70B)
Class com.intellij.core.CoreJavaCodeStyleManager$2                                    : loaded 2 times (x 73B)
Class org.jetbrains.kotlin.cli.jvm.compiler.KotlinCoreEnvironment$Companion$getOrCreateApplicationEnvironment$1$2: loaded 2 times (x 74B)
Class com.intellij.ide.plugins.IdeaPluginDescriptorImpl                               : loaded 2 times (x 131B)
Class com.fasterxml.aalto.in.ByteBasedPName                                           : loaded 2 times (x 83B)
Class com.fasterxml.aalto.in.StreamScanner                                            : loaded 2 times (x 148B)
Class kotlinx.coroutines.DefaultExecutorKt                                            : loaded 2 times (x 71B)
Class kotlinx.coroutines.Unconfined                                                   : loaded 2 times (x 99B)
Class kotlinx.coroutines.GlobalScope                                                  : loaded 2 times (x 74B)
Class com.intellij.util.xml.dom.XmlInterner                                           : loaded 2 times (x 70B)
Class com.intellij.psi.meta.MetaDataContributor                                       : loaded 2 times (x 70B)
Class com.intellij.psi.stubs.BinaryFileStubBuilder                                    : loaded 2 times (x 70B)
Class com.intellij.util.pico.TooManySatisfiableConstructorsException                  : loaded 2 times (x 82B)
Class com.intellij.psi.stubs.StubElementRegistryService                               : loaded 2 times (x 70B)
Class com.intellij.platform.diagnostic.telemetry.NoopTelemetryManager                 : loaded 2 times (x 86B)
Class com.intellij.openapi.vfs.impl.BulkVirtualFileListenerAdapter                    : loaded 2 times (x 78B)
Class com.intellij.util.containers.ConcurrentFactoryMap$2                             : loaded 2 times (x 149B)
Class com.intellij.mock.MockComponentManager$1                                        : loaded 2 times (x 87B)
Class com.intellij.ide.plugins.PluginEnabler$Headless                                 : loaded 2 times (x 70B)
Class it.unimi.dsi.fastutil.objects.Object2ObjectMap$FastEntrySet                     : loaded 2 times (x 70B)
Class com.google.common.util.concurrent.ExecutionError                                : loaded 2 times (x 82B)
Class org.jetbrains.kotlin.statistics.metrics.StringAnonymizationPolicy$AllowedListAnonymizer: loaded 2 times (x 79B)
Class org.jetbrains.kotlin.gradle.report.BuildReportType                              : loaded 2 times (x 79B)
Class com.intellij.util.containers.ContainerUtil                                      : loaded 2 times (x 71B)
Class com.android.ide.common.resources.ResourceItem                                   : loaded 2 times (x 70B)
Class org.jetbrains.kotlin.gradle.dsl.KotlinHierarchyDsl                              : loaded 2 times (x 70B)
Class kotlin.jvm.functions.Function6                                                  : loaded 2 times (x 70B)
Class kotlin.reflect.jvm.internal.KClassImpl$Data$$Lambda$14                          : loaded 2 times (x 76B)
Class kotlin.reflect.jvm.internal.KTypeParameterOwnerImpl                             : loaded 2 times (x 70B)
Class kotlin.io.FilesKt                                                               : loaded 2 times (x 71B)
Class com.google.common.cache.RemovalCause$5                                          : loaded 2 times (x 80B)
Class com.google.common.collect.Maps$AbstractFilteredMap                              : loaded 2 times (x 127B)
Class [Lcom.google.common.io.FileWriteMode;                                           : loaded 2 times (x 69B)
Class org.jetbrains.kotlin.buildtools.api.SourcesChanges                              : loaded 2 times (x 70B)
Class org.jetbrains.kotlin.gradle.plugin.KotlinPluginLifecycleImpl$launch$1           : loaded 2 times (x 79B)
Class org.jetbrains.kotlin.konan.target.HostManager$Companion$targetAliases$2         : loaded 2 times (x 78B)
Class org.jetbrains.kotlin.gradle.utils.Completable                                   : loaded 2 times (x 72B)
Class org.jetbrains.kotlin.gradle.plugin.DefaultKotlinBasePlugin$addKotlinCompilerConfiguration$2$1: loaded 2 times (x 75B)
Class org.jetbrains.kotlin.gradle.plugin.statistics.KotlinBuildStatsServicesRegistry$Companion: loaded 2 times (x 71B)
Class org.jetbrains.kotlin.gradle.plugin.internal.DefaultCompatibilityConventionRegistrar$Factory: loaded 2 times (x 76B)
Class com.android.tools.idea.gradle.dcl.lang.DeclarativeUastLanguagePlugin            : loaded 2 times (x 97B)
Class org.jetbrains.uast.evaluation.UEvaluatorExtension$Companion                     : loaded 2 times (x 71B)
Class org.jetbrains.kotlin.cli.jvm.index.JavaRoot                                     : loaded 2 times (x 72B)
Class org.jetbrains.kotlin.resolve.diagnostics.DiagnosticSuppressor$Companion         : loaded 2 times (x 72B)
Class com.intellij.psi.PsiType                                                        : loaded 2 times (x 105B)
Class kotlinx.coroutines.internal.Segment                                             : loaded 2 times (x 75B)
Class com.intellij.openapi.wm.ex.ProgressIndicatorEx                                  : loaded 2 times (x 70B)
Class com.intellij.util.containers.ConcurrentFactoryMap$3                             : loaded 2 times (x 149B)
Class com.fasterxml.aalto.util.TextBuilder                                            : loaded 2 times (x 72B)
Class kotlinx.coroutines.AbstractCoroutine                                            : loaded 2 times (x 143B)
Class org.jetbrains.kotlin.cli.jvm.compiler.IdeaExtensionPoints                       : loaded 2 times (x 71B)
Class com.intellij.psi.PsiElementVisitor                                              : loaded 2 times (x 81B)
Class com.intellij.openapi.editor.RangeMarker                                         : loaded 2 times (x 70B)
Class com.intellij.openapi.extensions.ExtensionPointName                              : loaded 2 times (x 72B)
Class com.intellij.openapi.fileTypes.PlainTextLanguage                                : loaded 2 times (x 107B)
Class org.jetbrains.kotlin.gradle.utils.MutableObservableSet                          : loaded 2 times (x 70B)
Class org.jetbrains.kotlin.gradle.plugin.mpp.compilationImpl.factory.KotlinCompilationImplFactory$KotlinCompilationSourceSetsContainerFactory: loaded 2 times (x 70B)
Class com.android.AndroidXConstants                                                   : loaded 2 times (x 71B)
Class kotlin.sequences.SequencesKt___SequencesKt$asIterable$$inlined$Iterable$1       : loaded 2 times (x 79B)
Class [Lkotlin.time.DurationUnit;                                                     : loaded 2 times (x 69B)
Class org.jetbrains.kotlin.gradle.report.UsesBuildMetricsService                      : loaded 2 times (x 70B)
Class kotlin.jvm.functions.Function7                                                  : loaded 2 times (x 70B)
Class kotlin.reflect.jvm.internal.impl.name.Name                                      : loaded 2 times (x 75B)
Class kotlin.reflect.jvm.internal.KClassImpl$Data$$Lambda$15                          : loaded 2 times (x 76B)
Class kotlin.reflect.jvm.internal.KPropertyImpl$Companion                             : loaded 2 times (x 71B)
Class com.android.tools.lint.model.DefaultLintModelSourceProvider                     : loaded 2 times (x 84B)
Class [Lcom.android.prefs.VariableType;                                               : loaded 2 times (x 69B)
Class org.jetbrains.kotlin.gradle.plugin.hierarchy.KotlinSourceSetTreeClassifierKt    : loaded 2 times (x 71B)
Class com.google.common.cache.LocalCache$HashIterator                                 : loaded 2 times (x 86B)
Class com.google.common.collect.MapMakerInternalMap$StrongKeyDummyValueSegment        : loaded 2 times (x 142B)
Class com.google.common.collect.Iterables$4                                           : loaded 2 times (x 81B)
Class org.jetbrains.kotlin.gradle.tasks.DefaultKotlinJavaToolchain$DefaultJdkSetter   : loaded 2 times (x 76B)
Class org.jetbrains.kotlin.cli.common.arguments.CommonCompilerArguments               : loaded 2 times (x 75B)
Class org.jetbrains.kotlin.gradle.plugin.diagnostics.checkers.IncorrectCompileOnlyDependenciesChecker$runChecks$1: loaded 2 times (x 88B)
Class org.jetbrains.kotlin.gradle.plugin.mpp.KotlinOnlyTarget                         : loaded 2 times (x 153B)
Class org.jetbrains.kotlin.gradle.targets.js.npm.BaseNpmDependencyExtension           : loaded 2 times (x 70B)
Class org.jetbrains.kotlin.gradle.dsl.KotlinVersion$Companion                         : loaded 2 times (x 71B)
Class org.jetbrains.kotlin.gradle.InternalKotlinGradlePluginApi                       : loaded 2 times (x 70B)
Class org.jetbrains.kotlin.gradle.dsl.DefaultToolchainSupport                         : loaded 2 times (x 76B)
Class org.jetbrains.kotlin.gradle.plugin.internal.CustomPropertiesFileValueSource     : loaded 2 times (x 82B)
Class com.google.common.cache.LocalCache$EntryFactory                                 : loaded 2 times (x 83B)
Class com.intellij.util.text.UnsyncCharArrayReader                                    : loaded 2 times (x 93B)
Class org.jetbrains.kotlin.extensions.StorageComponentContainerContributor$Companion  : loaded 2 times (x 72B)
Class com.intellij.psi.impl.source.JavaDummyHolder                                    : loaded 2 times (x 800B)
Class com.intellij.psi.PsiReferenceExpression                                         : loaded 2 times (x 70B)
Class kotlinx.coroutines.CancellableContinuation                                      : loaded 2 times (x 70B)
Class org.jetbrains.kotlin.parsing.KotlinCommonParserDefinition                       : loaded 2 times (x 95B)
Class com.google.common.collect.AbstractMapBasedMultimap$WrappedCollection            : loaded 2 times (x 124B)
Class com.intellij.util.lang.ZipFilePool                                              : loaded 2 times (x 73B)
Class com.intellij.psi.augment.PsiAugmentProvider                                     : loaded 2 times (x 83B)
Class com.intellij.openapi.util.registry.Registry$Companion$EMPTY_VALUE_LISTENER$1    : loaded 2 times (x 77B)
Class com.intellij.openapi.fileTypes.PlainTextLikeFileType                            : loaded 2 times (x 70B)
Class com.intellij.lang.Language$1                                                    : loaded 2 times (x 107B)
Class com.intellij.psi.stubs.UpToDateStubIndexMismatch                                : loaded 2 times (x 87B)
Class com.intellij.psi.impl.source.DummyHolderElement                                 : loaded 2 times (x 281B)
Class com.intellij.openapi.editor.impl.PersistentRangeMarker                          : loaded 2 times (x 161B)
Class com.intellij.openapi.extensions.BaseExtensionPointName                          : loaded 2 times (x 72B)
Class it.unimi.dsi.fastutil.objects.Reference2ObjectMap$FastEntrySet                  : loaded 2 times (x 70B)
Class [Lcom.google.common.cache.RemovalCause;                                         : loaded 2 times (x 69B)
Class build_6kj6w7rz7r4qf25kt25hkh4aq                                                 : loaded 2 times (x 180B)
Class com.android.utils.StdLogger$Level                                               : loaded 2 times (x 79B)
Class com.android.tools.lint.model.DefaultLintModelVariant$mainArtifact$2             : loaded 2 times (x 79B)
Class com.android.sdklib.IAndroidTarget                                               : loaded 2 times (x 70B)
Class [Lkotlin.annotation.AnnotationRetention;                                        : loaded 2 times (x 69B)
Class it.unimi.dsi.fastutil.ints.IntArrays$ForkJoinQuickSortIndirect                  : loaded 2 times (x 96B)
Class kotlin.jvm.functions.Function8                                                  : loaded 2 times (x 70B)
Class kotlin.reflect.jvm.internal.impl.name.FqNameUnsafe                              : loaded 2 times (x 72B)
Class kotlin.reflect.jvm.internal.KClassImpl$Data$$Lambda$16                          : loaded 2 times (x 76B)
Class [Lcom.android.ide.common.gradle.Separator;                                      : loaded 2 times (x 69B)
Class com.android.prefs.QueryResult                                                   : loaded 2 times (x 84B)
Class [Lcom.google.common.collect.MapMaker$Dummy;                                     : loaded 2 times (x 69B)
Class com.google.common.collect.Iterables$5                                           : loaded 2 times (x 81B)
Class com.google.common.reflect.TypeParameter                                         : loaded 2 times (x 72B)
Class com.google.common.collect.NullsLastOrdering                                     : loaded 2 times (x 115B)
Class org.jetbrains.kotlin.gradle.tasks.TaskOutputsBackup                             : loaded 2 times (x 72B)
Class org.jetbrains.kotlin.gradle.plugin.cocoapods.KotlinCocoapodsPlugin              : loaded 2 times (x 76B)
Class org.jetbrains.kotlin.gradle.internal.CompilerOptionsDslHelpersKt                : loaded 2 times (x 71B)
Class org.jetbrains.kotlin.gradle.internal.StdlibDependencyManagementKt$configureStdlibVersionAlignment$1$1: loaded 2 times (x 75B)
Class org.jetbrains.kotlin.gradle.dsl.KotlinProjectExtension$awaitSourceSets$1        : loaded 2 times (x 88B)
Class org.jetbrains.kotlin.gradle.plugin.KotlinPluginLifecycle$CoroutineStart         : loaded 2 times (x 79B)
Class org.jetbrains.kotlin.konan.target.Family                                        : loaded 2 times (x 79B)
Class org.jetbrains.kotlin.gradle.tasks.TasksProviderKt$sam$org_gradle_api_Action$0   : loaded 2 times (x 75B)
Class org.jetbrains.kotlin.gradle.tooling.BuildKotlinToolingMetadataTask$FromKotlinExtension: loaded 2 times (x 317B)
Class org.jetbrains.kotlin.gradle.utils.FailuresKt                                    : loaded 2 times (x 71B)
Class org.jetbrains.kotlin.gradle.targets.native.internal.CInteropConfigurationsKt$special$$inlined$KotlinTargetSideEffect$1: loaded 2 times (x 74B)
Class org.jetbrains.kotlin.gradle.internal.properties.NativePropertiesLoader$konanDataDirProperty$1: loaded 2 times (x 75B)
Class org.jetbrains.kotlin.gradle.plugin.statistics.BuildFusService$Parameters_Decorated: loaded 2 times (x 143B)
Class org.jetbrains.kotlin.gradle.internal.properties.PropertiesBuildService$Params$Inject: loaded 2 times (x 106B)
Class org.jetbrains.kotlin.tooling.core.HasMutableExtras                              : loaded 2 times (x 70B)
Class com.google.common.cache.LocalCache$AbstractReferenceEntry                       : loaded 2 times (x 107B)
Class org.gradle.internal.IoActions                                                   : loaded 2 times (x 71B)
Class org.jetbrains.kotlin.resolve.jvm.NotFoundPackagesCachingStrategy                : loaded 2 times (x 70B)
Class com.intellij.psi.scope.PsiScopeProcessor                                        : loaded 2 times (x 70B)
Class com.intellij.psi.impl.source.PsiClassReferenceType                              : loaded 2 times (x 131B)
Class [Lcom.intellij.psi.search.SearchScope;                                          : loaded 2 times (x 69B)
Class kotlinx.coroutines.CancellableContinuationKt                                    : loaded 2 times (x 71B)
Class com.intellij.openapi.vfs.InvalidVirtualFileAccessException                      : loaded 2 times (x 82B)
Class kotlin.jvm.internal.MutablePropertyReference1                                   : loaded 2 times (x 137B)
Class kotlinx.coroutines.scheduling.TaskContext                                       : loaded 2 times (x 70B)
Class com.intellij.util.containers.ConcurrentRefHashMap                               : loaded 2 times (x 154B)
Class com.intellij.util.ConcurrentLongObjectHashMap$CounterCell                       : loaded 2 times (x 71B)
Class com.intellij.lang.SyntaxTreeBuilder                                             : loaded 2 times (x 70B)
Class com.intellij.core.CoreEncodingRegistry                                          : loaded 2 times (x 85B)
Class it.unimi.dsi.fastutil.objects.AbstractObjectSet                                 : loaded 2 times (x 179B)
Class [Lorg.jetbrains.kotlin.platform.TargetPlatformVersion;                          : loaded 2 times (x 69B)
Class com.intellij.util.containers.ContainerUtil$KeyOrderedMultiMap                   : loaded 2 times (x 76B)
Class com.android.tools.lint.UastEnvironment$Configuration                            : loaded 2 times (x 70B)
Class kotlin.reflect.jvm.internal.KProperty0Impl$$Lambda$1                            : loaded 2 times (x 76B)
Class com.android.ide.common.blame.SourcePosition                                     : loaded 2 times (x 71B)
Class kotlin.annotation.MustBeDocumented                                              : loaded 2 times (x 70B)
Class com.intellij.openapi.diagnostic.DefaultLogger                                   : loaded 2 times (x 100B)
Class org.jetbrains.kotlin.utils.KotlinExceptionWithAttachments                       : loaded 2 times (x 94B)
Class kotlin.io.path.PathsKt__PathReadWriteKt                                         : loaded 2 times (x 71B)
Class [Lkotlin.reflect.jvm.internal.impl.name.ClassId;                                : loaded 2 times (x 69B)
Class kotlin.jvm.functions.Function10                                                 : loaded 2 times (x 70B)
Class kotlin.jvm.functions.Function9                                                  : loaded 2 times (x 70B)
Class kotlin.reflect.jvm.internal.KClassImpl$Data$$Lambda$17                          : loaded 2 times (x 76B)
Class kotlin.reflect.jvm.internal.KCallableImpl$$Lambda$0                             : loaded 2 times (x 76B)
Class [Lkotlin.reflect.KClassifier;                                                   : loaded 2 times (x 69B)
Class kotlin.reflect.jvm.internal.EmptyContainerForLocal                              : loaded 2 times (x 84B)
Class com.google.common.primitives.Longs                                              : loaded 2 times (x 71B)
Class org.jetbrains.kotlin.statistics.BuildSession                                    : loaded 2 times (x 72B)
Class org.jetbrains.kotlin.gradle.internal.Kapt3KotlinGradleSubpluginKt               : loaded 2 times (x 71B)
Class org.jetbrains.kotlin.gradle.dsl.KotlinJvmCompile                                : loaded 2 times (x 70B)
Class org.jetbrains.kotlin.konan.target.KonanTarget$LINUX_ARM32_HFP                   : loaded 2 times (x 78B)
Class org.jetbrains.kotlin.gradle.internal.Kapt3GradleSubplugin                       : loaded 2 times (x 83B)
Class org.jetbrains.kotlin.gradle.plugin.diagnostics.checkers.CInteropInputChecker    : loaded 2 times (x 74B)
Class org.jetbrains.kotlin.gradle.plugin.statistics.FinalizeConfigurationFusMetricActionKt$FinalizeConfigurationFusMetricAction$1: loaded 2 times (x 95B)
Class org.jetbrains.kotlin.gradle.internal.KotlinDependenciesManagementKt$CustomizeKotlinDependenciesSetupAction$1: loaded 2 times (x 74B)
Class org.jetbrains.kotlin.gradle.plugin.KotlinGradlePluginExtensionPointInternal$registeredExtensions$2: loaded 2 times (x 78B)
Class org.jetbrains.kotlin.statistics.metrics.BooleanOverridePolicy$OR                : loaded 2 times (x 85B)
Class org.jetbrains.kotlin.gradle.plugin.UsesVariantImplementationFactories           : loaded 2 times (x 70B)
Class org.objectweb.asm.SymbolTable                                                   : loaded 2 times (x 72B)
Class com.google.common.cache.CacheLoader$InvalidCacheLoadException                   : loaded 2 times (x 82B)
Class org.gradle.internal.classloader.SystemClassLoaderSpec                           : loaded 2 times (x 71B)
Class org.jetbrains.kotlin.load.java.structure.JavaClassifier                         : loaded 2 times (x 70B)
Class com.intellij.psi.impl.JavaPsiFacadeEx                                           : loaded 2 times (x 88B)
Class kotlinx.coroutines.flow.ReadonlySharedFlow                                      : loaded 2 times (x 84B)
Class kotlinx.coroutines.internal.LockFreeLinkedListNode                              : loaded 2 times (x 75B)
Class com.intellij.openapi.diagnostic.Attachment                                      : loaded 2 times (x 72B)
Class com.fasterxml.aalto.in.PNameC                                                   : loaded 2 times (x 79B)
Class com.fasterxml.aalto.stax.StreamReaderImpl                                       : loaded 2 times (x 218B)
Class com.intellij.openapi.util.registry.EarlyAccessRegistryManager                   : loaded 2 times (x 71B)
Class kotlin.coroutines.CoroutineContext$DefaultImpls                                 : loaded 2 times (x 71B)
Class com.intellij.util.Function                                                      : loaded 2 times (x 70B)
Class com.intellij.util.containers.FreezableArrayList                                 : loaded 2 times (x 211B)
Class kotlinx.collections.immutable.implementations.immutableSet.TrieNode$Companion   : loaded 2 times (x 71B)
Class com.intellij.ide.highlighter.JavaClassFileType                                  : loaded 2 times (x 83B)
Class com.intellij.openapi.vfs.local.CoreLocalFileSystem                              : loaded 2 times (x 103B)
Class [Lcom.intellij.openapi.util.Key;                                                : loaded 2 times (x 69B)
Class com.intellij.openapi.diagnostic.ExceptionWithAttachments                        : loaded 2 times (x 70B)
Class com.android.tools.lint.Reporter                                                 : loaded 2 times (x 74B)
Class com.intellij.openapi.editor.impl.DocumentImpl$PersistentRangeMarkerTree         : loaded 2 times (x 153B)
Class com.intellij.psi.NavigatablePsiElement                                          : loaded 2 times (x 70B)
Class kotlin.jvm.internal.PropertyReference0Impl                                      : loaded 2 times (x 127B)
Class kotlin.jvm.functions.Function11                                                 : loaded 2 times (x 70B)
Class kotlin.reflect.jvm.internal.KCallableImpl$$Lambda$1                             : loaded 2 times (x 76B)
Class kotlin.text.MatcherMatchResult$groups$1                                         : loaded 2 times (x 151B)
Class com.google.common.collect.FluentIterable                                        : loaded 2 times (x 81B)
Class org.jetbrains.kotlin.gradle.tasks.CacheableTasksKt$cacheOnlyIfEnabledForKotlin$1$1: loaded 2 times (x 74B)
Class org.jetbrains.kotlin.gradle.tasks.configuration.BaseKotlinCompileConfig$1$1     : loaded 2 times (x 75B)
Class org.jetbrains.kotlin.gradle.plugin.mpp.compilationImpl.factory.KotlinCompilationImplFactory$PostConfigure: loaded 2 times (x 70B)
Class org.jetbrains.kotlin.gradle.utils.KotlinExtensionUtilsKt                        : loaded 2 times (x 71B)
Class [Lorg.jetbrains.kotlin.konan.util.Named;                                        : loaded 2 times (x 69B)
Class org.jetbrains.kotlin.gradle.plugin.diagnostics.checkers.NoKotlinTargetsDeclaredChecker$runChecks$1: loaded 2 times (x 88B)
Class org.jetbrains.kotlin.gradle.plugin.mpp.AbstractKotlinTarget$kotlinComponents$2  : loaded 2 times (x 79B)
Class org.jetbrains.kotlin.gradle.plugin.KotlinPlatformType$CompatibilityRule         : loaded 2 times (x 76B)
Class org.jetbrains.kotlin.gradle.internal.properties.NativePropertiesLoader$actualNativeHomeDirectory$1: loaded 2 times (x 75B)
Class org.jetbrains.kotlin.gradle.internal.properties.NativePropertiesKt              : loaded 2 times (x 71B)
Class org.jetbrains.kotlin.gradle.plugin.BuildEventsListenerRegistryHolder            : loaded 2 times (x 72B)
Class [Lorg.jetbrains.kotlin.statistics.metrics.BooleanOverridePolicy;                : loaded 2 times (x 69B)
Class org.jetbrains.kotlin.gradle.plugin.internal.CustomPropertiesFileValueSource$Parameters$Inject: loaded 2 times (x 106B)
Class com.google.common.cache.LocalCache$StrongEntry                                  : loaded 2 times (x 108B)
Class com.google.common.util.concurrent.AbstractFuture$TrustedFuture                  : loaded 2 times (x 114B)
Class com.google.common.cache.LoadingCache                                            : loaded 2 times (x 70B)
Class [Lcom.intellij.lang.jvm.types.JvmPrimitiveTypeKind;                             : loaded 2 times (x 69B)
Class kotlinx.coroutines.Active                                                       : loaded 2 times (x 71B)
Class kotlinx.coroutines.flow.internal.ChannelFlowTransformLatest$flowCollect$3       : loaded 2 times (x 95B)
Class com.intellij.psi.PsiFileFactory                                                 : loaded 2 times (x 82B)
Class com.intellij.psi.compiled.ClassFileDecompilers                                  : loaded 2 times (x 72B)
Class com.intellij.openapi.util.registry.Registry                                     : loaded 2 times (x 72B)
Class com.intellij.core.JavaCoreApplicationEnvironment$1                              : loaded 2 times (x 98B)
Class org.picocontainer.MutablePicoContainer                                          : loaded 2 times (x 70B)
Class com.intellij.lang.folding.LanguageFolding                                       : loaded 2 times (x 96B)
Class com.intellij.openapi.diagnostic.Logger$DefaultFactory                           : loaded 2 times (x 74B)
Class com.intellij.ide.plugins.XmlReader                                              : loaded 2 times (x 71B)
Class org.codehaus.stax2.XMLStreamLocation2                                           : loaded 2 times (x 70B)
Class [Lcom.intellij.openapi.util.LowMemoryWatcher$LowMemoryWatcherType;              : loaded 2 times (x 69B)
Class jdk.internal.jrtfs.JrtFileSystem                                                : loaded 2 times (x 102B)
Class kotlinx.coroutines.flow.CancellableFlow                                         : loaded 2 times (x 70B)
Class kotlin.sequences.TakeWhileSequence                                              : loaded 2 times (x 75B)
Class kotlinx.coroutines.flow.internal.AbstractSharedFlow                             : loaded 2 times (x 74B)
Class com.intellij.util.containers.SoftHashMap                                        : loaded 2 times (x 127B)
Class it.unimi.dsi.fastutil.BidirectionalIterator                                     : loaded 2 times (x 70B)
Class kotlin.jvm.functions.Function12                                                 : loaded 2 times (x 70B)
Class kotlin.reflect.jvm.internal.KCallableImpl$$Lambda$2                             : loaded 2 times (x 76B)
Class com.android.tools.lint.model.DefaultLintModelModule                             : loaded 2 times (x 98B)
Class org.jetbrains.kotlin.extensions.internal.CallResolutionInterceptorExtension     : loaded 2 times (x 70B)
Class org.jetbrains.kotlin.statistics.metrics.ConcatMetricContainer                   : loaded 2 times (x 77B)
Class com.google.common.base.Suppliers$NonSerializableMemoizingSupplier               : loaded 2 times (x 79B)
Class org.jetbrains.kotlin.gradle.tasks.GradleCompileTaskProvider                     : loaded 2 times (x 72B)
Class org.jetbrains.kotlin.gradle.plugin.mpp.KotlinTargetSoftwareComponentImplKt$KotlinTargetSoftwareComponent$1: loaded 2 times (x 95B)
Class org.jetbrains.kotlin.gradle.tasks.configuration.BaseKotlinCompileConfig$registerBuildToolsApiTransformations$1: loaded 2 times (x 75B)
Class org.jetbrains.kotlin.gradle.plugin.internal.BuildIdService                      : loaded 2 times (x 76B)
Class org.jetbrains.kotlin.gradle.plugin.mpp.compilationImpl.factory.KotlinCompilationDependencyConfigurationsFactoriesKt: loaded 2 times (x 71B)
Class org.jetbrains.kotlin.gradle.plugin.mpp.compilationImpl.DefaultKotlinCompilationFriendPathsResolver: loaded 2 times (x 75B)
Class org.jetbrains.kotlin.gradle.plugin.diagnostics.checkers.WasmSourceSetsNotFoundChecker$runChecks$1: loaded 2 times (x 88B)
Class org.jetbrains.kotlin.konan.target.KonanTarget$IOS_SIMULATOR_ARM64               : loaded 2 times (x 78B)
Class org.jetbrains.kotlin.gradle.plugin.mpp.compilationImpl.KotlinCreateCompilationArchiveTaskKt$KotlinCreateCompilationArchivesTask$1: loaded 2 times (x 74B)
Class org.jetbrains.kotlin.gradle.dsl.KotlinVersion                                   : loaded 2 times (x 79B)
Class org.jetbrains.kotlin.gradle.internal.properties.NativePropertiesLoader$actualNativeHomeDirectory$2: loaded 2 times (x 74B)
Class org.jetbrains.kotlin.gradle.utils.StoredPropertyKt                              : loaded 2 times (x 71B)
Class [Lcom.google.common.cache.Weigher;                                              : loaded 2 times (x 69B)
Class org.jetbrains.kotlin.cli.jvm.compiler.JavaLanguageLevelKt$EntriesMappings       : loaded 2 times (x 71B)
Class [Lit.unimi.dsi.fastutil.objects.Object2ObjectFunction;                          : loaded 2 times (x 69B)
Class org.jetbrains.kotlin.resolve.extensions.ExtraImportsProviderExtension           : loaded 2 times (x 70B)
Class com.intellij.util.containers.ConcurrentSoftKeySoftValueHashMap                  : loaded 2 times (x 149B)
Class com.intellij.psi.PsiAnnotation                                                  : loaded 2 times (x 70B)
Class [Lcom.intellij.psi.search.GlobalSearchScope;                                    : loaded 2 times (x 69B)
Class com.intellij.openapi.project.DumbService$DumbModeListener                       : loaded 2 times (x 70B)
Class com.fasterxml.aalto.in.ByteSourceBootstrapper                                   : loaded 2 times (x 85B)
Class kotlinx.coroutines.internal.LockFreeTaskQueueCore$Companion                     : loaded 2 times (x 71B)
Class org.jetbrains.kotlin.load.java.structure.JavaTypeParameterListOwner             : loaded 2 times (x 70B)
Class com.intellij.psi.PsiJavaToken                                                   : loaded 2 times (x 70B)
Class kotlinx.collections.immutable.implementations.immutableSet.TrieNodeIterator     : loaded 2 times (x 72B)
Class kotlinx.collections.immutable.PersistentSet                                     : loaded 2 times (x 70B)
Class com.intellij.psi.PsiLanguageInjectionHost                                       : loaded 2 times (x 70B)
Class com.intellij.psi.tree.IElementType                                              : loaded 2 times (x 75B)
Class com.intellij.openapi.vfs.pointers.VirtualFilePointer                            : loaded 2 times (x 70B)
Class com.intellij.util.messages.Topic                                                : loaded 2 times (x 76B)
Class com.intellij.psi.impl.LanguageConstantExpressionEvaluator                       : loaded 2 times (x 96B)
Class com.intellij.openapi.diagnostic.LogLevel                                        : loaded 2 times (x 79B)
Class org.gradle.internal.classloader.ClassLoaderHierarchy                            : loaded 2 times (x 70B)
Class org.jetbrains.kotlin.gradle.plugin.internal.ConfigurationCacheStartParameterAccessorKt: loaded 2 times (x 71B)
Class org.jetbrains.kotlin.gradle.plugin.KotlinPlatformType$Companion                 : loaded 2 times (x 71B)
Class com.android.tools.analytics.Environment$EnvironmentVariable                     : loaded 2 times (x 79B)
Class kotlin.sequences.SequenceBuilderIterator                                        : loaded 2 times (x 85B)
Class kotlin.jvm.functions.Function13                                                 : loaded 2 times (x 70B)
Class kotlin.reflect.jvm.internal.KCallableImpl$$Lambda$3                             : loaded 2 times (x 76B)
Class com.android.ide.common.gradle.Version$Companion$ParseState$EMPTY                : loaded 2 times (x 74B)
Class com.google.common.collect.ImmutableMultimap$1                                   : loaded 2 times (x 82B)
Class com.google.common.collect.AbstractMapBasedMultimap$RandomAccessWrappedList      : loaded 2 times (x 205B)
Class org.jetbrains.kotlin.gradle.plugin.sources.KotlinDependencyScope$Companion      : loaded 2 times (x 71B)
Class org.jetbrains.kotlin.gradle.tasks.configuration.BaseKotlinCompileConfig$registerBuildToolsApiTransformations$2: loaded 2 times (x 75B)
Class org.jetbrains.kotlin.gradle.tasks.KotlinJvmCompile                              : loaded 2 times (x 70B)
Class org.jetbrains.kotlin.gradle.plugin.mpp.compilationImpl.KotlinCompilationSourceSetsContainerKt: loaded 2 times (x 71B)
Class org.jetbrains.kotlin.gradle.plugin.KotlinPluginLifecycleKt$launchInStage$1      : loaded 2 times (x 95B)
Class org.jetbrains.kotlin.gradle.targets.NativeForwardImplementationToApiElementsSideEffectKt: loaded 2 times (x 71B)
Class org.jetbrains.kotlin.gradle.internal.properties.NativePropertiesLoader$actualNativeHomeDirectory$3: loaded 2 times (x 75B)
Class org.jetbrains.kotlin.gradle.report.BuildReportMode                              : loaded 2 times (x 79B)
Class org.jetbrains.kotlin.statistics.metrics.StringAnonymizationPolicy$RegexControlled: loaded 2 times (x 79B)
Class org.jetbrains.kotlin.statistics.ValueAnonymizer                                 : loaded 2 times (x 70B)
Class org.jetbrains.kotlin.gradle.plugin.VariantImplementationFactories$Companion$getProvider$2$1$1: loaded 2 times (x 75B)
Class org.jetbrains.kotlin.gradle.plugin.internal.ProjectIsolationStartParameterAccessor$Factory: loaded 2 times (x 70B)
Class org.jetbrains.kotlin.storage.LockBasedStorageManager                            : loaded 2 times (x 108B)
Class org.jetbrains.kotlin.resolve.jvm.KotlinJavaPsiFacade$1                          : loaded 2 times (x 78B)
Class com.intellij.psi.util.ParameterizedCachedValue                                  : loaded 2 times (x 70B)
Class com.intellij.psi.impl.source.resolve.ResolveCache$1                             : loaded 2 times (x 78B)
Class com.intellij.ide.plugins.ImmutableZipFileDataLoader                             : loaded 2 times (x 79B)
Class com.intellij.psi.impl.compiled.ClsCustomNavigationPolicy                        : loaded 2 times (x 70B)
Class com.intellij.psi.PsiSubstitutorFactory                                          : loaded 2 times (x 74B)
Class org.jetbrains.kotlin.gradle.plugin.KotlinPlatformType$DisambiguationRule        : loaded 2 times (x 76B)
Class com.intellij.lang.LanguageUtil                                                  : loaded 2 times (x 71B)
Class [Lcom.intellij.util.ConcurrentLongObjectHashMap$CounterCell;                    : loaded 2 times (x 69B)
Class com.intellij.openapi.editor.Document                                            : loaded 2 times (x 70B)
Class com.intellij.openapi.vfs.impl.jar.CoreJarHandler                                : loaded 2 times (x 88B)
Class com.intellij.openapi.util.ObjectNode$NodeChildren                               : loaded 2 times (x 70B)
Class org.jetbrains.kotlin.gradle.targets.native.KotilnNativeConfigureBinariesSideEffectKt: loaded 2 times (x 71B)
Class org.jetbrains.kotlin.gradle.plugin.diagnostics.checkers.MissingNativeStdlibChecker: loaded 2 times (x 74B)
Class org.jetbrains.kotlin.gradle.targets.js.npm.NpmDependencyExtensionKt$defaultNpmDependencyDelegate$1: loaded 2 times (x 167B)
Class kotlin.jvm.functions.Function14                                                 : loaded 2 times (x 70B)
Class kotlin.reflect.jvm.internal.KCallableImpl$$Lambda$4                             : loaded 2 times (x 76B)
Class com.android.ide.common.repository.AgpVersion$Companion$WhenMappings             : loaded 2 times (x 71B)
Class build_cm61picavwdormi08xns8gu7l$_run_closure1                                   : loaded 2 times (x 139B)
Class org.jetbrains.kotlin.gradle.plugin.statistics.KotlinBuildStatsLoggerService$reportBuildFinished$1: loaded 2 times (x 79B)
Class com.google.common.collect.AbstractIterator$State                                : loaded 2 times (x 79B)
Class com.google.common.collect.ImmutableMultimap$2                                   : loaded 2 times (x 81B)
Class org.jetbrains.kotlin.gradle.tasks.KotlinCompile$disableMultiModuleIC$2$1        : loaded 2 times (x 75B)
Class org.jetbrains.kotlin.gradle.tasks.DefaultKotlinJavaToolchain$javaExecutable$1   : loaded 2 times (x 75B)
Class org.jetbrains.kotlin.build.report.metrics.BuildAttribute                        : loaded 2 times (x 79B)
Class org.jetbrains.kotlin.gradle.internal.transforms.BuildToolsApiClasspathEntrySnapshotTransform$Inject1: loaded 2 times (x 113B)
Class org.jetbrains.kotlin.gradle.plugin.mpp.compilationImpl.KotlinCompilationRegisterInSourceSetsConfigurator: loaded 2 times (x 74B)
Class org.jetbrains.kotlin.gradle.plugin.mpp.compilationImpl.factory.DefaultKotlinCompilationTaskNamesContainerFactory: loaded 2 times (x 74B)
Class org.jetbrains.kotlin.gradle.targets.native.internal.CommonizerTasksKt           : loaded 2 times (x 71B)
Class [Lorg.jetbrains.kotlin.gradle.targets.js.npm.NpmDependency$Scope;               : loaded 2 times (x 69B)
Class org.jetbrains.kotlin.gradle.plugin.KotlinCompilerPluginSupportPlugin            : loaded 2 times (x 70B)
Class org.jetbrains.kotlin.gradle.plugin.mpp.AbstractKotlinTarget$components$2        : loaded 2 times (x 79B)
Class org.jetbrains.kotlin.gradle.plugin.mpp.KotlinUsages$setupAttributesMatchingStrategy$1: loaded 2 times (x 74B)
Class org.jetbrains.kotlin.gradle.utils.AndroidPluginIdsKt                            : loaded 2 times (x 71B)
Class com.google.common.cache.LocalCache$ValueReference                               : loaded 2 times (x 70B)
Class org.jetbrains.kotlin.gradle.plugin.KotlinBasePlugin                             : loaded 2 times (x 70B)
Class org.jetbrains.kotlin.cli.common.localfs.KotlinLocalVirtualFile                  : loaded 2 times (x 154B)
Class org.jetbrains.kotlin.resolve.jvm.KotlinJavaPsiFacade$2                          : loaded 2 times (x 77B)
Class com.intellij.openapi.util.NotNullLazyKey                                        : loaded 2 times (x 77B)
Class com.intellij.util.containers.ConcurrentWeakKeySoftValueHashMap                  : loaded 2 times (x 149B)
Class com.intellij.psi.scope.processor.MethodCandidatesProcessor                      : loaded 2 times (x 114B)
Class com.intellij.openapi.project.DumbUtil                                           : loaded 2 times (x 70B)
Class org.jetbrains.kotlin.gradle.plugin.KotlinPluginLifecycleImpl$launch$coroutine$1 : loaded 2 times (x 76B)
Class com.intellij.openapi.extensions.ExtensionPointAndAreaListener                   : loaded 2 times (x 70B)
Class org.jetbrains.kotlin.gradle.internal.KotlinDomApiDependencyManagementKt         : loaded 2 times (x 71B)
Class com.intellij.codeInsight.folding.CodeFoldingSettings                            : loaded 2 times (x 71B)
Class com.intellij.ide.plugins.DisabledPluginsState$Companion                         : loaded 2 times (x 71B)
Class org.jetbrains.kotlin.gradle.tasks.CInteropProcess                               : loaded 2 times (x 347B)
Class org.jetbrains.kotlin.platform.TargetPlatformKt                                  : loaded 2 times (x 71B)
Class org.jetbrains.kotlin.platform.SimplePlatform                                    : loaded 2 times (x 75B)
Class com.android.tools.lint.client.api.LintClient$Companion                          : loaded 2 times (x 71B)
Class it.unimi.dsi.fastutil.ints.AbstractInt2ObjectMap                                : loaded 2 times (x 215B)
Class com.intellij.util.containers.MultiMap                                           : loaded 2 times (x 76B)
Class org.jetbrains.kotlin.gradle.plugin.mpp.KotlinVariantWithCoordinates             : loaded 2 times (x 108B)
Class com.google.common.collect.SortedSetMultimap                                     : loaded 2 times (x 70B)
Class com.google.common.io.FileWriteMode                                              : loaded 2 times (x 79B)
Class kotlin.collections.ArrayDeque$Companion                                         : loaded 2 times (x 71B)
Class com.google.common.cache.LocalCache$ValueIterator                                : loaded 2 times (x 86B)
Class it.unimi.dsi.fastutil.ints.IntArrays$Segment                                    : loaded 2 times (x 71B)
Class it.unimi.dsi.fastutil.ints.IntBidirectionalIterator                             : loaded 2 times (x 70B)
Class kotlin.jvm.functions.Function15                                                 : loaded 2 times (x 70B)
Class kotlin.reflect.jvm.internal.KCallableImpl$$Lambda$5                             : loaded 2 times (x 76B)
Class kotlin.io.FilesKt__FileTreeWalkKt                                               : loaded 2 times (x 71B)
Class com.android.tools.lint.model.LintModelAndroidLibrary                            : loaded 2 times (x 70B)
Class org.jetbrains.kotlin.gradle.tasks.internal.KotlinJvmOptionsCompat               : loaded 2 times (x 101B)
Class org.jetbrains.kotlin.cli.common.arguments.CommonToolArguments                   : loaded 2 times (x 73B)
Class org.jetbrains.kotlin.gradle.utils.FutureKt                                      : loaded 2 times (x 71B)
Class org.jetbrains.kotlin.gradle.logging.GradleLoggingUtilsKt                        : loaded 2 times (x 71B)
Class com.google.common.util.concurrent.AbstractFuture$Failure                        : loaded 2 times (x 72B)
Class org.jetbrains.kotlin.gradle.plugin.KotlinAndroidPluginWrapper                   : loaded 2 times (x 86B)
Class [Lcom.intellij.openapi.util.io.FileAttributes$CaseSensitivity;                  : loaded 2 times (x 69B)
Class com.intellij.openapi.vfs.VirtualFileWithAssignedFileType                        : loaded 2 times (x 70B)
Class kotlinx.coroutines.flow.FlowKt__MergeKt                                         : loaded 2 times (x 71B)
Class kotlinx.coroutines.BuildersKt__Builders_commonKt                                : loaded 2 times (x 71B)
Class kotlinx.coroutines.CoroutineName$Key                                            : loaded 2 times (x 71B)
Class kotlin.jvm.internal.MutablePropertyReference0                                   : loaded 2 times (x 137B)
Class com.intellij.openapi.command.CommandEvent                                       : loaded 2 times (x 82B)
Class com.intellij.psi.PsiReferenceServiceImpl                                        : loaded 2 times (x 73B)
Class com.intellij.openapi.vfs.VirtualFileEvent                                       : loaded 2 times (x 82B)
Class com.intellij.serviceContainer.AlreadyDisposedException                          : loaded 2 times (x 82B)
Class com.intellij.util.concurrency.SynchronizedClearableLazy                         : loaded 2 times (x 75B)
Class kotlin.reflect.jvm.internal.impl.builtins.CompanionObjectMapping                : loaded 2 times (x 71B)
Class it.unimi.dsi.fastutil.Stack                                                     : loaded 2 times (x 70B)
Class kotlin.reflect.jvm.internal.KProperty0Impl$$Lambda$0                            : loaded 2 times (x 76B)
Class com.android.ide.common.resources.DataFile                                       : loaded 2 times (x 83B)
Class jdk.internal.jimage.BasicImageReader                                            : loaded 2 times (x 95B)
Class com.google.gson.stream.JsonReader                                               : loaded 2 times (x 97B)
Class org.jetbrains.kotlin.config.CompilerConfigurationKey                            : loaded 2 times (x 72B)
Class it.unimi.dsi.fastutil.objects.Reference2ObjectMap                               : loaded 2 times (x 70B)
Class kotlin.reflect.jvm.internal.KProperty0Impl                                      : loaded 2 times (x 128B)
Class kotlin.jvm.functions.Function16                                                 : loaded 2 times (x 70B)
Class kotlin.reflect.jvm.internal.CacheByClassKt                                      : loaded 2 times (x 71B)
Class [Lorg.apache.commons.io.file.DeleteOption;                                      : loaded 2 times (x 69B)
Class com.google.common.collect.ImmutableSetMultimap                                  : loaded 2 times (x 180B)
Class com.google.common.io.CharSink                                                   : loaded 2 times (x 79B)
Class com.google.common.collect.ByFunctionOrdering                                    : loaded 2 times (x 115B)
Class org.jetbrains.kotlin.compilerRunner.GradleCompilerRunner$Companion              : loaded 2 times (x 71B)
Class [Lorg.jetbrains.kotlin.gradle.dsl.PlatformSourceSetConventionsChecker$CheckedPlatformInfo;: loaded 2 times (x 69B)
Class org.jetbrains.kotlin.gradle.plugin.diagnostics.KotlinGradleProjectCheckerContext: loaded 2 times (x 72B)
Class org.jetbrains.kotlin.gradle.plugin.diagnostics.checkers.DuplicateSourceSetChecker: loaded 2 times (x 74B)
Class org.jetbrains.kotlin.gradle.plugin.diagnostics.ToolingDiagnosticFactory         : loaded 2 times (x 73B)
Class org.jetbrains.kotlin.gradle.targets.KotlinTargetSideEffect                      : loaded 2 times (x 70B)
Class org.jetbrains.kotlin.gradle.plugin.DefaultKotlinBasePlugin$setupAttributeMatchingStrategy$1$1: loaded 2 times (x 79B)
Class org.jetbrains.kotlin.statistics.metrics.NumericalMetrics$Companion              : loaded 2 times (x 71B)
Class [Lorg.jetbrains.kotlin.statistics.metrics.NumberAnonymizationPolicy;            : loaded 2 times (x 69B)
Class org.jetbrains.kotlin.statistics.metrics.NumberOverridePolicy$OVERRIDE           : loaded 2 times (x 85B)
Class org.jetbrains.kotlin.gradle.internal.properties.PropertiesBuildService$property$1: loaded 2 times (x 79B)
Class org.objectweb.asm.CurrentFrame                                                  : loaded 2 times (x 73B)
Class org.objectweb.asm.ClassTooLargeException                                        : loaded 2 times (x 83B)
Class [Lit.unimi.dsi.fastutil.Function;                                               : loaded 2 times (x 69B)
Class com.intellij.util.io.UnsyncByteArrayInputStream                                 : loaded 2 times (x 93B)
Class [Lcom.intellij.lang.jvm.JvmModifiersOwner;                                      : loaded 2 times (x 69B)
Class com.intellij.util.containers.FastUtilHashingStrategies                          : loaded 2 times (x 71B)
Class com.intellij.lang.jvm.types.JvmType                                             : loaded 2 times (x 70B)
Class com.intellij.mock.MockDumbService                                               : loaded 2 times (x 95B)
Class kotlinx.coroutines.flow.SharedFlow                                              : loaded 2 times (x 70B)
Class com.intellij.pom.java.InternalPersistentJavaLanguageLevelReaderService$DefaultImpl: loaded 2 times (x 74B)
Class org.jetbrains.kotlin.load.kotlin.KotlinBinaryClassCache$cache$1                 : loaded 2 times (x 83B)
Class com.fasterxml.aalto.in.FixedNsContext                                           : loaded 2 times (x 77B)
Class com.intellij.lexer.DelegateLexer                                                : loaded 2 times (x 84B)
Class com.intellij.psi.impl.source.tree.java.PsiFragmentImpl                          : loaded 2 times (x 627B)
Class com.intellij.util.pico.CachingConstructorInjectionComponentAdapter              : loaded 2 times (x 77B)
Class com.intellij.util.messages.MessageBusConnection                                 : loaded 2 times (x 70B)
Class org.jetbrains.kotlin.config.MavenComparableVersion$Item                         : loaded 2 times (x 70B)
Class com.intellij.openapi.vfs.VirtualFilePropertyEvent                               : loaded 2 times (x 85B)
Class com.intellij.openapi.util.Condition                                             : loaded 2 times (x 70B)
Class com.intellij.psi.impl.source.CharTableImpl                                      : loaded 2 times (x 76B)
Class com.intellij.ide.plugins.ReadModuleContext                                      : loaded 2 times (x 70B)
Class kotlinx.coroutines.BuildersKt                                                   : loaded 2 times (x 71B)
Class kotlinx.coroutines.CoroutineContextKt$hasCopyableElements$1                     : loaded 2 times (x 78B)
Class kotlinx.coroutines.internal.ThreadContextKt                                     : loaded 2 times (x 71B)
Class kotlinx.coroutines.CoroutineScopeKt                                             : loaded 2 times (x 71B)
Class kotlin.InitializedLazyImpl                                                      : loaded 2 times (x 76B)
Class kotlinx.coroutines.internal.ScopeCoroutine                                      : loaded 2 times (x 147B)
Class com.intellij.psi.impl.PsiDocumentManagerBase                                    : loaded 2 times (x 137B)
Class com.intellij.psi.search.NotScope                                                : loaded 2 times (x 105B)
Class kotlin.jvm.functions.Function17                                                 : loaded 2 times (x 70B)
Class com.android.ide.common.gradle.Version$Companion$ParseState$NUMERIC              : loaded 2 times (x 74B)
Class com.android.ide.common.repository.AgpVersion$PreviewKind                        : loaded 2 times (x 79B)
Class [Lcom.android.tools.lint.model.LintModelModuleType;                             : loaded 2 times (x 69B)
Class com.android.tools.lint.model.LintModelSerialization$LintModelSerializationFileAdapter$WhenMappings: loaded 2 times (x 71B)
Class org.jetbrains.kotlin.gradle.tasks.configuration.AbstractKotlinCompileConfig$2$2$1: loaded 2 times (x 75B)
Class org.jetbrains.kotlin.build.report.metrics.BuildAttributes$Companion             : loaded 2 times (x 71B)
Class org.jetbrains.kotlin.gradle.tasks.KotlinCompilationTask                         : loaded 2 times (x 70B)
Class org.jetbrains.kotlin.gradle.plugin.mpp.compilationImpl.factory.KotlinCompilationImplFactory$ProcessResourcesTaskNameFactory: loaded 2 times (x 70B)
Class org.jetbrains.kotlin.gradle.internal.properties.PropertiesBuildService$property$2: loaded 2 times (x 79B)
Class org.jetbrains.kotlin.gradle.internal.KotlinDependenciesManagementKt             : loaded 2 times (x 71B)
Class org.jetbrains.kotlin.gradle.plugin.DefaultKotlinBasePlugin$setupAttributeMatchingStrategy$1$2: loaded 2 times (x 79B)
Class org.jetbrains.kotlin.gradle.plugin.statistics.KotlinBuildStatsLoggerService     : loaded 2 times (x 72B)
Class org.jetbrains.kotlin.gradle.plugin.internal.CustomPropertiesFileValueSource$Inject: loaded 2 times (x 113B)
Class org.objectweb.asm.Frame                                                         : loaded 2 times (x 73B)
Class com.google.common.cache.LocalCache$EntryFactory$1                               : loaded 2 times (x 83B)
Class [Lcom.google.common.cache.RemovalListener;                                      : loaded 2 times (x 69B)
Class com.intellij.openapi.vfs.impl.ZipEntryMap                                       : loaded 2 times (x 123B)
Class kotlinx.coroutines.flow.FlowKt__ChannelsKt$emitAllInternal$1                    : loaded 2 times (x 88B)
Class com.intellij.psi.PsiTreeChangeEvent                                             : loaded 2 times (x 85B)
Class com.intellij.util.CachedValuesFactory                                           : loaded 2 times (x 70B)
Class kotlinx.coroutines.scheduling.TaskContextImpl                                   : loaded 2 times (x 75B)
Class com.intellij.util.graph.GraphAlgorithms                                         : loaded 2 times (x 82B)
Class com.intellij.openapi.util.text.StringUtil                                       : loaded 2 times (x 71B)
Class com.intellij.psi.impl.source.tree.LazyParseableElement                          : loaded 2 times (x 238B)
Class com.intellij.openapi.editor.impl.RangeMarkerTree                                : loaded 2 times (x 153B)
Class com.intellij.openapi.editor.event.DocumentListener                              : loaded 2 times (x 70B)
Class com.intellij.psi.impl.PsiElementFactoryImpl$1                                   : loaded 2 times (x 78B)
Class com.intellij.core.CoreJavaCodeStyleManager$1CancelException                     : loaded 2 times (x 82B)
Class com.intellij.openapi.extensions.AreaInstance                                    : loaded 2 times (x 70B)
Class org.jetbrains.kotlin.codegen.extensions.ClassBuilderInterceptorExtension        : loaded 2 times (x 70B)
Class org.jetbrains.kotlin.resolve.jvm.extensions.AnalysisHandlerExtension$Companion  : loaded 2 times (x 72B)
Class kotlin.jvm.functions.Function18                                                 : loaded 2 times (x 70B)
Class kotlin.reflect.jvm.internal.CachesKt                                            : loaded 2 times (x 71B)
Class org.jetbrains.kotlin.gradle.plugin.mpp.InternalKotlinTargetKt$special$$inlined$extrasStoredFuture$1: loaded 2 times (x 79B)
Class org.jetbrains.kotlin.tooling.core.ExtrasProperty                                : loaded 2 times (x 70B)
Class org.jetbrains.kotlin.compilerRunner.UsesCompilerSystemPropertiesService         : loaded 2 times (x 70B)
Class org.jetbrains.kotlin.gradle.plugin.mpp.compilationImpl.KotlinCompilationSourceSetInclusion$Companion: loaded 2 times (x 71B)
Class org.jetbrains.kotlin.konan.target.KonanTarget$WATCHOS_DEVICE_ARM64              : loaded 2 times (x 78B)
Class org.jetbrains.kotlin.gradle.plugin.diagnostics.checkers.MissingNativeStdlibChecker$runChecks$1: loaded 2 times (x 88B)
Class [Lorg.jetbrains.kotlin.gradle.plugin.sources.android.AndroidVariantType;        : loaded 2 times (x 69B)
Class org.jetbrains.kotlin.gradle.plugin.sources.android.AndroidVariantType           : loaded 2 times (x 79B)
Class org.jetbrains.kotlin.gradle.plugin.mpp.KotlinTargetSoftwareComponent            : loaded 2 times (x 89B)
Class org.jetbrains.kotlin.gradle.plugin.mpp.KotlinVariant                            : loaded 2 times (x 101B)
Class org.jetbrains.kotlin.gradle.targets.native.ConfigureFrameworkExportSideEffectKt : loaded 2 times (x 71B)
Class org.jetbrains.kotlin.gradle.utils.WhenPluginEnabledKt                           : loaded 2 times (x 71B)
Class org.jetbrains.kotlin.gradle.plugin.VariantImplementationFactories               : loaded 2 times (x 75B)
Class com.google.common.cache.LocalCache$EntryFactory$2                               : loaded 2 times (x 83B)
Class org.gradle.api.internal.classpath.GlobalCacheRootsProvider                      : loaded 2 times (x 70B)
Class org.jetbrains.kotlin.analysis.api.platform.KotlinOptionalPlatformComponent      : loaded 2 times (x 70B)
Class com.intellij.psi.controlFlow.ControlFlowFactory$1                               : loaded 2 times (x 78B)
Class com.intellij.psi.impl.source.resolve.JavaResolveCache                           : loaded 2 times (x 74B)
Class com.intellij.psi.PsiPrimitiveType                                               : loaded 2 times (x 110B)
Class com.intellij.psi.JVMElementFactory                                              : loaded 2 times (x 70B)
Class com.intellij.testFramework.LightVirtualFile                                     : loaded 2 times (x 172B)
Class com.intellij.openapi.roots.PackageIndex                                         : loaded 2 times (x 75B)
Class com.intellij.ide.plugins.KotlinK2ModeCompatibilityCheckerKt                     : loaded 2 times (x 71B)
Class kotlinx.coroutines.internal.SoftLimitedParallelism                              : loaded 2 times (x 70B)
Class com.intellij.psi.search.searches.ExtensibleQueryFactory                         : loaded 2 times (x 77B)
Class com.intellij.openapi.extensions.SortingException                                : loaded 2 times (x 82B)
Class com.intellij.openapi.progress.ProgressIndicator                                 : loaded 2 times (x 70B)
Class com.intellij.psi.impl.source.CharTableImpl$StringHashToCharSequencesMap         : loaded 2 times (x 222B)
Class com.intellij.psi.impl.source.tree.TreeElement                                   : loaded 2 times (x 211B)
Class com.intellij.util.KeyedLazyInstance                                             : loaded 2 times (x 70B)
Class com.intellij.util.messages.MessageBusFactory                                    : loaded 2 times (x 72B)
Class org.jetbrains.kotlin.types.extensions.TypeAttributeTranslators                  : loaded 2 times (x 72B)
Class org.jetbrains.kotlin.analyzer.CompilationErrorException                         : loaded 2 times (x 82B)
Class org.jetbrains.kotlin.load.kotlin.VirtualFileFinder                              : loaded 2 times (x 90B)
Class org.gradle.internal.classloader.FilteringClassLoader                            : loaded 2 times (x 105B)
Class org.jetbrains.kotlin.gradle.plugin.KotlinGradleBuildServices$Inject             : loaded 2 times (x 100B)
Class kotlin.reflect.KMutableProperty$Setter                                          : loaded 2 times (x 70B)
Class it.unimi.dsi.fastutil.ints.IntArrays$ForkJoinQuickSort                          : loaded 2 times (x 96B)
Class kotlin.jvm.functions.Function19                                                 : loaded 2 times (x 70B)
Class com.android.prefs.Global                                                        : loaded 2 times (x 80B)
Class com.google.common.collect.Multimaps                                             : loaded 2 times (x 71B)
Class org.jetbrains.kotlin.tooling.core.Extras$Entry$Companion                        : loaded 2 times (x 71B)
Class org.jetbrains.kotlin.gradle.targets.js.dsl.KotlinWasmWasiTargetDsl              : loaded 2 times (x 70B)
Class org.jetbrains.kotlin.gradle.plugin.diagnostics.checkers.DisabledNativeTargetsChecker: loaded 2 times (x 74B)
Class org.jetbrains.kotlin.gradle.plugin.mpp.compilationImpl.KotlinCreateSourcesJarTaskSideEffectKt$KotlinCreateSourcesJarTaskSideEffect$1: loaded 2 times (x 74B)
Class org.jetbrains.kotlin.gradle.internal.CompilerArgumentAware                      : loaded 2 times (x 70B)
Class org.jetbrains.kotlin.gradle.utils.ReportUtilsKt                                 : loaded 2 times (x 71B)
Class org.jetbrains.kotlin.gradle.utils.StoredLazyProperty                            : loaded 2 times (x 75B)
Class org.objectweb.asm.ModuleWriter                                                  : loaded 2 times (x 82B)
Class com.google.common.cache.LocalCache$EntryFactory$3                               : loaded 2 times (x 83B)
Class com.google.common.base.Ticker$1                                                 : loaded 2 times (x 72B)
Class org.jetbrains.uast.evaluation.UEvaluatorExtension                               : loaded 2 times (x 70B)
Class org.jetbrains.kotlin.cli.jvm.compiler.JavaLanguageLevelKt                       : loaded 2 times (x 71B)
Class org.jetbrains.kotlin.resolve.diagnostics.DiagnosticSuppressor                   : loaded 2 times (x 70B)
Class com.intellij.psi.controlFlow.ControlFlow                                        : loaded 2 times (x 70B)
Class [Lcom.intellij.pom.java.LanguageLevel;                                          : loaded 2 times (x 69B)
Class kotlinx.coroutines.channels.BufferedChannel                                     : loaded 2 times (x 126B)
Class com.intellij.testFramework.LightVirtualFileBase                                 : loaded 2 times (x 165B)
Class com.intellij.openapi.util.Factory                                               : loaded 2 times (x 70B)
Class com.intellij.openapi.project.DumbService$Companion                              : loaded 2 times (x 71B)
Class org.jetbrains.kotlin.cli.common.PropertiesKt                                    : loaded 2 times (x 71B)
Class kotlinx.coroutines.Incomplete                                                   : loaded 2 times (x 70B)
Class com.intellij.util.graph.OutboundSemiGraph                                       : loaded 2 times (x 70B)
Class com.intellij.openapi.command.impl.CoreCommandProcessor$1                        : loaded 2 times (x 86B)
Class com.intellij.psi.stubs.ObjectStubTree                                           : loaded 2 times (x 79B)
Class com.intellij.psi.impl.source.resolve.reference.ReferenceProvidersRegistryImpl$2 : loaded 2 times (x 75B)
Class com.intellij.codeInsight.multiverse.MultiverseEnabler                           : loaded 2 times (x 70B)
Class com.android.tools.lint.detector.api.ApiConstraint$SdkApiConstraint$Companion    : loaded 2 times (x 71B)
Class org.jetbrains.kotlin.gradle.utils.Completable$await$1                           : loaded 2 times (x 88B)
Class org.jetbrains.kotlin.compilerRunner.CompilerSystemPropertiesService$Companion   : loaded 2 times (x 71B)
Class org.jetbrains.kotlin.statistics.AnonymizerUtilsKt                               : loaded 2 times (x 71B)
Class [Lcom.android.tools.analytics.Environment$SystemProperty;                       : loaded 2 times (x 69B)
Class com.android.tools.analytics.AnalyticsSettings                                   : loaded 2 times (x 71B)
Class [Lkotlin.jvm.functions.Function1;                                               : loaded 2 times (x 69B)
Class Native_plugin_loader_gradle$NativePluginLoader                                  : loaded 2 times (x 72B)
Class com.google.common.collect.CollectSpliterators$1                                 : loaded 2 times (x 90B)
Class org.jetbrains.kotlin.gradle.tasks.K2MultiplatformStructure_Decorated            : loaded 2 times (x 135B)
Class org.jetbrains.kotlin.compilerRunner.GradleCompilerRunner                        : loaded 2 times (x 73B)
Class com.google.common.collect.SetMultimap                                           : loaded 2 times (x 70B)
Class org.jetbrains.kotlin.gradle.dsl.AndroidMainSourceSetConventionsChecker$runChecks$1: loaded 2 times (x 88B)
Class org.jetbrains.kotlin.gradle.plugin.sources.FragmentConsistencyChecks            : loaded 2 times (x 72B)
Class org.jetbrains.kotlin.gradle.plugin.mpp.InternalKotlinTargetComponent            : loaded 2 times (x 93B)
Class org.jetbrains.kotlin.gradle.targets.CreateDefaultTestRunSideEffectKt$special$$inlined$KotlinTargetSideEffect$1: loaded 2 times (x 74B)
Class org.jetbrains.kotlin.gradle.utils.ProviderApiUtilsKt                            : loaded 2 times (x 71B)
Class org.jetbrains.kotlin.gradle.internal.properties.NativePropertiesLoader$forceDisableRunningInProcess$1: loaded 2 times (x 75B)
Class org.jetbrains.kotlin.gradle.utils.PersistentCachesKt                            : loaded 2 times (x 71B)
Class org.jetbrains.kotlin.gradle.internal.tasks.TaskWithLocalState                   : loaded 2 times (x 70B)
Class org.jetbrains.kotlin.gradle.plugin.statistics.KotlinBuildStatisticsUtilsKt      : loaded 2 times (x 71B)
Class org.jetbrains.kotlin.statistics.metrics.BooleanMetrics                          : loaded 2 times (x 80B)
Class org.jetbrains.kotlin.gradle.internal.properties.PropertiesBuildService$Params   : loaded 2 times (x 70B)
Class com.google.common.cache.LocalCache$EntryFactory$4                               : loaded 2 times (x 83B)
Class org.jetbrains.kotlin.analysis.api.standalone.base.declarations.KotlinFakeClsStubsCache: loaded 2 times (x 72B)
Class org.jetbrains.kotlin.resolve.extensions.SyntheticResolveExtension$Companion     : loaded 2 times (x 72B)
Class com.intellij.psi.JvmPsiConversionHelper                                         : loaded 2 times (x 70B)
Class com.intellij.psi.codeStyle.JavaCodeStyleManager                                 : loaded 2 times (x 99B)
Class com.intellij.psi.PsiJavaParserFacade                                            : loaded 2 times (x 70B)
Class com.intellij.psi.SmartPointerManager                                            : loaded 2 times (x 77B)
Class kotlinx.coroutines.flow.internal.FusibleFlow$DefaultImpls                       : loaded 2 times (x 71B)
Class kotlinx.coroutines.flow.SharedFlowImpl                                          : loaded 2 times (x 104B)
Class com.intellij.psi.impl.source.resolve.ResolveCache                               : loaded 2 times (x 84B)
Class kotlinx.coroutines.CoroutineName                                                : loaded 2 times (x 89B)
Class com.google.common.io.LineReader                                                 : loaded 2 times (x 72B)
Class org.codehaus.stax2.ri.typed.ValueDecoderFactory$DoubleDecoder                   : loaded 2 times (x 84B)
Class kotlinx.coroutines.AbstractTimeSourceKt                                         : loaded 2 times (x 71B)
Class com.intellij.openapi.util.registry.RegistryValueListener                        : loaded 2 times (x 70B)
Class com.intellij.lang.java.lexer.JavaTypeEscapeLexer                                : loaded 2 times (x 87B)
Class com.intellij.psi.impl.source.tree.JavaASTFactory                                : loaded 2 times (x 75B)
Class com.intellij.openapi.command.impl.CoreCommandProcessor$2                        : loaded 2 times (x 76B)
Class it.unimi.dsi.fastutil.objects.Reference2ObjectFunction                          : loaded 2 times (x 70B)
Class com.android.tools.lint.UastEnvironmentKt                                        : loaded 2 times (x 71B)
Class it.unimi.dsi.fastutil.ints.AbstractInt2ObjectFunction                           : loaded 2 times (x 121B)
Class com.intellij.openapi.util.Iconable                                              : loaded 2 times (x 70B)
Class build_8a0zmoznh2dicswa4wkzckji0$_run_closure1$_closure3                         : loaded 2 times (x 139B)
Class com.android.tools.analytics.AnalyticsPaths                                      : loaded 2 times (x 71B)
Class com.google.common.collect.ReverseOrdering                                       : loaded 2 times (x 115B)
Class org.jetbrains.kotlin.gradle.plugin.sources.KotlinDependencyScopeKt$WhenMappings : loaded 2 times (x 71B)
Class org.jetbrains.kotlin.gradle.tasks.K2MultiplatformCompilationTask                : loaded 2 times (x 70B)
Class org.jetbrains.kotlin.gradle.plugin.diagnostics.checkers.OverriddenKotlinNativeHomeChecker$StdlibExistenceCheckerValueSource$Inject: loaded 2 times (x 109B)
Class org.jetbrains.kotlin.gradle.utils.ConfigurationsKt$maybeCreateDependencyScope$1 : loaded 2 times (x 78B)
Class org.jetbrains.kotlin.gradle.plugin.sources.FragmentConsistencyChecks$languageVersionCheck$1: loaded 2 times (x 79B)
Class org.jetbrains.kotlin.gradle.plugin.mpp.DecoratedKotlinCompilation               : loaded 2 times (x 191B)
Class org.jetbrains.kotlin.gradle.plugin.diagnostics.checkers.ExperimentalTryNextUsageChecker: loaded 2 times (x 74B)
Class [Lorg.jetbrains.kotlin.gradle.plugin.diagnostics.ToolingDiagnostic$Severity;    : loaded 2 times (x 69B)
Class [Lorg.jetbrains.kotlin.gradle.plugin.KotlinPlatformType;                        : loaded 2 times (x 69B)
Class org.jetbrains.kotlin.gradle.plugin.statistics.UsesBuildFusService               : loaded 2 times (x 70B)
Class org.jetbrains.kotlin.gradle.plugin.statistics.old.Pre232IdeaKotlinBuildStatsBeanService: loaded 2 times (x 95B)
Class org.jetbrains.kotlin.statistics.metrics.NumberOverridePolicy$AVERAGE            : loaded 2 times (x 85B)
Class org.jetbrains.kotlin.gradle.plugin.VariantImplementationFactories$Parameters$Inject: loaded 2 times (x 106B)
Class com.google.common.cache.LocalCache$EntryFactory$5                               : loaded 2 times (x 83B)
Class org.jetbrains.kotlin.resolve.extensions.AssignResolutionAltererExtension$Companion: loaded 2 times (x 72B)
Class com.intellij.ide.plugins.UntilBuildDeprecation                                  : loaded 2 times (x 71B)
Class com.fasterxml.aalto.in.PNameN                                                   : loaded 2 times (x 84B)
Class com.fasterxml.aalto.in.Utf32Reader                                              : loaded 2 times (x 95B)
Class com.intellij.psi.PsiRecursiveVisitor                                            : loaded 2 times (x 70B)
Class com.intellij.openapi.extensions.LoadingOrder$Orderable                          : loaded 2 times (x 70B)
Class com.intellij.psi.impl.source.javadoc.PsiDocTokenImpl                            : loaded 2 times (x 396B)
Class com.intellij.openapi.diagnostic.RuntimeExceptionWithAttachments                 : loaded 2 times (x 87B)
Class com.intellij.psi.tree.ILazyParseableElementType                                 : loaded 2 times (x 84B)
Class com.intellij.openapi.util.TextRange                                             : loaded 2 times (x 97B)
Class com.android.prefs.AndroidPathLocator                                            : loaded 2 times (x 73B)
Class com.google.common.collect.Tables                                                : loaded 2 times (x 71B)
Class kotlin.time.Duration                                                            : loaded 2 times (x 74B)
Class [Lkotlin.reflect.KProperty;                                                     : loaded 2 times (x 69B)
Class kotlin.text.MatcherMatchResult                                                  : loaded 2 times (x 80B)
Class build_8a0zmoznh2dicswa4wkzckji0                                                 : loaded 2 times (x 180B)
Class org.apache.commons.io.output.AppendableWriter                                   : loaded 2 times (x 100B)
Class org.jetbrains.kotlin.gradle.plugin.KotlinBaseApiPlugin                          : loaded 2 times (x 118B)
Class com.google.common.collect.HashMultimap                                          : loaded 2 times (x 174B)
Class org.jetbrains.kotlin.gradle.plugin.mpp.MppSourcesJarKt$sourcesJarTaskNamed$result$1: loaded 2 times (x 79B)
Class org.jetbrains.kotlin.gradle.tasks.configuration.BaseKotlinCompileConfig$1       : loaded 2 times (x 79B)
Class org.jetbrains.kotlin.gradle.plugin.mpp.compilationImpl.factory.ConfigurationNaming$Default: loaded 2 times (x 75B)
Class org.jetbrains.kotlin.gradle.plugin.mpp.compilationImpl.KotlinCompilationSourceSetInclusion: loaded 2 times (x 72B)
Class org.jetbrains.kotlin.gradle.targets.jvm.KotlinJvmTarget                         : loaded 2 times (x 166B)
Class org.jetbrains.kotlin.gradle.targets.js.dsl.KotlinWasmJsTargetDsl                : loaded 2 times (x 70B)
Class org.jetbrains.kotlin.gradle.plugin.diagnostics.checkers.DisabledNativeTargetsChecker$runChecks$1: loaded 2 times (x 88B)
Class org.jetbrains.kotlin.gradle.plugin.KotlinPluginLifecycleImpl$await$2$1          : loaded 2 times (x 79B)
Class org.jetbrains.kotlin.gradle.plugin.sources.DefaultLanguageSettingsBuilder       : loaded 2 times (x 100B)
Class org.jetbrains.kotlin.gradle.plugin.sources.FragmentConsistencyChecks$languageVersionCheck$2: loaded 2 times (x 78B)
Class org.jetbrains.kotlin.gradle.targets.CreateTargetConfigurationsSideEffectKt$CreateTargetConfigurationsSideEffect$1: loaded 2 times (x 74B)
Class org.jetbrains.kotlin.gradle.dsl.KotlinTargetContainerWithPresetFunctions        : loaded 2 times (x 70B)
Class org.jetbrains.kotlin.gradle.utils.GradleConfigurationUtilsKt                    : loaded 2 times (x 71B)
Class org.jetbrains.kotlin.gradle.plugin.internal.CustomPropertiesFileValueSource$Parameters: loaded 2 times (x 70B)
Class org.jetbrains.kotlin.gradle.plugin.UsesBuildFinishedListenerService             : loaded 2 times (x 70B)
Class com.google.common.cache.LocalCache$EntryFactory$6                               : loaded 2 times (x 83B)
Class org.gradle.internal.installation.CurrentGradleInstallationLocator               : loaded 2 times (x 71B)
Class org.jetbrains.kotlin.analysis.decompiler.psi.BuiltinsVirtualFileProvider        : loaded 2 times (x 73B)
Class [Lit.unimi.dsi.fastutil.Hash;                                                   : loaded 2 times (x 69B)
Class com.intellij.util.text.CharSequenceReader                                       : loaded 2 times (x 93B)
Class org.jetbrains.kotlin.cli.jvm.compiler.KotlinCliJavaFileManagerImpl$Companion    : loaded 2 times (x 71B)
Class kotlinx.coroutines.internal.OpDescriptor                                        : loaded 2 times (x 73B)
Class kotlinx.coroutines.Empty                                                        : loaded 2 times (x 75B)
Class com.intellij.util.containers.ConcurrentRefHashMap$1                             : loaded 2 times (x 77B)
Class com.intellij.psi.util.MethodSignature                                           : loaded 2 times (x 70B)
Class com.intellij.psi.PsiMethod                                                      : loaded 2 times (x 70B)
Class com.intellij.pom.PomTarget                                                      : loaded 2 times (x 70B)
Class com.intellij.openapi.fileTypes.PlainTextParserDefinition$1                      : loaded 2 times (x 84B)
Class com.intellij.psi.PsiWhiteSpace                                                  : loaded 2 times (x 70B)
Class com.intellij.util.messages.impl.MessageBusConnectionImpl                        : loaded 2 times (x 98B)
Class com.intellij.openapi.vfs.impl.VirtualFileManagerImpl                            : loaded 2 times (x 106B)
Class com.intellij.openapi.vfs.VirtualFileManager                                     : loaded 2 times (x 95B)
Class it.unimi.dsi.fastutil.ints.Int2IntFunction                                      : loaded 2 times (x 70B)
Class com.intellij.openapi.fileTypes.FileTypeRegistry$1                               : loaded 2 times (x 84B)
Class com.intellij.util.pico.DefaultPicoContainer$InstanceComponentAdapter            : loaded 2 times (x 77B)
Class com.intellij.openapi.util.text.CharSequenceWithStringHash                       : loaded 2 times (x 70B)
Class kotlin.text.MatchGroupCollection                                                : loaded 2 times (x 70B)
Class com.android.tools.lint.model.LintModelJavaLibrary                               : loaded 2 times (x 70B)
Class com.android.ide.common.rendering.api.ResourceNamespace$ToolsNamespace           : loaded 2 times (x 80B)
Class com.android.utils.PositionXmlParser$Position                                    : loaded 2 times (x 78B)
Class com.intellij.util.containers.ContainerUtil$ImmutableListBackedByList            : loaded 2 times (x 199B)
Class com.android.tools.lint.model.DefaultLintModelDependencyGraph                    : loaded 2 times (x 78B)
Class com.android.tools.lint.model.DefaultLintModelLintOptions                        : loaded 2 times (x 103B)
Class org.jetbrains.kotlin.statistics.metrics.SumMetricContainer                      : loaded 2 times (x 80B)
Class org.apache.commons.io.output.ThresholdingOutputStream                           : loaded 2 times (x 95B)
Class com.google.common.collect.ImmutableMultimap$Builder                             : loaded 2 times (x 86B)
Class org.jetbrains.kotlin.gradle.plugin.KotlinJvmFactory                             : loaded 2 times (x 70B)
Class org.jetbrains.kotlin.gradle.tasks.DefaultKotlinJavaToolchain$getToolsJarFromJvm$1: loaded 2 times (x 75B)
Class org.jetbrains.kotlin.build.report.metrics.GcMetrics                             : loaded 2 times (x 72B)
Class org.jetbrains.kotlin.gradle.plugin.diagnostics.UsesKotlinToolingDiagnosticsKt   : loaded 2 times (x 71B)
Class org.jetbrains.kotlin.gradle.tasks.configuration.BaseKotlinCompileConfig$2       : loaded 2 times (x 79B)
Class com.google.common.collect.Maps$KeySet                                           : loaded 2 times (x 137B)
Class org.jetbrains.kotlin.konan.target.KonanTarget$IOS_X64                           : loaded 2 times (x 78B)
Class org.jetbrains.kotlin.gradle.plugin.mpp.InternalKotlinCompilation                : loaded 2 times (x 70B)
Class org.jetbrains.kotlin.gradle.utils.WhenEvaluatedKt                               : loaded 2 times (x 71B)
Class org.jetbrains.kotlin.gradle.targets.native.internal.AddKotlinPlatformIntegersSupportLibraryKt: loaded 2 times (x 71B)
Class org.jetbrains.kotlin.gradle.plugin.AbstractKotlinJsPluginWrapper                : loaded 2 times (x 86B)
Class org.jetbrains.kotlin.gradle.plugin.KotlinPluginWrapperKt                        : loaded 2 times (x 71B)
Class com.google.common.cache.LocalCache$EntryFactory$7                               : loaded 2 times (x 83B)
Class org.gradle.internal.service.DefaultServiceLocator                               : loaded 2 times (x 83B)
Class org.jetbrains.kotlin.extensions.TypeAttributeTranslatorExtension$Companion      : loaded 2 times (x 72B)
Class org.jetbrains.kotlin.extensions.TypeAttributeTranslatorExtension                : loaded 2 times (x 70B)
Class com.intellij.lang.jvm.facade.JvmFacade                                          : loaded 2 times (x 70B)
Class [Lcom.intellij.lang.jvm.types.JvmPrimitiveType;                                 : loaded 2 times (x 69B)
Class com.intellij.psi.impl.smartPointers.SmartPointerManagerImpl                     : loaded 2 times (x 81B)
Class com.intellij.openapi.vfs.VirtualFileSet                                         : loaded 2 times (x 70B)
Class org.jetbrains.kotlin.psi.stubs.elements.KtFileElementType                       : loaded 2 times (x 111B)
Class com.intellij.ide.plugins.EssentialPluginMissingException                        : loaded 2 times (x 82B)
Class com.intellij.ide.plugins.RawPluginDescriptor                                    : loaded 2 times (x 72B)
Class com.intellij.openapi.editor.ex.DocumentEx                                       : loaded 2 times (x 70B)
Class com.intellij.psi.PsiMember                                                      : loaded 2 times (x 70B)
Class com.intellij.lang.ASTFactory                                                    : loaded 2 times (x 74B)
Class com.intellij.openapi.extensions.ExtensionPointName$Companion                    : loaded 2 times (x 71B)
Class com.intellij.util.messages.MessageBusOwner                                      : loaded 2 times (x 70B)
Class org.jetbrains.kotlin.cli.jvm.compiler.KotlinCoreApplicationEnvironmentMode$Production: loaded 2 times (x 71B)
Class com.intellij.openapi.vfs.impl.VirtualFileManagerImpl$LoggingListener            : loaded 2 times (x 93B)
Class jdk.internal.jrtfs.JrtDirectoryStream                                           : loaded 2 times (x 89B)
Class com.intellij.openapi.extensions.LoadingOrder                                    : loaded 2 times (x 72B)
Class kotlin.reflect.KMutableProperty0                                                : loaded 2 times (x 70B)
Class kotlin.reflect.KClassifier                                                      : loaded 2 times (x 70B)
Class com.google.common.cache.LocalCache$SoftValueReference                           : loaded 2 times (x 97B)
Class com.google.common.collect.ImmutableMultimap$EntryCollection                     : loaded 2 times (x 128B)
Class com.google.common.collect.Maps$EntrySet                                         : loaded 2 times (x 136B)
Class org.jetbrains.kotlin.gradle.tasks.KotlinCompile$scriptExtensions$1              : loaded 2 times (x 79B)
Class org.jetbrains.kotlin.gradle.tasks.K2MultiplatformStructure$Fragment             : loaded 2 times (x 72B)
Class org.jetbrains.kotlin.compilerRunner.CompilerSystemPropertiesService$Companion$registerIfAbsent$1: loaded 2 times (x 75B)
Class org.jetbrains.kotlin.gradle.plugin.diagnostics.checkers.WasmJsEnvironmentChecker: loaded 2 times (x 76B)
Class org.jetbrains.kotlin.gradle.plugin.diagnostics.checkers.AndroidPluginWithoutAndroidTargetChecker: loaded 2 times (x 74B)
Class org.jetbrains.kotlin.statistics.metrics.NumberOverridePolicy                    : loaded 2 times (x 85B)
Class org.jetbrains.kotlin.statistics.metrics.StringAnonymizationPolicy$AllowedListAnonymizer$Companion: loaded 2 times (x 71B)
Class org.jetbrains.kotlin.gradle.plugin.internal.DefaultProjectIsolationStartParameterAccessor_Decorated: loaded 2 times (x 125B)
Class org.jetbrains.kotlin.gradle.plugin.internal.ProjectIsolationStartParameterAccessorKt: loaded 2 times (x 71B)
Class org.jetbrains.kotlin.gradle.testing.internal.KotlinTestsRegistry                : loaded 2 times (x 72B)
Class com.google.common.cache.LocalCache$EntryFactory$8                               : loaded 2 times (x 83B)
Class org.gradle.internal.installation.CurrentGradleInstallation                      : loaded 2 times (x 73B)
Class org.jetbrains.uast.java.JavaUastLanguagePlugin                                  : loaded 2 times (x 92B)
Class [Lcom.intellij.openapi.util.ModificationTracker;                                : loaded 2 times (x 69B)
Class org.jetbrains.kotlin.load.java.structure.JavaNamedElement                       : loaded 2 times (x 70B)
Class com.intellij.openapi.util.RecursionManager                                      : loaded 2 times (x 71B)
Class [Lcom.intellij.psi.PsiPrimitiveType;                                            : loaded 2 times (x 69B)
Class com.intellij.psi.search.IntersectionScope                                       : loaded 2 times (x 105B)
Class kotlinx.coroutines.scheduling.Task                                              : loaded 2 times (x 76B)
Class com.intellij.psi.JavaDirectoryService                                           : loaded 2 times (x 86B)
Class kotlinx.coroutines.BlockingCoroutine                                            : loaded 2 times (x 144B)
Class com.intellij.psi.PsiJavaDocumentedElement                                       : loaded 2 times (x 70B)
Class com.intellij.platform.diagnostic.telemetry.IJNoopTracer                         : loaded 2 times (x 77B)
Class it.unimi.dsi.fastutil.ints.Int2IntMap                                           : loaded 2 times (x 70B)
Class com.intellij.openapi.vfs.impl.ArchiveHandler                                    : loaded 2 times (x 84B)
Class com.android.ide.common.resources.ResourceMergerItem                             : loaded 2 times (x 136B)
Class kotlin.jvm.internal.StringCompanionObject                                       : loaded 2 times (x 71B)
Class kotlinx.coroutines.internal.ResizableAtomicArray                                : loaded 2 times (x 72B)
Class kotlin.reflect.KMutableProperty1                                                : loaded 2 times (x 70B)
Class com.android.tools.lint.model.DefaultLintModelVariant                            : loaded 2 times (x 101B)
Class com.android.tools.lint.model.LintModelArtifact                                  : loaded 2 times (x 70B)
Class build_egvzoab56tl6etpvda5lot3sy$_run_closure1$_closure3                         : loaded 2 times (x 139B)
Class com.google.common.collect.ForwardingObject                                      : loaded 2 times (x 72B)
Class org.jetbrains.kotlin.gradle.tasks.KotlinCompilerExecutionStrategy               : loaded 2 times (x 79B)
Class org.jetbrains.kotlin.gradle.plugin.mpp.InternalKotlinCompilationKt$awaitAllKotlinSourceSets$1: loaded 2 times (x 88B)
Class org.jetbrains.kotlin.gradle.plugin.statistics.FusMetrics                        : loaded 2 times (x 70B)
Class org.jetbrains.kotlin.gradle.plugin.sources.DefaultKotlinSourceSet$special$$inlined$Iterable$1: loaded 2 times (x 79B)
Class org.jetbrains.kotlin.gradle.plugin.mpp.compilationImpl.factory.KotlinCompilationImplFactory$KotlinCompilerOptionsFactory$Options: loaded 2 times (x 72B)
Class org.jetbrains.kotlin.gradle.plugin.KotlinCompilation                            : loaded 2 times (x 70B)
Class org.jetbrains.kotlin.gradle.plugin.KotlinTargetConfiguratorKt                   : loaded 2 times (x 71B)
Class org.jetbrains.kotlin.tooling.core.Extras$Type$Companion                         : loaded 2 times (x 71B)
Class com.google.common.cache.CacheLoader$1                                           : loaded 2 times (x 75B)
Class org.gradle.util.internal.GUtil                                                  : loaded 2 times (x 71B)
Class [Lorg.jetbrains.kotlin.cli.jvm.index.JavaRoot$RootType;                         : loaded 2 times (x 69B)
Class org.jetbrains.kotlin.storage.LockBasedStorageManager$ExceptionHandlingStrategy$1: loaded 2 times (x 74B)
Class org.jetbrains.kotlin.storage.MemoizedFunctionToNullable                         : loaded 2 times (x 70B)
Class com.intellij.psi.impl.source.PsiFileWithStubSupport                             : loaded 2 times (x 70B)
Class com.intellij.util.Processor                                                     : loaded 2 times (x 70B)
Class kotlinx.coroutines.NotCompleted                                                 : loaded 2 times (x 70B)
Class kotlinx.coroutines.internal.LockFreeTaskQueue                                   : loaded 2 times (x 72B)
Class kotlinx.coroutines.scheduling.DefaultScheduler                                  : loaded 2 times (x 112B)
Class kotlinx.coroutines.Dispatchers                                                  : loaded 2 times (x 71B)
Class com.intellij.openapi.vfs.encoding.EncodingRegistry                              : loaded 2 times (x 78B)
Class com.intellij.openapi.extensions.PluginId                                        : loaded 2 times (x 75B)
Class com.intellij.util.ObjectUtils                                                   : loaded 2 times (x 71B)
Class org.jetbrains.kotlin.platform.TargetPlatformVersion                             : loaded 2 times (x 70B)
Class com.fasterxml.aalto.in.XmlScanner                                               : loaded 2 times (x 137B)
Class com.android.tools.lint.detector.api.Intervals$Span                              : loaded 2 times (x 84B)
Class com.intellij.util.containers.IntObjectMap                                       : loaded 2 times (x 70B)
Class [Lcom.android.tools.lint.model.LintModelSeverity;                               : loaded 2 times (x 69B)
Class com.android.tools.analytics.Environment$Companion$SYSTEM$1                      : loaded 2 times (x 73B)
Class com.android.tools.analytics.Environment$Companion                               : loaded 2 times (x 71B)
Class com.android.tools.analytics.Environment$SystemProperty                          : loaded 2 times (x 79B)
Class com.android.resources.ResourceEnum                                              : loaded 2 times (x 70B)
Class it.unimi.dsi.fastutil.ints.AbstractIntCollection                                : loaded 2 times (x 185B)
Class org.codehaus.stax2.typed.TypedXMLStreamReader                                   : loaded 2 times (x 70B)
Class kotlin.reflect.KMutableProperty2                                                : loaded 2 times (x 70B)
Class com.android.prefs.PathLocator$WhenMappings                                      : loaded 2 times (x 71B)
Class build_at66uwj9gcz3u3phnzbb9h6lq                                                 : loaded 2 times (x 180B)
Class org.jetbrains.kotlin.gradle.plugin.mpp.InternalKotlinTargetKt$isSourcesPublishableFuture$2: loaded 2 times (x 95B)
Class org.jetbrains.kotlin.gradle.plugin.mpp.KotlinCompilationFactory                 : loaded 2 times (x 70B)
Class org.jetbrains.kotlin.gradle.dsl.IosSourceSetConventionChecker$runChecks$1       : loaded 2 times (x 88B)
Class org.jetbrains.kotlin.gradle.plugin.mpp.AbstractKotlinCompilation                : loaded 2 times (x 191B)
Class org.jetbrains.kotlin.gradle.plugin.diagnostics.checkers.UnusedSourceSetsChecker : loaded 2 times (x 74B)
Class org.jetbrains.kotlin.gradle.utils.Future                                        : loaded 2 times (x 70B)
Class org.jetbrains.kotlin.gradle.plugin.statistics.KotlinBuildStatsConfiguration$Companion: loaded 2 times (x 71B)
Class com.google.common.cache.AbstractCache$StatsCounter                              : loaded 2 times (x 70B)
Class org.jetbrains.uast.evaluation.AbstractEvaluatorExtension                        : loaded 2 times (x 88B)
Class org.jetbrains.kotlin.load.kotlin.MetadataFinderFactory                          : loaded 2 times (x 70B)
Class org.jetbrains.kotlin.resolve.jvm.KotlinJavaPsiFacade$KotlinPsiElementFinderWrapperImpl: loaded 2 times (x 82B)
Class com.intellij.psi.impl.source.BasicJavaDummyElement                              : loaded 2 times (x 285B)
Class com.intellij.psi.search.LazyFilesScope                                          : loaded 2 times (x 108B)
Class com.intellij.codeInsight.multiverse.CodeInsightContextManagerImpl$subscribeToChanges$1$2: loaded 2 times (x 95B)
Class kotlin.random.Random                                                            : loaded 2 times (x 86B)
Class kotlinx.coroutines.internal.ThreadContext_commonKt$findOne$1                    : loaded 2 times (x 78B)
Class com.intellij.psi.util.JavaClassSupers                                           : loaded 2 times (x 73B)
Class kotlinx.coroutines.intrinsics.CancellableKt                                     : loaded 2 times (x 71B)
Class com.intellij.navigation.ItemPresentation                                        : loaded 2 times (x 70B)
Class com.intellij.openapi.extensions.impl.ExtensionComponentAdapter                  : loaded 2 times (x 80B)
Class com.intellij.lexer.MergingLexerAdapterBase                                      : loaded 2 times (x 87B)
Class com.intellij.psi.PsiKeyword                                                     : loaded 2 times (x 70B)
Class com.intellij.util.ConcurrentLongObjectHashMap$CollectionView                    : loaded 2 times (x 112B)
Class kotlinx.collections.immutable.PersistentCollection                              : loaded 2 times (x 70B)
Class com.intellij.openapi.vfs.local.CoreLocalVirtualFile                             : loaded 2 times (x 156B)
Class com.intellij.util.messages.SimpleMessageBusConnection                           : loaded 2 times (x 70B)
Class kotlinx.coroutines.channels.BufferedChannel$BufferedChannelIterator             : loaded 2 times (x 80B)
Class com.intellij.psi.search.impl.VirtualFileEnumerationAware                        : loaded 2 times (x 70B)
Class com.google.common.collect.AbstractTable                                         : loaded 2 times (x 120B)
Class com.intellij.openapi.util.RecursionManager$CalculationStack                     : loaded 2 times (x 72B)
Class com.intellij.psi.controlFlow.ControlFlowFactory                                 : loaded 2 times (x 75B)
Class kotlin.time.DurationUnitKt                                                      : loaded 2 times (x 71B)
Class org.jetbrains.kotlin.load.java.structure.JavaAnnotationOwner                    : loaded 2 times (x 70B)
Class kotlin.ranges.IntProgressionIterator                                            : loaded 2 times (x 82B)
Class kotlin.reflect.jvm.internal.RuntimeTypeMapper                                   : loaded 2 times (x 71B)
Class com.android.tools.lint.model.DefaultLintModelDependency                         : loaded 2 times (x 86B)
Class com.android.tools.lint.model.DefaultLintModelLibrary                            : loaded 2 times (x 86B)
Class com.android.tools.lint.model.DefaultLintModelBuildFeatures                      : loaded 2 times (x 77B)
Class com.google.common.io.LineBuffer                                                 : loaded 2 times (x 75B)
Class org.jetbrains.kotlin.gradle.plugin.mpp.KotlinTargetSoftwareComponentImplKt      : loaded 2 times (x 71B)
Class org.jetbrains.kotlin.gradle.targets.js.dsl.KotlinJsSubTargetContainerDsl        : loaded 2 times (x 70B)
Class org.jetbrains.kotlin.tooling.core.MutableExtrasImpl$Companion                   : loaded 2 times (x 71B)
Class org.jetbrains.kotlin.gradle.plugin.KotlinGradleBuildServices$Companion$registerIfAbsent$1: loaded 2 times (x 75B)
Class org.jetbrains.kotlin.statistics.fileloggers.MetricsContainer                    : loaded 2 times (x 77B)
Class org.jetbrains.kotlin.gradle.plugin.internal.ProjectIsolationStartParameterAccessor: loaded 2 times (x 70B)
Class org.jetbrains.kotlin.gradle.utils.StoredProperty                                : loaded 2 times (x 70B)
Class org.gradle.internal.installation.GradleInstallation                             : loaded 2 times (x 75B)
Class [Lcom.intellij.util.containers.LinkedCustomHashMap$Entry;                       : loaded 2 times (x 69B)
Class org.jetbrains.kotlin.cli.jvm.modules.JavaModuleGraph$module$1                   : loaded 2 times (x 125B)
Class com.intellij.util.CachedValueBase                                               : loaded 2 times (x 86B)
Class com.fasterxml.aalto.in.ReaderConfig                                             : loaded 2 times (x 78B)
Class com.intellij.psi.codeStyle.JavaFileCodeStyleFacadeFactory                       : loaded 2 times (x 70B)
Class com.intellij.lang.jvm.JvmTypeDeclaration                                        : loaded 2 times (x 70B)
Class com.intellij.psi.stubs.StubOutputStream                                         : loaded 2 times (x 108B)
Class com.intellij.psi.javadoc.PsiSnippetAttributeValue                               : loaded 2 times (x 70B)
Class io.opentelemetry.api.trace.DefaultTracer                                        : loaded 2 times (x 74B)
Class com.intellij.openapi.editor.impl.event.DocumentEventImpl                        : loaded 2 times (x 88B)
Class com.intellij.util.pico.DefaultPicoContainer$LinkedHashSetWrapper                : loaded 2 times (x 72B)
Class com.intellij.openapi.vfs.impl.ZipHandlerBase$InputStreamWrapper                 : loaded 2 times (x 92B)
Class com.intellij.util.text.ImmutableText                                            : loaded 2 times (x 104B)
Class kotlin.reflect.jvm.internal.impl.builtins.PrimitiveType$$Lambda$0               : loaded 2 times (x 76B)
Class [Lcom.android.utils.StdLogger$Level;                                            : loaded 2 times (x 69B)
Class com.android.prefs.AndroidLocationsException                                     : loaded 2 times (x 82B)
Class build_7kpsnot0gx1wwmj699txb56fz$_run_closure1                                   : loaded 2 times (x 139B)
Class com.google.common.collect.ForwardingCollection                                  : loaded 2 times (x 130B)
Class com.google.common.collect.LexicographicalOrdering                               : loaded 2 times (x 115B)
Class org.jetbrains.kotlin.gradle.dsl.KotlinJvmCompile$DefaultImpls                   : loaded 2 times (x 71B)
Class org.jetbrains.kotlin.gradle.plugin.mpp.compilationImpl.factory.KotlinCompilationImplFactory$create$1: loaded 2 times (x 75B)
Class org.jetbrains.kotlin.gradle.tasks.KotlinJavaToolchain                           : loaded 2 times (x 70B)
Class org.jetbrains.kotlin.statistics.metrics.BooleanMetrics$Companion                : loaded 2 times (x 71B)
Class org.jetbrains.kotlin.gradle.plugin.internal.CompatibilityConventionRegistrar    : loaded 2 times (x 70B)
Class org.jetbrains.kotlin.cli.jvm.modules.CliJavaModuleFinder                        : loaded 2 times (x 75B)
Class [Lcom.intellij.lang.jvm.JvmNamedElement;                                        : loaded 2 times (x 69B)
Class com.intellij.psi.PsiInferenceHelper                                             : loaded 2 times (x 70B)
Class kotlinx.coroutines.channels.Channel$Factory                                     : loaded 2 times (x 71B)
Class com.fasterxml.aalto.util.NameTable                                              : loaded 2 times (x 73B)
Class kotlinx.coroutines.JobSupportKt                                                 : loaded 2 times (x 71B)
Class kotlinx.coroutines.ExecutorCoroutineDispatcher$Key                              : loaded 2 times (x 72B)
Class com.intellij.ide.plugins.PluginXmlPathResolver$Companion                        : loaded 2 times (x 71B)
Class com.intellij.ide.plugins.PluginXmlPathResolver                                  : loaded 2 times (x 81B)
Class com.intellij.psi.search.searches.SuperMethodsSearch                             : loaded 2 times (x 77B)
Class com.intellij.lang.jvm.JvmParameter                                              : loaded 2 times (x 70B)
Class com.intellij.psi.presentation.java.FieldPresentationProvider                    : loaded 2 times (x 74B)
Class org.jetbrains.kotlin.statistics.metrics.OverrideMetricContainer                 : loaded 2 times (x 80B)
Class com.intellij.psi.stubs.StubElement                                              : loaded 2 times (x 70B)
Class com.intellij.ide.highlighter.JavaFileType                                       : loaded 2 times (x 93B)
Class com.intellij.lang.MetaLanguage                                                  : loaded 2 times (x 109B)
Class com.intellij.util.EventDispatcher                                               : loaded 2 times (x 72B)
Class org.jetbrains.kotlin.cli.jvm.index.JvmDependenciesDynamicCompoundIndex          : loaded 2 times (x 77B)
Class kotlin.reflect.jvm.internal.impl.builtins.PrimitiveType$$Lambda$1               : loaded 2 times (x 76B)
Class com.android.ide.common.gradle.Part                                              : loaded 2 times (x 77B)
Class com.android.utils.XmlUtils                                                      : loaded 2 times (x 71B)
Class org.jetbrains.kotlin.gradle.plugin.mpp.KotlinJvmCompilation                     : loaded 2 times (x 200B)
Class org.jetbrains.kotlin.gradle.plugin.KotlinCompilation$Companion                  : loaded 2 times (x 71B)
Class com.google.common.collect.Lists$RandomAccessReverseList                         : loaded 2 times (x 200B)
Class org.jetbrains.kotlin.konan.target.KonanTarget$WATCHOS_ARM64                     : loaded 2 times (x 78B)
Class org.jetbrains.kotlin.konan.target.KonanTarget$MACOS_ARM64                       : loaded 2 times (x 78B)
Class org.jetbrains.kotlin.gradle.plugin.diagnostics.checkers.OverriddenKotlinNativeHomeChecker: loaded 2 times (x 74B)
Class org.jetbrains.kotlin.gradle.artifacts.KotlinJvmJarArtifactKt$KotlinJvmJarArtifact$1: loaded 2 times (x 74B)
Class org.jetbrains.kotlin.gradle.targets.native.SetupEmbedAndSignAppleFrameworkTaskSideEffectKt: loaded 2 times (x 71B)
Class org.jetbrains.kotlin.gradle.plugin.KotlinProjectSetupActionKt$KotlinProjectSetupCoroutine$1: loaded 2 times (x 75B)
Class org.jetbrains.kotlin.gradle.dsl.ToolchainSupport$Companion                      : loaded 2 times (x 71B)
Class org.jetbrains.kotlin.gradle.plugin.KotlinSourceSet                              : loaded 2 times (x 70B)

---------------  S Y S T E M  ---------------

OS:
 Windows 11 , 64 bit Build 26100 (10.0.26100.7705)
OS uptime: 0 days 17:52 hours
Hyper-V role detected

CPU: total 12 (initial active 12) (6 cores per cpu, 2 threads per core) family 6 model 154 stepping 3 microcode 0x437, cx8, cmov, fxsr, ht, mmx, 3dnowpref, sse, sse2, sse3, ssse3, sse4.1, sse4.2, popcnt, lzcnt, tsc, tscinvbit, avx, avx2, aes, erms, clmul, bmi1, bmi2, adx, sha, fma, vzeroupper, clflush, clflushopt, clwb, hv, serialize, rdtscp, rdpid, fsrm, f16c, cet_ibt, cet_ss
Processor Information for processor 0
  Max Mhz: 2000, Current Mhz: 2000, Mhz Limit: 2000
Processor Information for processor 1
  Max Mhz: 2000, Current Mhz: 2000, Mhz Limit: 2000
Processor Information for processor 2
  Max Mhz: 2000, Current Mhz: 2000, Mhz Limit: 2000
Processor Information for processor 3
  Max Mhz: 2000, Current Mhz: 2000, Mhz Limit: 2000
Processor Information for processor 4
  Max Mhz: 2000, Current Mhz: 2000, Mhz Limit: 2000
Processor Information for processor 5
  Max Mhz: 2000, Current Mhz: 2000, Mhz Limit: 2000
Processor Information for processor 6
  Max Mhz: 2000, Current Mhz: 2000, Mhz Limit: 2000
Processor Information for processor 7
  Max Mhz: 2000, Current Mhz: 2000, Mhz Limit: 2000
Processor Information for processor 8
  Max Mhz: 2000, Current Mhz: 1866, Mhz Limit: 2000
Processor Information for processor 9
  Max Mhz: 2000, Current Mhz: 1866, Mhz Limit: 2000
Processor Information for processor 10
  Max Mhz: 2000, Current Mhz: 1866, Mhz Limit: 2000
Processor Information for processor 11
  Max Mhz: 2000, Current Mhz: 1866, Mhz Limit: 2000

Memory: 4k page, system-wide physical 7832M (228M free)
TotalPageFile size 24666M (AvailPageFile size 3M)
current process WorkingSet (physical memory assigned to process): 366M, peak: 2746M
current process commit charge ("private bytes"): 2825M, peak: 3818M

vm_info: OpenJDK 64-Bit Server VM (21.0.9+-14649483-b1163.86) for windows-amd64 JRE (21.0.9+-14649483-b1163.86), built on 2025-12-30T22:08:35Z by "builder" with MS VC++ 16.10 / 16.11 (VS2019)

END.
