#
# There is insufficient memory for the Java Runtime Environment to continue.
# Native memory allocation (mmap) failed to map 121634816 bytes. Error detail: G1 virtual space
# Possible reasons:
#   The system is out of physical RAM or swap space
#   This process is running with CompressedOops enabled, and the Java Heap may be blocking the growth of the native heap
# Possible solutions:
#   Reduce memory load on the system
#   Increase physical memory or swap space
#   Check if swap backing store is full
#   Decrease Java heap size (-Xmx/-Xms)
#   Decrease number of Java threads
#   Decrease Java thread stack sizes (-Xss)
#   Set larger code cache with -XX:ReservedCodeCacheSize=
#   JVM is running with Zero Based Compressed Oops mode in which the Java heap is
#     placed in the first 32GB address space. The Java Heap base address is the
#     maximum limit for the native heap growth. Please use -XX:HeapBaseMinAddress
#     to set the Java Heap base and to place the Java Heap above 32GB virtual address.
# This output file may be truncated or incomplete.
#
#  Out of Memory Error (os_windows.cpp:3925), pid=18240, tid=18044
#
# JRE version: OpenJDK Runtime Environment (21.0.9) (build 21.0.9+-14649483-b1163.86)
# Java VM: OpenJDK 64-Bit Server VM (21.0.9+-14649483-b1163.86, mixed mode, tiered, compressed oops, compressed class ptrs, g1 gc, windows-amd64)
# No core dump will be written. Minidumps are not enabled by default on client versions of Windows
#

---------------  S U M M A R Y ------------

Command Line: --add-opens=java.base/java.lang=ALL-UNNAMED --add-opens=java.base/java.lang.invoke=ALL-UNNAMED --add-opens=java.base/java.util=ALL-UNNAMED --add-opens=java.prefs/java.util.prefs=ALL-UNNAMED --add-exports=jdk.compiler/com.sun.tools.javac.api=ALL-UNNAMED --add-exports=jdk.compiler/com.sun.tools.javac.util=ALL-UNNAMED --add-opens=java.base/java.util=ALL-UNNAMED --add-opens=java.prefs/java.util.prefs=ALL-UNNAMED --add-opens=java.base/java.nio.charset=ALL-UNNAMED --add-opens=java.base/java.net=ALL-UNNAMED --add-opens=java.base/java.util.concurrent.atomic=ALL-UNNAMED --add-opens=java.xml/javax.xml.namespace=ALL-UNNAMED -XX:MaxMetaspaceSize=4G -XX:ReservedCodeCacheSize=512m -XX:+HeapDumpOnOutOfMemoryError -Xmx8G -Dfile.encoding=UTF-8 -Duser.country=IN -Duser.language=en -Duser.variant -javaagent:C:\Users\tech1\.gradle\wrapper\dists\gradle-8.14-all\c2qonpi39x1mddn7hk5gh9iqj\gradle-8.14\lib\agents\gradle-instrumentation-agent-8.14.jar org.gradle.launcher.daemon.bootstrap.GradleDaemon 8.14

Host: 12th Gen Intel(R) Core(TM) i5-12450H, 12 cores, 7G,  Windows 11 , 64 bit Build 26100 (10.0.26100.7705)
Time: Wed Apr  8 14:00:55 2026 India Standard Time elapsed time: 183.879462 seconds (0d 0h 3m 3s)

---------------  T H R E A D  ---------------

Current thread (0x0000022a4d895640):  VMThread "VM Thread"          [id=18044, stack(0x000000d163200000,0x000000d163300000) (1024K)]

Stack: [0x000000d163200000,0x000000d163300000]
Native frames: (J=compiled Java code, j=interpreted, Vv=VM code, C=native code)
V  [jvm.dll+0x6d6c99]
V  [jvm.dll+0x866b83]
V  [jvm.dll+0x86919e]
V  [jvm.dll+0x869883]
V  [jvm.dll+0x280776]
V  [jvm.dll+0x6d3555]
V  [jvm.dll+0x6c6bea]
V  [jvm.dll+0x3587fb]
V  [jvm.dll+0x360476]
V  [jvm.dll+0x3b2646]
V  [jvm.dll+0x3b2918]
V  [jvm.dll+0x32af0c]
V  [jvm.dll+0x32af97]
V  [jvm.dll+0x370e7c]
V  [jvm.dll+0x36f62e]
V  [jvm.dll+0x32a661]
V  [jvm.dll+0x36ed30]
V  [jvm.dll+0x86f608]
V  [jvm.dll+0x870984]
V  [jvm.dll+0x870ec0]
V  [jvm.dll+0x871153]
V  [jvm.dll+0x80f118]
V  [jvm.dll+0x6d54ed]
C  [ucrtbase.dll+0x37b0]
C  [KERNEL32.DLL+0x2e8d7]
C  [ntdll.dll+0x8c40c]

VM_Operation (0x000000d1705fe010): G1CollectForAllocation, mode: safepoint, requested by thread 0x0000022a602ee0c0


---------------  P R O C E S S  ---------------

Threads class SMR info:
_java_thread_list=0x0000022a610e64c0, length=215, elements={
0x0000022a1fdd4480, 0x0000022a504feeb0, 0x0000022a50507510, 0x0000022a50509b90,
0x0000022a5050aba0, 0x0000022a5050b610, 0x0000022a505312d0, 0x0000022a50531940,
0x0000022a50545310, 0x0000022a50567b10, 0x0000022a5086e170, 0x0000022a55df51c0,
0x0000022a55df6570, 0x0000022a55df44a0, 0x0000022a55df5ee0, 0x0000022a55df6c00,
0x0000022a55df3780, 0x0000022a55df3e10, 0x0000022a55df5850, 0x0000022a5502e0b0,
0x0000022a5502faf0, 0x0000022a5502edd0, 0x0000022a5502e740, 0x0000022a5502da20,
0x0000022a55030810, 0x0000022a55030ea0, 0x0000022a55031bc0, 0x0000022a55031530,
0x0000022a55032f70, 0x0000022a55033600, 0x0000022a55035040, 0x0000022a55033c90,
0x0000022a57f41d40, 0x0000022a57f416b0, 0x0000022a57f423d0, 0x0000022a57f42a60,
0x0000022a57f3f5e0, 0x0000022a57f430f0, 0x0000022a57f40300, 0x0000022a57f3fc70,
0x0000022a57f43780, 0x0000022a57f43e10, 0x0000022a57f45850, 0x0000022a57f444a0,
0x0000022a57f44b30, 0x0000022a57f451c0, 0x0000022a57f45ee0, 0x0000022a57f46570,
0x0000022a57f46c00, 0x0000022a5758fdd0, 0x0000022a57590460, 0x0000022a5758d670,
0x0000022a5758dd00, 0x0000022a5758f0b0, 0x0000022a5758ea20, 0x0000022a57590af0,
0x0000022a57591180, 0x0000022a5758f740, 0x0000022a57591810, 0x0000022a5758e390,
0x0000022a57593f70, 0x0000022a57592bc0, 0x0000022a57593250, 0x0000022a57594c90,
0x0000022a57594600, 0x0000022a57591ea0, 0x0000022a57592530, 0x0000022a551df0a0,
0x0000022a551e0450, 0x0000022a551dea10, 0x0000022a551e2bb0, 0x0000022a551e4c80,
0x0000022a551e45f0, 0x0000022a551e1e90, 0x0000022a551e3240, 0x0000022a551e38d0,
0x0000022a551e5310, 0x0000022a551e2520, 0x0000022a551e59a0, 0x0000022a551e3f60,
0x0000022a591e9400, 0x0000022a591e8d70, 0x0000022a591e7330, 0x0000022a591e9a90,
0x0000022a591ea120, 0x0000022a591e6ca0, 0x0000022a591ea7b0, 0x0000022a591e86e0,
0x0000022a591eae40, 0x0000022a591e79c0, 0x0000022a591eb4d0, 0x0000022a591e8050,
0x0000022a591edc30, 0x0000022a591ebb60, 0x0000022a591ec1f0, 0x0000022a591ec880,
0x0000022a591ecf10, 0x0000022a591ed5a0, 0x0000022a591ee2c0, 0x0000022a58518600,
0x0000022a58517250, 0x0000022a58516bc0, 0x0000022a58519320, 0x0000022a58518c90,
0x0000022a5851a040, 0x0000022a5851a6d0, 0x0000022a58517f70, 0x0000022a585199b0,
0x0000022a5851ad60, 0x0000022a585178e0, 0x0000022a5851b3f0, 0x0000022a5851d4c0,
0x0000022a5851ce30, 0x0000022a5851c110, 0x0000022a5851db50, 0x0000022a5851e1e0,
0x0000022a5851ba80, 0x0000022a5851c7a0, 0x0000022a593e9150, 0x0000022a593e97e0,
0x0000022a593eb220, 0x0000022a593e9e70, 0x0000022a593eab90, 0x0000022a593ea500,
0x0000022a593e8430, 0x0000022a593e7da0, 0x0000022a593eb8b0, 0x0000022a593ebf40,
0x0000022a593e8ac0, 0x0000022a593ee6a0, 0x0000022a593ec5d0, 0x0000022a593eed30,
0x0000022a593ef3c0, 0x0000022a593ecc60, 0x0000022a593ed2f0, 0x0000022a593ed980,
0x0000022a593ee010, 0x0000022a58528cd0, 0x0000022a5852a710, 0x0000022a58527fb0,
0x0000022a58529360, 0x0000022a58528640, 0x0000022a585299f0, 0x0000022a58527290,
0x0000022a5852a080, 0x0000022a5852ada0, 0x0000022a58527920, 0x0000022a5852c7e0,
0x0000022a5852bac0, 0x0000022a57b2fa30, 0x0000022a6030a750, 0x0000022a6030ade0,
0x0000022a6030c820, 0x0000022a6030ceb0, 0x0000022a6030c190, 0x0000022a60309a30,
0x0000022a6030d540, 0x0000022a6030a0c0, 0x0000022a6030dbd0, 0x0000022a6030e260,
0x0000022a6030e8f0, 0x0000022a6030ef80, 0x0000022a6030bb00, 0x0000022a603116e0,
0x0000022a6030f610, 0x0000022a60312400, 0x0000022a60312a90, 0x0000022a603109c0,
0x0000022a6030fca0, 0x0000022a60310330, 0x0000022a60313e40, 0x0000022a60311d70,
0x0000022a60317fe0, 0x0000022a603165a0, 0x0000022a603172c0, 0x0000022a60314b60,
0x0000022a60318670, 0x0000022a603151f0, 0x0000022a60318d00, 0x0000022a60315880,
0x0000022a61ffffd0, 0x0000022a62003ae0, 0x0000022a62000cf0, 0x0000022a62004800,
0x0000022a62004e90, 0x0000022a62004170, 0x0000022a620020a0, 0x0000022a62006240,
0x0000022a620075f0, 0x0000022a62005520, 0x0000022a550349b0, 0x0000022a57b32820,
0x0000022a603137b0, 0x0000022a602e9f20, 0x0000022a602e9890, 0x0000022a602e84e0,
0x0000022a602e6aa0, 0x0000022a602e7e50, 0x0000022a602ea5b0, 0x0000022a602ec680,
0x0000022a602ed3a0, 0x0000022a602ee0c0, 0x0000022a602eda30, 0x0000022a4d74de00,
0x0000022a4d74f1b0, 0x0000022a4d74eb20, 0x0000022a4d74fed0, 0x0000022a4d74d770,
0x0000022a4d750560, 0x0000022a4d74f840, 0x0000022a4d751280, 0x0000022a4d750bf0,
0x0000022a4d74e490, 0x0000022a4d752630, 0x0000022a4d752cc0
}

Java Threads: ( => current thread )
  0x0000022a1fdd4480 JavaThread "main"                              [_thread_blocked, id=19268, stack(0x000000d162b00000,0x000000d162c00000) (1024K)]
  0x0000022a504feeb0 JavaThread "Common-Cleaner"             daemon [_thread_blocked, id=18916, stack(0x000000d163300000,0x000000d163400000) (1024K)]
  0x0000022a50507510 JavaThread "Reference Handler"          daemon [_thread_blocked, id=19840, stack(0x000000d163400000,0x000000d163500000) (1024K)]
  0x0000022a50509b90 JavaThread "Finalizer"                  daemon [_thread_blocked, id=18984, stack(0x000000d163500000,0x000000d163600000) (1024K)]
  0x0000022a5050aba0 JavaThread "Signal Dispatcher"          daemon [_thread_blocked, id=22936, stack(0x000000d163600000,0x000000d163700000) (1024K)]
  0x0000022a5050b610 JavaThread "Attach Listener"            daemon [_thread_blocked, id=5152, stack(0x000000d163700000,0x000000d163800000) (1024K)]
  0x0000022a505312d0 JavaThread "Service Thread"             daemon [_thread_blocked, id=4984, stack(0x000000d163800000,0x000000d163900000) (1024K)]
  0x0000022a50531940 JavaThread "Monitor Deflation Thread"   daemon [_thread_blocked, id=25696, stack(0x000000d163900000,0x000000d163a00000) (1024K)]
  0x0000022a50545310 JavaThread "C2 CompilerThread0"         daemon [_thread_blocked, id=27068, stack(0x000000d163a00000,0x000000d163b00000) (1024K)]
  0x0000022a50567b10 JavaThread "C1 CompilerThread0"         daemon [_thread_blocked, id=27584, stack(0x000000d163b00000,0x000000d163c00000) (1024K)]
  0x0000022a5086e170 JavaThread "Notification Thread"        daemon [_thread_blocked, id=26412, stack(0x000000d163c00000,0x000000d163d00000) (1024K)]
  0x0000022a55df51c0 JavaThread "Daemon health stats"               [_thread_blocked, id=2588, stack(0x000000d164100000,0x000000d164200000) (1024K)]
  0x0000022a55df6570 JavaThread "Incoming local TCP Connector on port 50804"        [_thread_in_native, id=22500, stack(0x000000d164200000,0x000000d164300000) (1024K)]
  0x0000022a55df44a0 JavaThread "Daemon periodic checks"            [_thread_blocked, id=20688, stack(0x000000d164800000,0x000000d164900000) (1024K)]
  0x0000022a55df5ee0 JavaThread "Daemon"                            [_thread_blocked, id=20244, stack(0x000000d164900000,0x000000d164a00000) (1024K)]
  0x0000022a55df6c00 JavaThread "Handler for socket connection from /127.0.0.1:50804 to /127.0.0.1:50805"        [_thread_in_native, id=24920, stack(0x000000d164a00000,0x000000d164b00000) (1024K)]
  0x0000022a55df3780 JavaThread "Cancel handler"                    [_thread_blocked, id=5544, stack(0x000000d164b00000,0x000000d164c00000) (1024K)]
  0x0000022a55df3e10 JavaThread "Daemon worker"                     [_thread_blocked, id=15568, stack(0x000000d164c00000,0x000000d164d00000) (1024K)]
  0x0000022a55df5850 JavaThread "Asynchronous log dispatcher for DefaultDaemonConnection: socket connection from /127.0.0.1:50804 to /127.0.0.1:50805"        [_thread_blocked, id=21036, stack(0x000000d164d00000,0x000000d164e00000) (1024K)]
  0x0000022a5502e0b0 JavaThread "Stdin handler"                     [_thread_blocked, id=2940, stack(0x000000d164e00000,0x000000d164f00000) (1024K)]
  0x0000022a5502faf0 JavaThread "Daemon client event forwarder"        [_thread_blocked, id=12860, stack(0x000000d164f00000,0x000000d165000000) (1024K)]
  0x0000022a5502edd0 JavaThread "Cache worker for journal cache (C:\Users\tech1\.gradle\caches\journal-1)"        [_thread_blocked, id=16236, stack(0x000000d165200000,0x000000d165300000) (1024K)]
  0x0000022a5502e740 JavaThread "File lock request listener"        [_thread_blocked, id=23980, stack(0x000000d165300000,0x000000d165400000) (1024K)]
  0x0000022a5502da20 JavaThread "Cache worker for file hash cache (C:\Users\tech1\.gradle\caches\8.14\fileHashes)"        [_thread_blocked, id=19444, stack(0x000000d165400000,0x000000d165500000) (1024K)]
  0x0000022a55030810 JavaThread "Cache worker for file hash cache (C:\Users\tech1\OneDrive\Desktop\framer website\agri-flow-flutter\android\.gradle\8.14\fileHashes)"        [_thread_blocked, id=7652, stack(0x000000d165500000,0x000000d165600000) (1024K)]
  0x0000022a55030ea0 JavaThread "Cache worker for Build Output Cleanup Cache (C:\Users\tech1\OneDrive\Desktop\framer website\agri-flow-flutter\android\.gradle\buildOutputCleanup)"        [_thread_blocked, id=6436, stack(0x000000d165600000,0x000000d165700000) (1024K)]
  0x0000022a55031bc0 JavaThread "File watcher server"        daemon [_thread_blocked, id=5256, stack(0x000000d165700000,0x000000d165800000) (1024K)]
  0x0000022a55031530 JavaThread "File watcher consumer"      daemon [_thread_blocked, id=8496, stack(0x000000d165800000,0x000000d165900000) (1024K)]
  0x0000022a55032f70 JavaThread "Cache worker for checksums cache (C:\Users\tech1\OneDrive\Desktop\framer website\agri-flow-flutter\android\.gradle\8.14\checksums)"        [_thread_blocked, id=6928, stack(0x000000d165900000,0x000000d165a00000) (1024K)]
  0x0000022a55033600 JavaThread "Cache worker for file content cache (C:\Users\tech1\.gradle\caches\8.14\fileContent)"        [_thread_blocked, id=18600, stack(0x000000d165a00000,0x000000d165b00000) (1024K)]
  0x0000022a55035040 JavaThread "Cache worker for cache directory md-supplier (C:\Users\tech1\.gradle\caches\8.14\md-supplier)"        [_thread_blocked, id=27264, stack(0x000000d165b00000,0x000000d165c00000) (1024K)]
  0x0000022a55033c90 JavaThread "Cache worker for cache directory md-rule (C:\Users\tech1\.gradle\caches\8.14\md-rule)"        [_thread_blocked, id=26856, stack(0x000000d165c00000,0x000000d165d00000) (1024K)]
  0x0000022a57f41d40 JavaThread "Cache worker for Build Output Cleanup Cache (C:\flutter\packages\flutter_tools\gradle\.gradle\buildOutputCleanup)"        [_thread_blocked, id=24088, stack(0x000000d165d00000,0x000000d165e00000) (1024K)]
  0x0000022a57f416b0 JavaThread "Unconstrained build operations"        [_thread_blocked, id=23620, stack(0x000000d165e00000,0x000000d165f00000) (1024K)]
  0x0000022a57f423d0 JavaThread "Unconstrained build operations Thread 2"        [_thread_blocked, id=25456, stack(0x000000d165f00000,0x000000d166000000) (1024K)]
  0x0000022a57f42a60 JavaThread "Unconstrained build operations Thread 3"        [_thread_blocked, id=16956, stack(0x000000d166000000,0x000000d166100000) (1024K)]
  0x0000022a57f3f5e0 JavaThread "Unconstrained build operations Thread 4"        [_thread_blocked, id=19196, stack(0x000000d166100000,0x000000d166200000) (1024K)]
  0x0000022a57f430f0 JavaThread "Unconstrained build operations Thread 5"        [_thread_blocked, id=24472, stack(0x000000d166200000,0x000000d166300000) (1024K)]
  0x0000022a57f40300 JavaThread "Unconstrained build operations Thread 6"        [_thread_blocked, id=13940, stack(0x000000d166300000,0x000000d166400000) (1024K)]
  0x0000022a57f3fc70 JavaThread "Unconstrained build operations Thread 7"        [_thread_blocked, id=820, stack(0x000000d166400000,0x000000d166500000) (1024K)]
  0x0000022a57f43780 JavaThread "Unconstrained build operations Thread 8"        [_thread_blocked, id=26296, stack(0x000000d166500000,0x000000d166600000) (1024K)]
  0x0000022a57f43e10 JavaThread "Unconstrained build operations Thread 9"        [_thread_blocked, id=19024, stack(0x000000d166600000,0x000000d166700000) (1024K)]
  0x0000022a57f45850 JavaThread "Unconstrained build operations Thread 10"        [_thread_blocked, id=2468, stack(0x000000d166700000,0x000000d166800000) (1024K)]
  0x0000022a57f444a0 JavaThread "Unconstrained build operations Thread 11"        [_thread_blocked, id=13316, stack(0x000000d166800000,0x000000d166900000) (1024K)]
  0x0000022a57f44b30 JavaThread "Unconstrained build operations Thread 12"        [_thread_blocked, id=14860, stack(0x000000d166900000,0x000000d166a00000) (1024K)]
  0x0000022a57f451c0 JavaThread "Unconstrained build operations Thread 13"        [_thread_blocked, id=23244, stack(0x000000d166a00000,0x000000d166b00000) (1024K)]
  0x0000022a57f45ee0 JavaThread "Unconstrained build operations Thread 14"        [_thread_blocked, id=12156, stack(0x000000d166b00000,0x000000d166c00000) (1024K)]
  0x0000022a57f46570 JavaThread "Unconstrained build operations Thread 15"        [_thread_blocked, id=19580, stack(0x000000d166c00000,0x000000d166d00000) (1024K)]
  0x0000022a57f46c00 JavaThread "Unconstrained build operations Thread 16"        [_thread_blocked, id=12248, stack(0x000000d166d00000,0x000000d166e00000) (1024K)]
  0x0000022a5758fdd0 JavaThread "Unconstrained build operations Thread 17"        [_thread_blocked, id=22120, stack(0x000000d166e00000,0x000000d166f00000) (1024K)]
  0x0000022a57590460 JavaThread "Unconstrained build operations Thread 18"        [_thread_blocked, id=9784, stack(0x000000d166f00000,0x000000d167000000) (1024K)]
  0x0000022a5758d670 JavaThread "Unconstrained build operations Thread 19"        [_thread_blocked, id=21556, stack(0x000000d167000000,0x000000d167100000) (1024K)]
  0x0000022a5758dd00 JavaThread "Unconstrained build operations Thread 20"        [_thread_blocked, id=8688, stack(0x000000d167100000,0x000000d167200000) (1024K)]
  0x0000022a5758f0b0 JavaThread "Unconstrained build operations Thread 21"        [_thread_blocked, id=9864, stack(0x000000d167200000,0x000000d167300000) (1024K)]
  0x0000022a5758ea20 JavaThread "Unconstrained build operations Thread 22"        [_thread_blocked, id=21560, stack(0x000000d167300000,0x000000d167400000) (1024K)]
  0x0000022a57590af0 JavaThread "Unconstrained build operations Thread 23"        [_thread_blocked, id=24276, stack(0x000000d167400000,0x000000d167500000) (1024K)]
  0x0000022a57591180 JavaThread "Unconstrained build operations Thread 24"        [_thread_blocked, id=1628, stack(0x000000d167500000,0x000000d167600000) (1024K)]
  0x0000022a5758f740 JavaThread "Unconstrained build operations Thread 25"        [_thread_blocked, id=21692, stack(0x000000d167600000,0x000000d167700000) (1024K)]
  0x0000022a57591810 JavaThread "Unconstrained build operations Thread 26"        [_thread_blocked, id=20436, stack(0x000000d167700000,0x000000d167800000) (1024K)]
  0x0000022a5758e390 JavaThread "Unconstrained build operations Thread 27"        [_thread_blocked, id=9476, stack(0x000000d167800000,0x000000d167900000) (1024K)]
  0x0000022a57593f70 JavaThread "Unconstrained build operations Thread 28"        [_thread_blocked, id=25720, stack(0x000000d167900000,0x000000d167a00000) (1024K)]
  0x0000022a57592bc0 JavaThread "Unconstrained build operations Thread 29"        [_thread_blocked, id=26004, stack(0x000000d167a00000,0x000000d167b00000) (1024K)]
  0x0000022a57593250 JavaThread "Unconstrained build operations Thread 30"        [_thread_blocked, id=24164, stack(0x000000d167b00000,0x000000d167c00000) (1024K)]
  0x0000022a57594c90 JavaThread "Unconstrained build operations Thread 31"        [_thread_blocked, id=12092, stack(0x000000d167c00000,0x000000d167d00000) (1024K)]
  0x0000022a57594600 JavaThread "Unconstrained build operations Thread 32"        [_thread_blocked, id=22628, stack(0x000000d167d00000,0x000000d167e00000) (1024K)]
  0x0000022a57591ea0 JavaThread "Unconstrained build operations Thread 33"        [_thread_blocked, id=15636, stack(0x000000d167e00000,0x000000d167f00000) (1024K)]
  0x0000022a57592530 JavaThread "Memory manager"                    [_thread_blocked, id=22752, stack(0x000000d167f00000,0x000000d168000000) (1024K)]
  0x0000022a551df0a0 JavaThread "build event listener"              [_thread_blocked, id=16572, stack(0x000000d168000000,0x000000d168100000) (1024K)]
  0x0000022a551e0450 JavaThread "Execution worker"                  [_thread_blocked, id=26492, stack(0x000000d168200000,0x000000d168300000) (1024K)]
  0x0000022a551dea10 JavaThread "Execution worker Thread 2"         [_thread_blocked, id=8184, stack(0x000000d168300000,0x000000d168400000) (1024K)]
  0x0000022a551e2bb0 JavaThread "Execution worker Thread 3"         [_thread_blocked, id=24484, stack(0x000000d168400000,0x000000d168500000) (1024K)]
  0x0000022a551e4c80 JavaThread "Execution worker Thread 4"         [_thread_blocked, id=11756, stack(0x000000d168500000,0x000000d168600000) (1024K)]
  0x0000022a551e45f0 JavaThread "Execution worker Thread 5"         [_thread_blocked, id=3372, stack(0x000000d168600000,0x000000d168700000) (1024K)]
  0x0000022a551e1e90 JavaThread "Execution worker Thread 6"         [_thread_blocked, id=8504, stack(0x000000d168700000,0x000000d168800000) (1024K)]
  0x0000022a551e3240 JavaThread "Execution worker Thread 7"         [_thread_blocked, id=20564, stack(0x000000d168800000,0x000000d168900000) (1024K)]
  0x0000022a551e38d0 JavaThread "Execution worker Thread 8"         [_thread_blocked, id=15268, stack(0x000000d168900000,0x000000d168a00000) (1024K)]
  0x0000022a551e5310 JavaThread "Execution worker Thread 9"         [_thread_blocked, id=15620, stack(0x000000d168a00000,0x000000d168b00000) (1024K)]
  0x0000022a551e2520 JavaThread "Execution worker Thread 10"        [_thread_blocked, id=20264, stack(0x000000d168b00000,0x000000d168c00000) (1024K)]
  0x0000022a551e59a0 JavaThread "Execution worker Thread 11"        [_thread_blocked, id=9000, stack(0x000000d168c00000,0x000000d168d00000) (1024K)]
  0x0000022a551e3f60 JavaThread "Cache worker for execution history cache (C:\flutter\packages\flutter_tools\gradle\.gradle\8.14\executionHistory)"        [_thread_blocked, id=26076, stack(0x000000d168d00000,0x000000d168e00000) (1024K)]
  0x0000022a591e9400 JavaThread "Unconstrained build operations Thread 34"        [_thread_blocked, id=24764, stack(0x000000d168e00000,0x000000d168f00000) (1024K)]
  0x0000022a591e8d70 JavaThread "Unconstrained build operations Thread 35"        [_thread_blocked, id=20872, stack(0x000000d168f00000,0x000000d169000000) (1024K)]
  0x0000022a591e7330 JavaThread "Unconstrained build operations Thread 36"        [_thread_blocked, id=20456, stack(0x000000d169000000,0x000000d169100000) (1024K)]
  0x0000022a591e9a90 JavaThread "Unconstrained build operations Thread 37"        [_thread_blocked, id=24416, stack(0x000000d169100000,0x000000d169200000) (1024K)]
  0x0000022a591ea120 JavaThread "Unconstrained build operations Thread 38"        [_thread_blocked, id=23660, stack(0x000000d169200000,0x000000d169300000) (1024K)]
  0x0000022a591e6ca0 JavaThread "Unconstrained build operations Thread 39"        [_thread_blocked, id=6308, stack(0x000000d169300000,0x000000d169400000) (1024K)]
  0x0000022a591ea7b0 JavaThread "Unconstrained build operations Thread 40"        [_thread_blocked, id=24172, stack(0x000000d169400000,0x000000d169500000) (1024K)]
  0x0000022a591e86e0 JavaThread "Unconstrained build operations Thread 41"        [_thread_blocked, id=18448, stack(0x000000d169500000,0x000000d169600000) (1024K)]
  0x0000022a591eae40 JavaThread "Unconstrained build operations Thread 42"        [_thread_blocked, id=21316, stack(0x000000d169600000,0x000000d169700000) (1024K)]
  0x0000022a591e79c0 JavaThread "Unconstrained build operations Thread 43"        [_thread_blocked, id=14572, stack(0x000000d169700000,0x000000d169800000) (1024K)]
  0x0000022a591eb4d0 JavaThread "Unconstrained build operations Thread 44"        [_thread_blocked, id=19388, stack(0x000000d169800000,0x000000d169900000) (1024K)]
  0x0000022a591e8050 JavaThread "Unconstrained build operations Thread 45"        [_thread_blocked, id=21516, stack(0x000000d169900000,0x000000d169a00000) (1024K)]
  0x0000022a591edc30 JavaThread "Unconstrained build operations Thread 46"        [_thread_blocked, id=20912, stack(0x000000d169a00000,0x000000d169b00000) (1024K)]
  0x0000022a591ebb60 JavaThread "Unconstrained build operations Thread 47"        [_thread_blocked, id=16812, stack(0x000000d169b00000,0x000000d169c00000) (1024K)]
  0x0000022a591ec1f0 JavaThread "Unconstrained build operations Thread 48"        [_thread_blocked, id=14252, stack(0x000000d169c00000,0x000000d169d00000) (1024K)]
  0x0000022a591ec880 JavaThread "Unconstrained build operations Thread 49"        [_thread_blocked, id=24524, stack(0x000000d169d00000,0x000000d169e00000) (1024K)]
  0x0000022a591ecf10 JavaThread "Unconstrained build operations Thread 50"        [_thread_blocked, id=20944, stack(0x000000d169e00000,0x000000d169f00000) (1024K)]
  0x0000022a591ed5a0 JavaThread "Unconstrained build operations Thread 51"        [_thread_blocked, id=5012, stack(0x000000d169f00000,0x000000d16a000000) (1024K)]
  0x0000022a591ee2c0 JavaThread "Unconstrained build operations Thread 52"        [_thread_blocked, id=16436, stack(0x000000d16a000000,0x000000d16a100000) (1024K)]
  0x0000022a58518600 JavaThread "Unconstrained build operations Thread 53"        [_thread_blocked, id=27640, stack(0x000000d16a100000,0x000000d16a200000) (1024K)]
  0x0000022a58517250 JavaThread "Unconstrained build operations Thread 54"        [_thread_blocked, id=5932, stack(0x000000d16a200000,0x000000d16a300000) (1024K)]
  0x0000022a58516bc0 JavaThread "Unconstrained build operations Thread 55"        [_thread_blocked, id=16784, stack(0x000000d16a300000,0x000000d16a400000) (1024K)]
  0x0000022a58519320 JavaThread "Unconstrained build operations Thread 56"        [_thread_blocked, id=24732, stack(0x000000d16a400000,0x000000d16a500000) (1024K)]
  0x0000022a58518c90 JavaThread "Unconstrained build operations Thread 57"        [_thread_blocked, id=4156, stack(0x000000d16a500000,0x000000d16a600000) (1024K)]
  0x0000022a5851a040 JavaThread "Unconstrained build operations Thread 58"        [_thread_blocked, id=26800, stack(0x000000d16a600000,0x000000d16a700000) (1024K)]
  0x0000022a5851a6d0 JavaThread "Unconstrained build operations Thread 59"        [_thread_blocked, id=27060, stack(0x000000d16a700000,0x000000d16a800000) (1024K)]
  0x0000022a58517f70 JavaThread "Unconstrained build operations Thread 60"        [_thread_blocked, id=16348, stack(0x000000d16a800000,0x000000d16a900000) (1024K)]
  0x0000022a585199b0 JavaThread "Unconstrained build operations Thread 61"        [_thread_blocked, id=7992, stack(0x000000d16a900000,0x000000d16aa00000) (1024K)]
  0x0000022a5851ad60 JavaThread "Unconstrained build operations Thread 62"        [_thread_blocked, id=23944, stack(0x000000d16aa00000,0x000000d16ab00000) (1024K)]
  0x0000022a585178e0 JavaThread "Unconstrained build operations Thread 63"        [_thread_blocked, id=19924, stack(0x000000d16ab00000,0x000000d16ac00000) (1024K)]
  0x0000022a5851b3f0 JavaThread "Unconstrained build operations Thread 64"        [_thread_blocked, id=18384, stack(0x000000d16ac00000,0x000000d16ad00000) (1024K)]
  0x0000022a5851d4c0 JavaThread "Unconstrained build operations Thread 65"        [_thread_blocked, id=19352, stack(0x000000d16ad00000,0x000000d16ae00000) (1024K)]
  0x0000022a5851ce30 JavaThread "Unconstrained build operations Thread 66"        [_thread_blocked, id=18524, stack(0x000000d16ae00000,0x000000d16af00000) (1024K)]
  0x0000022a5851c110 JavaThread "Unconstrained build operations Thread 67"        [_thread_blocked, id=11524, stack(0x000000d16af00000,0x000000d16b000000) (1024K)]
  0x0000022a5851db50 JavaThread "Unconstrained build operations Thread 68"        [_thread_blocked, id=13836, stack(0x000000d16b000000,0x000000d16b100000) (1024K)]
  0x0000022a5851e1e0 JavaThread "Unconstrained build operations Thread 69"        [_thread_blocked, id=13496, stack(0x000000d162800000,0x000000d162900000) (1024K)]
  0x0000022a5851ba80 JavaThread "Unconstrained build operations Thread 70"        [_thread_blocked, id=20392, stack(0x000000d162a00000,0x000000d162b00000) (1024K)]
  0x0000022a5851c7a0 JavaThread "Unconstrained build operations Thread 71"        [_thread_blocked, id=24084, stack(0x000000d16b100000,0x000000d16b200000) (1024K)]
  0x0000022a593e9150 JavaThread "Unconstrained build operations Thread 72"        [_thread_blocked, id=15260, stack(0x000000d16b200000,0x000000d16b300000) (1024K)]
  0x0000022a593e97e0 JavaThread "Unconstrained build operations Thread 73"        [_thread_blocked, id=24708, stack(0x000000d16b300000,0x000000d16b400000) (1024K)]
  0x0000022a593eb220 JavaThread "Unconstrained build operations Thread 74"        [_thread_blocked, id=19608, stack(0x000000d16b400000,0x000000d16b500000) (1024K)]
  0x0000022a593e9e70 JavaThread "Unconstrained build operations Thread 75"        [_thread_blocked, id=18392, stack(0x000000d16b500000,0x000000d16b600000) (1024K)]
  0x0000022a593eab90 JavaThread "Unconstrained build operations Thread 76"        [_thread_blocked, id=23092, stack(0x000000d16b600000,0x000000d16b700000) (1024K)]
  0x0000022a593ea500 JavaThread "Unconstrained build operations Thread 77"        [_thread_blocked, id=4668, stack(0x000000d16b700000,0x000000d16b800000) (1024K)]
  0x0000022a593e8430 JavaThread "Unconstrained build operations Thread 78"        [_thread_blocked, id=13996, stack(0x000000d16b800000,0x000000d16b900000) (1024K)]
  0x0000022a593e7da0 JavaThread "Unconstrained build operations Thread 79"        [_thread_blocked, id=17292, stack(0x000000d16b900000,0x000000d16ba00000) (1024K)]
  0x0000022a593eb8b0 JavaThread "Unconstrained build operations Thread 80"        [_thread_blocked, id=23732, stack(0x000000d16ba00000,0x000000d16bb00000) (1024K)]
  0x0000022a593ebf40 JavaThread "Unconstrained build operations Thread 81"        [_thread_blocked, id=25604, stack(0x000000d16bb00000,0x000000d16bc00000) (1024K)]
  0x0000022a593e8ac0 JavaThread "Unconstrained build operations Thread 82"        [_thread_blocked, id=21140, stack(0x000000d16bc00000,0x000000d16bd00000) (1024K)]
  0x0000022a593ee6a0 JavaThread "Unconstrained build operations Thread 83"        [_thread_blocked, id=26776, stack(0x000000d16bd00000,0x000000d16be00000) (1024K)]
  0x0000022a593ec5d0 JavaThread "Unconstrained build operations Thread 84"        [_thread_blocked, id=17392, stack(0x000000d16be00000,0x000000d16bf00000) (1024K)]
  0x0000022a593eed30 JavaThread "Unconstrained build operations Thread 85"        [_thread_blocked, id=7136, stack(0x000000d16bf00000,0x000000d16c000000) (1024K)]
  0x0000022a593ef3c0 JavaThread "Unconstrained build operations Thread 86"        [_thread_blocked, id=21948, stack(0x000000d16c000000,0x000000d16c100000) (1024K)]
  0x0000022a593ecc60 JavaThread "Unconstrained build operations Thread 87"        [_thread_blocked, id=19208, stack(0x000000d16c100000,0x000000d16c200000) (1024K)]
  0x0000022a593ed2f0 JavaThread "Unconstrained build operations Thread 88"        [_thread_blocked, id=16568, stack(0x000000d16c200000,0x000000d16c300000) (1024K)]
  0x0000022a593ed980 JavaThread "Unconstrained build operations Thread 89"        [_thread_blocked, id=22608, stack(0x000000d16c300000,0x000000d16c400000) (1024K)]
  0x0000022a593ee010 JavaThread "Unconstrained build operations Thread 90"        [_thread_blocked, id=15056, stack(0x000000d16c400000,0x000000d16c500000) (1024K)]
  0x0000022a58528cd0 JavaThread "Unconstrained build operations Thread 91"        [_thread_blocked, id=11444, stack(0x000000d16c500000,0x000000d16c600000) (1024K)]
  0x0000022a5852a710 JavaThread "Unconstrained build operations Thread 92"        [_thread_blocked, id=7156, stack(0x000000d16c600000,0x000000d16c700000) (1024K)]
  0x0000022a58527fb0 JavaThread "Unconstrained build operations Thread 93"        [_thread_blocked, id=24824, stack(0x000000d16c700000,0x000000d16c800000) (1024K)]
  0x0000022a58529360 JavaThread "Unconstrained build operations Thread 94"        [_thread_blocked, id=27516, stack(0x000000d16c800000,0x000000d16c900000) (1024K)]
  0x0000022a58528640 JavaThread "Unconstrained build operations Thread 95"        [_thread_blocked, id=23336, stack(0x000000d16c900000,0x000000d16ca00000) (1024K)]
  0x0000022a585299f0 JavaThread "Unconstrained build operations Thread 96"        [_thread_blocked, id=22900, stack(0x000000d16ca00000,0x000000d16cb00000) (1024K)]
  0x0000022a58527290 JavaThread "Unconstrained build operations Thread 97"        [_thread_blocked, id=1940, stack(0x000000d16cb00000,0x000000d16cc00000) (1024K)]
  0x0000022a5852a080 JavaThread "Unconstrained build operations Thread 98"        [_thread_blocked, id=25608, stack(0x000000d16cc00000,0x000000d16cd00000) (1024K)]
  0x0000022a5852ada0 JavaThread "Unconstrained build operations Thread 99"        [_thread_blocked, id=8132, stack(0x000000d16cd00000,0x000000d16ce00000) (1024K)]
  0x0000022a58527920 JavaThread "Unconstrained build operations Thread 100"        [_thread_blocked, id=14492, stack(0x000000d16ce00000,0x000000d16cf00000) (1024K)]
  0x0000022a5852c7e0 JavaThread "Unconstrained build operations Thread 101"        [_thread_blocked, id=12996, stack(0x000000d16cf00000,0x000000d16d000000) (1024K)]
  0x0000022a5852bac0 JavaThread "build event listener"              [_thread_blocked, id=27028, stack(0x000000d16d200000,0x000000d16d300000) (1024K)]
  0x0000022a57b2fa30 JavaThread "jar transforms"                    [_thread_blocked, id=19372, stack(0x000000d162900000,0x000000d162a00000) (1024K)]
  0x0000022a6030a750 JavaThread "Unconstrained build operations Thread 102"        [_thread_blocked, id=12424, stack(0x000000d16d300000,0x000000d16d400000) (1024K)]
  0x0000022a6030ade0 JavaThread "Unconstrained build operations Thread 103"        [_thread_blocked, id=25436, stack(0x000000d16d400000,0x000000d16d500000) (1024K)]
  0x0000022a6030c820 JavaThread "Unconstrained build operations Thread 104"        [_thread_blocked, id=15960, stack(0x000000d16d500000,0x000000d16d600000) (1024K)]
  0x0000022a6030ceb0 JavaThread "Unconstrained build operations Thread 105"        [_thread_blocked, id=9356, stack(0x000000d16d600000,0x000000d16d700000) (1024K)]
  0x0000022a6030c190 JavaThread "Unconstrained build operations Thread 106"        [_thread_blocked, id=26000, stack(0x000000d16d700000,0x000000d16d800000) (1024K)]
  0x0000022a60309a30 JavaThread "Unconstrained build operations Thread 107"        [_thread_blocked, id=7568, stack(0x000000d16d800000,0x000000d16d900000) (1024K)]
  0x0000022a6030d540 JavaThread "Unconstrained build operations Thread 108"        [_thread_blocked, id=22072, stack(0x000000d16d900000,0x000000d16da00000) (1024K)]
  0x0000022a6030a0c0 JavaThread "Unconstrained build operations Thread 109"        [_thread_blocked, id=18372, stack(0x000000d16da00000,0x000000d16db00000) (1024K)]
  0x0000022a6030dbd0 JavaThread "Unconstrained build operations Thread 110"        [_thread_blocked, id=10324, stack(0x000000d16db00000,0x000000d16dc00000) (1024K)]
  0x0000022a6030e260 JavaThread "Unconstrained build operations Thread 111"        [_thread_blocked, id=24032, stack(0x000000d16dc00000,0x000000d16dd00000) (1024K)]
  0x0000022a6030e8f0 JavaThread "Unconstrained build operations Thread 112"        [_thread_blocked, id=7496, stack(0x000000d16dd00000,0x000000d16de00000) (1024K)]
  0x0000022a6030ef80 JavaThread "Unconstrained build operations Thread 113"        [_thread_blocked, id=12780, stack(0x000000d16de00000,0x000000d16df00000) (1024K)]
  0x0000022a6030bb00 JavaThread "Unconstrained build operations Thread 114"        [_thread_blocked, id=16064, stack(0x000000d16df00000,0x000000d16e000000) (1024K)]
  0x0000022a603116e0 JavaThread "Unconstrained build operations Thread 115"        [_thread_blocked, id=22248, stack(0x000000d16e000000,0x000000d16e100000) (1024K)]
  0x0000022a6030f610 JavaThread "Unconstrained build operations Thread 116"        [_thread_blocked, id=27348, stack(0x000000d16e100000,0x000000d16e200000) (1024K)]
  0x0000022a60312400 JavaThread "Unconstrained build operations Thread 117"        [_thread_blocked, id=24072, stack(0x000000d16e200000,0x000000d16e300000) (1024K)]
  0x0000022a60312a90 JavaThread "Unconstrained build operations Thread 118"        [_thread_blocked, id=23924, stack(0x000000d16e300000,0x000000d16e400000) (1024K)]
  0x0000022a603109c0 JavaThread "Unconstrained build operations Thread 119"        [_thread_blocked, id=19996, stack(0x000000d16e400000,0x000000d16e500000) (1024K)]
  0x0000022a6030fca0 JavaThread "Unconstrained build operations Thread 120"        [_thread_blocked, id=14796, stack(0x000000d16e500000,0x000000d16e600000) (1024K)]
  0x0000022a60310330 JavaThread "File lock release action executor"        [_thread_blocked, id=22456, stack(0x000000d16e700000,0x000000d16e800000) (1024K)]
  0x0000022a60313e40 JavaThread "jar transforms Thread 2"           [_thread_blocked, id=20712, stack(0x000000d16e600000,0x000000d16e700000) (1024K)]
  0x0000022a60311d70 JavaThread "Problems report writer"            [_thread_blocked, id=24124, stack(0x000000d16e800000,0x000000d16e900000) (1024K)]
  0x0000022a60317fe0 JavaThread "jar transforms Thread 3"           [_thread_blocked, id=12492, stack(0x000000d16e900000,0x000000d16ea00000) (1024K)]
  0x0000022a603165a0 JavaThread "jar transforms Thread 4"           [_thread_blocked, id=7276, stack(0x000000d168100000,0x000000d168200000) (1024K)]
  0x0000022a603172c0 JavaThread "jar transforms Thread 5"           [_thread_blocked, id=10288, stack(0x000000d16ea00000,0x000000d16eb00000) (1024K)]
  0x0000022a60314b60 JavaThread "jar transforms Thread 6"           [_thread_blocked, id=22984, stack(0x000000d16eb00000,0x000000d16ec00000) (1024K)]
  0x0000022a60318670 JavaThread "jar transforms Thread 7"           [_thread_blocked, id=11352, stack(0x000000d16ec00000,0x000000d16ed00000) (1024K)]
  0x0000022a603151f0 JavaThread "jar transforms Thread 8"           [_thread_blocked, id=16692, stack(0x000000d16ed00000,0x000000d16ee00000) (1024K)]
  0x0000022a60318d00 JavaThread "jar transforms Thread 9"           [_thread_blocked, id=12904, stack(0x000000d16ee00000,0x000000d16ef00000) (1024K)]
  0x0000022a60315880 JavaThread "jar transforms Thread 10"          [_thread_blocked, id=3152, stack(0x000000d16ef00000,0x000000d16f000000) (1024K)]
  0x0000022a61ffffd0 JavaThread "included builds Thread 2"          [_thread_blocked, id=15836, stack(0x000000d16f100000,0x000000d16f200000) (1024K)]
  0x0000022a62003ae0 JavaThread "Cache worker for execution history cache (C:\Users\tech1\OneDrive\Desktop\framer website\agri-flow-flutter\android\.gradle\8.14\executionHistory)"        [_thread_blocked, id=22472, stack(0x000000d16f200000,0x000000d16f300000) (1024K)]
  0x0000022a62000cf0 JavaThread "Exec process"                      [_thread_blocked, id=17676, stack(0x000000d16f000000,0x000000d16f100000) (1024K)]
  0x0000022a62004800 JavaThread "Exec process Thread 2"             [_thread_blocked, id=12096, stack(0x000000d16f300000,0x000000d16f400000) (1024K)]
  0x0000022a62004e90 JavaThread "Exec process Thread 3"             [_thread_blocked, id=25780, stack(0x000000d16f400000,0x000000d16f500000) (1024K)]
  0x0000022a62004170 JavaThread "WorkerExecutor Queue"              [_thread_in_native, id=21292, stack(0x000000d16f500000,0x000000d16f600000) (1024K)]
  0x0000022a620020a0 JavaThread "WorkerExecutor Queue Thread 2"        [_thread_blocked, id=26536, stack(0x000000d16f600000,0x000000d16f700000) (1024K)]
  0x0000022a62006240 JavaThread "Cache worker for Java compile cache (C:\Users\tech1\.gradle\caches\8.14\javaCompile)"        [_thread_blocked, id=1936, stack(0x000000d16f700000,0x000000d16f800000) (1024K)]
  0x0000022a620075f0 JavaThread "Build operations"                  [_thread_blocked, id=17668, stack(0x000000d16f800000,0x000000d16f900000) (1024K)]
  0x0000022a62005520 JavaThread "Build operations Thread 2"         [_thread_blocked, id=21404, stack(0x000000d16f900000,0x000000d16fa00000) (1024K)]
  0x0000022a550349b0 JavaThread "Build operations Thread 3"         [_thread_blocked, id=17764, stack(0x000000d16fa00000,0x000000d16fb00000) (1024K)]
  0x0000022a57b32820 JavaThread "Build operations Thread 4"         [_thread_blocked, id=18688, stack(0x000000d16fb00000,0x000000d16fc00000) (1024K)]
  0x0000022a603137b0 JavaThread "Build operations Thread 5"         [_thread_blocked, id=20936, stack(0x000000d16fc00000,0x000000d16fd00000) (1024K)]
  0x0000022a602e9f20 JavaThread "Build operations Thread 6"         [_thread_blocked, id=2340, stack(0x000000d16fd00000,0x000000d16fe00000) (1024K)]
  0x0000022a602e9890 JavaThread "Build operations Thread 7"         [_thread_blocked, id=24768, stack(0x000000d16fe00000,0x000000d16ff00000) (1024K)]
  0x0000022a602e84e0 JavaThread "Build operations Thread 8"         [_thread_blocked, id=2716, stack(0x000000d16ff00000,0x000000d170000000) (1024K)]
  0x0000022a602e6aa0 JavaThread "Build operations Thread 9"         [_thread_blocked, id=16548, stack(0x000000d170000000,0x000000d170100000) (1024K)]
  0x0000022a602e7e50 JavaThread "Build operations Thread 10"        [_thread_blocked, id=9364, stack(0x000000d170100000,0x000000d170200000) (1024K)]
  0x0000022a602ea5b0 JavaThread "Build operations Thread 11"        [_thread_blocked, id=15544, stack(0x000000d170200000,0x000000d170300000) (1024K)]
  0x0000022a602ec680 JavaThread "WorkerExecutor Queue Thread 3"        [_thread_blocked, id=13864, stack(0x000000d170300000,0x000000d170400000) (1024K)]
  0x0000022a602ed3a0 JavaThread "WorkerExecutor Queue Thread 4"        [_thread_blocked, id=13088, stack(0x000000d170400000,0x000000d170500000) (1024K)]
  0x0000022a602ee0c0 JavaThread "WorkerExecutor Queue Thread 5"        [_thread_blocked, id=25168, stack(0x000000d170500000,0x000000d170600000) (1024K)]
  0x0000022a602eda30 JavaThread "WorkerExecutor Queue Thread 6"        [_thread_blocked, id=15804, stack(0x000000d170600000,0x000000d170700000) (1024K)]
  0x0000022a4d74de00 JavaThread "WorkerExecutor Queue Thread 7"        [_thread_blocked, id=5868, stack(0x000000d170700000,0x000000d170800000) (1024K)]
  0x0000022a4d74f1b0 JavaThread "WorkerExecutor Queue Thread 8"        [_thread_blocked, id=21012, stack(0x000000d170800000,0x000000d170900000) (1024K)]
  0x0000022a4d74eb20 JavaThread "WorkerExecutor Queue Thread 9"        [_thread_blocked, id=23328, stack(0x000000d170900000,0x000000d170a00000) (1024K)]
  0x0000022a4d74fed0 JavaThread "WorkerExecutor Queue Thread 10"        [_thread_blocked, id=27096, stack(0x000000d170a00000,0x000000d170b00000) (1024K)]
  0x0000022a4d74d770 JavaThread "WorkerExecutor Queue Thread 11"        [_thread_blocked, id=5380, stack(0x000000d170b00000,0x000000d170c00000) (1024K)]
  0x0000022a4d750560 JavaThread "WorkerExecutor Queue Thread 12"        [_thread_blocked, id=25268, stack(0x000000d170c00000,0x000000d170d00000) (1024K)]
  0x0000022a4d74f840 JavaThread "RMI Scheduler(0)"           daemon [_thread_blocked, id=14892, stack(0x000000d170d00000,0x000000d170e00000) (1024K)]
  0x0000022a4d751280 JavaThread "RMI RenewClean-[127.0.0.1:17561,org.jetbrains.kotlin.daemon.common.LoopbackNetworkInterface$ClientLoopbackSocketFactory@1f849970]" daemon [_thread_blocked, id=17312, stack(0x000000d170e00000,0x000000d170f00000) (1024K)]
  0x0000022a4d750bf0 JavaThread "RMI GC Daemon"              daemon [_thread_blocked, id=16684, stack(0x000000d170f00000,0x000000d171000000) (1024K)]
  0x0000022a4d74e490 JavaThread "RMI TCP Accept-0"           daemon [_thread_in_native, id=12892, stack(0x000000d171000000,0x000000d171100000) (1024K)]
  0x0000022a4d752630 JavaThread "RMI Reaper"                        [_thread_blocked, id=26936, stack(0x000000d171100000,0x000000d171200000) (1024K)]
  0x0000022a4d752cc0 JavaThread "RMI TCP Connection(1)-127.0.0.1" daemon [_thread_in_native, id=18680, stack(0x000000d171200000,0x000000d171300000) (1024K)]
Total: 215

Other Threads:
=>0x0000022a4d895640 VMThread "VM Thread"                           [id=18044, stack(0x000000d163200000,0x000000d163300000) (1024K)]
  0x0000022a4d84c0b0 WatcherThread "VM Periodic Task Thread"        [id=14384, stack(0x000000d163100000,0x000000d163200000) (1024K)]
  0x0000022a1fe7ecf0 WorkerThread "GC Thread#0"                     [id=20568, stack(0x000000d162c00000,0x000000d162d00000) (1024K)]
  0x0000022a55311150 WorkerThread "GC Thread#1"                     [id=22228, stack(0x000000d163d00000,0x000000d163e00000) (1024K)]
  0x0000022a55224700 WorkerThread "GC Thread#2"                     [id=9472, stack(0x000000d163e00000,0x000000d163f00000) (1024K)]
  0x0000022a55a30c10 WorkerThread "GC Thread#3"                     [id=13784, stack(0x000000d163f00000,0x000000d164000000) (1024K)]
  0x0000022a55a34940 WorkerThread "GC Thread#4"                     [id=25476, stack(0x000000d164000000,0x000000d164100000) (1024K)]
  0x0000022a560975b0 WorkerThread "GC Thread#5"                     [id=12352, stack(0x000000d164300000,0x000000d164400000) (1024K)]
  0x0000022a553e6780 WorkerThread "GC Thread#6"                     [id=6904, stack(0x000000d164400000,0x000000d164500000) (1024K)]
  0x0000022a55441330 WorkerThread "GC Thread#7"                     [id=17924, stack(0x000000d164500000,0x000000d164600000) (1024K)]
  0x0000022a5694d710 WorkerThread "GC Thread#8"                     [id=18320, stack(0x000000d164600000,0x000000d164700000) (1024K)]
  0x0000022a5694d370 WorkerThread "GC Thread#9"                     [id=13744, stack(0x000000d164700000,0x000000d164800000) (1024K)]
  0x0000022a1dade2b0 ConcurrentGCThread "G1 Main Marker"            [id=15712, stack(0x000000d162d00000,0x000000d162e00000) (1024K)]
  0x0000022a1dadeb60 WorkerThread "G1 Conc#0"                       [id=6208, stack(0x000000d162e00000,0x000000d162f00000) (1024K)]
  0x0000022a5694cc30 WorkerThread "G1 Conc#1"                       [id=17636, stack(0x000000d165000000,0x000000d165100000) (1024K)]
  0x0000022a5694cfd0 WorkerThread "G1 Conc#2"                       [id=19328, stack(0x000000d165100000,0x000000d165200000) (1024K)]
  0x0000022a4d7223f0 ConcurrentGCThread "G1 Refine#0"               [id=23256, stack(0x000000d162f00000,0x000000d163000000) (1024K)]
  0x0000022a4d722920 ConcurrentGCThread "G1 Service"                [id=24056, stack(0x000000d163000000,0x000000d163100000) (1024K)]
Total: 18

Threads with active compile tasks:
Total: 0

VM state: at safepoint (normal execution)

VM Mutex/Monitor currently owned by a thread:  ([mutex/lock_event])
[0x00007ffe130b8690] Threads_lock - owner thread: 0x0000022a4d895640
[0x00007ffe130b8790] Heap_lock - owner thread: 0x0000022a602ee0c0

Heap address: 0x0000000600000000, size: 8192 MB, Compressed Oops mode: Zero based, Oop shift amount: 3

CDS archive(s) not mapped
Compressed class space mapped at: 0x0000000800000000-0x0000000840000000, reserved size: 1073741824
Narrow klass base: 0x0000000800000000, Narrow klass shift: 0, Narrow klass range: 0x40000000

GC Precious Log:
 CardTable entry size: 512
 Card Set container configuration: InlinePtr #cards 4 size 8 Array Of Cards #cards 32 size 80 Howl #buckets 8 coarsen threshold 7372 Howl Bitmap #cards 1024 size 144 coarsen threshold 921 Card regions per heap region 1 cards per card region 8192
 CPUs: 12 total, 12 available
 Memory: 7832M
 Large Page Support: Disabled
 NUMA Support: Disabled
 Compressed Oops: Enabled (Zero based)
 Heap Region Size: 4M
 Heap Min Capacity: 8M
 Heap Initial Capacity: 124M
 Heap Max Capacity: 8G
 Pre-touch: Disabled
 Parallel Workers: 10
 Concurrent Workers: 3
 Concurrent Refinement Workers: 10
 Periodic GC: Disabled

Heap:
 garbage-first heap   total 385024K, used 225631K [0x0000000600000000, 0x0000000800000000)
  region size 4096K, 3 young (12288K), 3 survivors (12288K)
 Metaspace       used 156066K, committed 158592K, reserved 1245184K
  class space    used 21467K, committed 22720K, reserved 1048576K

Heap Regions: E=young(eden), S=young(survivor), O=old, HS=humongous(starts), HC=humongous(continues), CS=collection set, F=free, TAMS=top-at-mark-start, PB=parsable bottom
|   0|0x0000000600000000, 0x0000000600400000, 0x0000000600400000|100%|HS|  |TAMS 0x0000000600000000| PB 0x0000000600000000| Complete 
|   1|0x0000000600400000, 0x0000000600800000, 0x0000000600800000|100%| O|  |TAMS 0x0000000600400000| PB 0x0000000600400000| Untracked 
|   2|0x0000000600800000, 0x0000000600c00000, 0x0000000600c00000|100%| O|  |TAMS 0x0000000600800000| PB 0x0000000600800000| Untracked 
|   3|0x0000000600c00000, 0x0000000601000000, 0x0000000601000000|100%| O|  |TAMS 0x0000000600c00000| PB 0x0000000600c00000| Untracked 
|   4|0x0000000601000000, 0x0000000601400000, 0x0000000601400000|100%| O|  |TAMS 0x0000000601000000| PB 0x0000000601000000| Untracked 
|   5|0x0000000601400000, 0x0000000601800000, 0x0000000601800000|100%| O|  |TAMS 0x0000000601400000| PB 0x0000000601400000| Untracked 
|   6|0x0000000601800000, 0x0000000601c00000, 0x0000000601c00000|100%| O|  |TAMS 0x0000000601800000| PB 0x0000000601800000| Untracked 
|   7|0x0000000601c00000, 0x0000000602000000, 0x0000000602000000|100%| O|  |TAMS 0x0000000601c00000| PB 0x0000000601c00000| Untracked 
|   8|0x0000000602000000, 0x0000000602400000, 0x0000000602400000|100%| O|  |TAMS 0x0000000602000000| PB 0x0000000602000000| Untracked 
|   9|0x0000000602400000, 0x0000000602800000, 0x0000000602800000|100%| O|  |TAMS 0x0000000602400000| PB 0x0000000602400000| Untracked 
|  10|0x0000000602800000, 0x0000000602800000, 0x0000000602c00000|  0%| F|  |TAMS 0x0000000602800000| PB 0x0000000602800000| Untracked 
|  11|0x0000000602c00000, 0x0000000603000000, 0x0000000603000000|100%|HS|  |TAMS 0x0000000602c00000| PB 0x0000000602c00000| Complete 
|  12|0x0000000603000000, 0x0000000603400000, 0x0000000603400000|100%|HS|  |TAMS 0x0000000603000000| PB 0x0000000603000000| Complete 
|  13|0x0000000603400000, 0x0000000603800000, 0x0000000603800000|100%| O|  |TAMS 0x0000000603400000| PB 0x0000000603400000| Untracked 
|  14|0x0000000603800000, 0x0000000603c00000, 0x0000000603c00000|100%| O|  |TAMS 0x0000000603800000| PB 0x0000000603800000| Untracked 
|  15|0x0000000603c00000, 0x0000000604000000, 0x0000000604000000|100%| O|  |TAMS 0x0000000603c00000| PB 0x0000000603c00000| Untracked 
|  16|0x0000000604000000, 0x0000000604400000, 0x0000000604400000|100%| O|  |TAMS 0x0000000604000000| PB 0x0000000604000000| Untracked 
|  17|0x0000000604400000, 0x0000000604800000, 0x0000000604800000|100%| O|  |TAMS 0x0000000604400000| PB 0x0000000604400000| Untracked 
|  18|0x0000000604800000, 0x0000000604adaec0, 0x0000000604c00000| 71%| O|  |TAMS 0x0000000604800000| PB 0x0000000604800000| Untracked 
|  19|0x0000000604c00000, 0x0000000605000000, 0x0000000605000000|100%|HS|  |TAMS 0x0000000604c00000| PB 0x0000000604c00000| Complete 
|  20|0x0000000605000000, 0x0000000605400000, 0x0000000605400000|100%| O|  |TAMS 0x0000000605000000| PB 0x0000000605000000| Untracked 
|  21|0x0000000605400000, 0x0000000605800000, 0x0000000605800000|100%| O|  |TAMS 0x0000000605400000| PB 0x0000000605400000| Untracked 
|  22|0x0000000605800000, 0x0000000605c00000, 0x0000000605c00000|100%| O|  |TAMS 0x0000000605800000| PB 0x0000000605800000| Untracked 
|  23|0x0000000605c00000, 0x0000000606000000, 0x0000000606000000|100%| O|  |TAMS 0x0000000605c00000| PB 0x0000000605c00000| Untracked 
|  24|0x0000000606000000, 0x0000000606400000, 0x0000000606400000|100%| O|  |TAMS 0x0000000606000000| PB 0x0000000606000000| Untracked 
|  25|0x0000000606400000, 0x0000000606800000, 0x0000000606800000|100%| O|  |TAMS 0x0000000606400000| PB 0x0000000606400000| Untracked 
|  26|0x0000000606800000, 0x0000000606c00000, 0x0000000606c00000|100%| O|  |TAMS 0x0000000606800000| PB 0x0000000606800000| Untracked 
|  27|0x0000000606c00000, 0x0000000607000000, 0x0000000607000000|100%| O|  |TAMS 0x0000000606c00000| PB 0x0000000606c00000| Untracked 
|  28|0x0000000607000000, 0x0000000607400000, 0x0000000607400000|100%| O|  |TAMS 0x0000000607000000| PB 0x0000000607000000| Untracked 
|  29|0x0000000607400000, 0x0000000607400000, 0x0000000607800000|  0%| F|  |TAMS 0x0000000607400000| PB 0x0000000607400000| Untracked 
|  30|0x0000000607800000, 0x0000000607c00000, 0x0000000607c00000|100%| O|  |TAMS 0x0000000607800000| PB 0x0000000607800000| Untracked 
|  31|0x0000000607c00000, 0x0000000608000000, 0x0000000608000000|100%| O|  |TAMS 0x0000000607c00000| PB 0x0000000607c00000| Untracked 
|  32|0x0000000608000000, 0x0000000608400000, 0x0000000608400000|100%| O|  |TAMS 0x0000000608000000| PB 0x0000000608000000| Untracked 
|  33|0x0000000608400000, 0x0000000608800000, 0x0000000608800000|100%|HS|  |TAMS 0x0000000608400000| PB 0x0000000608400000| Complete 
|  34|0x0000000608800000, 0x0000000608c00000, 0x0000000608c00000|100%| O|  |TAMS 0x0000000608800000| PB 0x0000000608800000| Untracked 
|  35|0x0000000608c00000, 0x0000000609000000, 0x0000000609000000|100%| O|  |TAMS 0x0000000608c00000| PB 0x0000000608c00000| Untracked 
|  36|0x0000000609000000, 0x0000000609400000, 0x0000000609400000|100%| O|  |TAMS 0x0000000609000000| PB 0x0000000609000000| Untracked 
|  37|0x0000000609400000, 0x0000000609400000, 0x0000000609800000|  0%| F|  |TAMS 0x0000000609400000| PB 0x0000000609400000| Untracked 
|  38|0x0000000609800000, 0x0000000609c00000, 0x0000000609c00000|100%| O|  |TAMS 0x0000000609800000| PB 0x0000000609800000| Untracked 
|  39|0x0000000609c00000, 0x000000060a000000, 0x000000060a000000|100%| O|  |TAMS 0x0000000609c00000| PB 0x0000000609c00000| Untracked 
|  40|0x000000060a000000, 0x000000060a400000, 0x000000060a400000|100%| O|  |TAMS 0x000000060a000000| PB 0x000000060a000000| Untracked 
|  41|0x000000060a400000, 0x000000060a800000, 0x000000060a800000|100%| O|  |TAMS 0x000000060a400000| PB 0x000000060a400000| Untracked 
|  42|0x000000060a800000, 0x000000060ac00000, 0x000000060ac00000|100%| O|  |TAMS 0x000000060a800000| PB 0x000000060a800000| Untracked 
|  43|0x000000060ac00000, 0x000000060b000000, 0x000000060b000000|100%| O|  |TAMS 0x000000060ac00000| PB 0x000000060ac00000| Untracked 
|  44|0x000000060b000000, 0x000000060b400000, 0x000000060b400000|100%| O|  |TAMS 0x000000060b000000| PB 0x000000060b000000| Untracked 
|  45|0x000000060b400000, 0x000000060b800000, 0x000000060b800000|100%| O|  |TAMS 0x000000060b400000| PB 0x000000060b400000| Untracked 
|  46|0x000000060b800000, 0x000000060bc00000, 0x000000060bc00000|100%| O|  |TAMS 0x000000060b800000| PB 0x000000060b800000| Untracked 
|  47|0x000000060bc00000, 0x000000060c000000, 0x000000060c000000|100%| O|  |TAMS 0x000000060bc00000| PB 0x000000060bc00000| Untracked 
|  48|0x000000060c000000, 0x000000060c400000, 0x000000060c400000|100%| O|  |TAMS 0x000000060c000000| PB 0x000000060c000000| Untracked 
|  49|0x000000060c400000, 0x000000060c400000, 0x000000060c800000|  0%| F|  |TAMS 0x000000060c400000| PB 0x000000060c400000| Untracked 
|  50|0x000000060c800000, 0x000000060cc00000, 0x000000060cc00000|100%| O|  |TAMS 0x000000060c800000| PB 0x000000060c800000| Untracked 
|  51|0x000000060cc00000, 0x000000060d000000, 0x000000060d000000|100%| O|  |TAMS 0x000000060cc00000| PB 0x000000060cc00000| Untracked 
|  52|0x000000060d000000, 0x000000060d000000, 0x000000060d400000|  0%| F|  |TAMS 0x000000060d000000| PB 0x000000060d000000| Untracked 
|  53|0x000000060d400000, 0x000000060d800000, 0x000000060d800000|100%| O|  |TAMS 0x000000060d400000| PB 0x000000060d400000| Untracked 
|  54|0x000000060d800000, 0x000000060d97cf90, 0x000000060dc00000| 37%| S|CS|TAMS 0x000000060d800000| PB 0x000000060d800000| Complete 
|  55|0x000000060dc00000, 0x000000060e000000, 0x000000060e000000|100%| S|CS|TAMS 0x000000060dc00000| PB 0x000000060dc00000| Complete 
|  56|0x000000060e000000, 0x000000060e400000, 0x000000060e400000|100%| S|CS|TAMS 0x000000060e000000| PB 0x000000060e000000| Complete 
|  57|0x000000060e400000, 0x000000060e400000, 0x000000060e800000|  0%| F|  |TAMS 0x000000060e400000| PB 0x000000060e400000| Untracked 
|  58|0x000000060e800000, 0x000000060e800000, 0x000000060ec00000|  0%| F|  |TAMS 0x000000060e800000| PB 0x000000060e800000| Untracked 
|  59|0x000000060ec00000, 0x000000060ec00000, 0x000000060f000000|  0%| F|  |TAMS 0x000000060ec00000| PB 0x000000060ec00000| Untracked 
|  60|0x000000060f000000, 0x000000060f000000, 0x000000060f400000|  0%| F|  |TAMS 0x000000060f000000| PB 0x000000060f000000| Untracked 
|  61|0x000000060f400000, 0x000000060f400000, 0x000000060f800000|  0%| F|  |TAMS 0x000000060f400000| PB 0x000000060f400000| Untracked 
|  62|0x000000060f800000, 0x000000060f800000, 0x000000060fc00000|  0%| F|  |TAMS 0x000000060f800000| PB 0x000000060f800000| Untracked 
|  63|0x000000060fc00000, 0x000000060fc00000, 0x0000000610000000|  0%| F|  |TAMS 0x000000060fc00000| PB 0x000000060fc00000| Untracked 
|  64|0x0000000610000000, 0x0000000610000000, 0x0000000610400000|  0%| F|  |TAMS 0x0000000610000000| PB 0x0000000610000000| Untracked 
|  65|0x0000000610400000, 0x0000000610400000, 0x0000000610800000|  0%| F|  |TAMS 0x0000000610400000| PB 0x0000000610400000| Untracked 
|  66|0x0000000610800000, 0x0000000610800000, 0x0000000610c00000|  0%| F|  |TAMS 0x0000000610800000| PB 0x0000000610800000| Untracked 
|  67|0x0000000610c00000, 0x0000000610c00000, 0x0000000611000000|  0%| F|  |TAMS 0x0000000610c00000| PB 0x0000000610c00000| Untracked 
|  68|0x0000000611000000, 0x0000000611000000, 0x0000000611400000|  0%| F|  |TAMS 0x0000000611000000| PB 0x0000000611000000| Untracked 
|  69|0x0000000611400000, 0x0000000611400000, 0x0000000611800000|  0%| F|  |TAMS 0x0000000611400000| PB 0x0000000611400000| Untracked 
|  70|0x0000000611800000, 0x0000000611800000, 0x0000000611c00000|  0%| F|  |TAMS 0x0000000611800000| PB 0x0000000611800000| Untracked 
|  71|0x0000000611c00000, 0x0000000611c00000, 0x0000000612000000|  0%| F|  |TAMS 0x0000000611c00000| PB 0x0000000611c00000| Untracked 
|  72|0x0000000612000000, 0x0000000612000000, 0x0000000612400000|  0%| F|  |TAMS 0x0000000612000000| PB 0x0000000612000000| Untracked 
|  73|0x0000000612400000, 0x0000000612400000, 0x0000000612800000|  0%| F|  |TAMS 0x0000000612400000| PB 0x0000000612400000| Untracked 
|  74|0x0000000612800000, 0x0000000612800000, 0x0000000612c00000|  0%| F|  |TAMS 0x0000000612800000| PB 0x0000000612800000| Untracked 
|  75|0x0000000612c00000, 0x0000000612c00000, 0x0000000613000000|  0%| F|  |TAMS 0x0000000612c00000| PB 0x0000000612c00000| Untracked 
|  76|0x0000000613000000, 0x0000000613000000, 0x0000000613400000|  0%| F|  |TAMS 0x0000000613000000| PB 0x0000000613000000| Untracked 
|  77|0x0000000613400000, 0x0000000613400000, 0x0000000613800000|  0%| F|  |TAMS 0x0000000613400000| PB 0x0000000613400000| Untracked 
|  78|0x0000000613800000, 0x0000000613800000, 0x0000000613c00000|  0%| F|  |TAMS 0x0000000613800000| PB 0x0000000613800000| Untracked 
|  79|0x0000000613c00000, 0x0000000613c00000, 0x0000000614000000|  0%| F|  |TAMS 0x0000000613c00000| PB 0x0000000613c00000| Untracked 
|  80|0x0000000614000000, 0x0000000614000000, 0x0000000614400000|  0%| F|  |TAMS 0x0000000614000000| PB 0x0000000614000000| Untracked 
|  81|0x0000000614400000, 0x0000000614400000, 0x0000000614800000|  0%| F|  |TAMS 0x0000000614400000| PB 0x0000000614400000| Untracked 
|  82|0x0000000614800000, 0x0000000614800000, 0x0000000614c00000|  0%| F|  |TAMS 0x0000000614800000| PB 0x0000000614800000| Untracked 
|  83|0x0000000614c00000, 0x0000000614c00000, 0x0000000615000000|  0%| F|  |TAMS 0x0000000614c00000| PB 0x0000000614c00000| Untracked 
|  84|0x0000000615000000, 0x0000000615000000, 0x0000000615400000|  0%| F|  |TAMS 0x0000000615000000| PB 0x0000000615000000| Untracked 
|  85|0x0000000615400000, 0x0000000615400000, 0x0000000615800000|  0%| F|  |TAMS 0x0000000615400000| PB 0x0000000615400000| Untracked 
|2040|0x00000007fe000000, 0x00000007fe400000, 0x00000007fe400000|100%| O|  |TAMS 0x00000007fe000000| PB 0x00000007fe000000| Untracked 
|2041|0x00000007fe400000, 0x00000007fe400000, 0x00000007fe800000|  0%| F|  |TAMS 0x00000007fe400000| PB 0x00000007fe400000| Untracked 
|2042|0x00000007fe800000, 0x00000007fec00000, 0x00000007fec00000|100%| O|  |TAMS 0x00000007fe800000| PB 0x00000007fe800000| Untracked 
|2043|0x00000007fec00000, 0x00000007fec00000, 0x00000007ff000000|  0%| F|  |TAMS 0x00000007fec00000| PB 0x00000007fec00000| Untracked 
|2044|0x00000007ff000000, 0x00000007ff400000, 0x00000007ff400000|100%| O|  |TAMS 0x00000007ff000000| PB 0x00000007ff000000| Untracked 
|2045|0x00000007ff400000, 0x00000007ff400000, 0x00000007ff800000|  0%| F|  |TAMS 0x00000007ff400000| PB 0x00000007ff400000| Untracked 
|2046|0x00000007ff800000, 0x00000007ffc00000, 0x00000007ffc00000|100%| O|  |TAMS 0x00000007ff800000| PB 0x00000007ff800000| Untracked 
|2047|0x00000007ffc00000, 0x00000007ffc00000, 0x0000000800000000|  0%| F|  |TAMS 0x00000007ffc00000| PB 0x00000007ffc00000| Untracked 

Card table byte_map: [0x0000022a446a0000,0x0000022a456a0000] _byte_map_base: 0x0000022a416a0000

Marking Bits: (CMBitMap*) 0x0000022a1fe7f300
 Bits: [0x0000022a456a0000, 0x0000022a4d6a0000)

Polling page: 0x0000022a1dbd0000

Metaspace:

Usage:
  Non-class:    131.45 MB used.
      Class:     20.96 MB used.
       Both:    152.41 MB used.

Virtual space:
  Non-class space:      192.00 MB reserved,     132.69 MB ( 69%) committed,  3 nodes.
      Class space:        1.00 GB reserved,      22.19 MB (  2%) committed,  1 nodes.
             Both:        1.19 GB reserved,     154.88 MB ( 13%) committed. 

Chunk freelists:
   Non-Class:  11.00 MB
       Class:  9.80 MB
        Both:  20.80 MB

MaxMetaspaceSize: 4.00 GB
CompressedClassSpaceSize: 1.00 GB
Initial GC threshold: 21.00 MB
Current GC threshold: 249.06 MB
CDS: off
 - commit_granule_bytes: 65536.
 - commit_granule_words: 8192.
 - virtual_space_node_default_size: 8388608.
 - enlarge_chunks_in_place: 1.
 - use_allocation_guard: 0.


Internal statistics:

num_allocs_failed_limit: 9.
num_arena_births: 4822.
num_arena_deaths: 10.
num_vsnodes_births: 4.
num_vsnodes_deaths: 0.
num_space_committed: 2479.
num_space_uncommitted: 1.
num_chunks_returned_to_freelist: 41.
num_chunks_taken_from_freelist: 11650.
num_chunk_merges: 17.
num_chunk_splits: 7672.
num_chunks_enlarged: 4971.
num_inconsistent_stats: 0.

CodeHeap 'non-profiled nmethods': size=259264Kb used=12599Kb max_used=13120Kb free=246664Kb
 bounds [0x0000022a33200000, 0x0000022a33ee0000, 0x0000022a42f30000]
CodeHeap 'profiled nmethods': size=259264Kb used=35859Kb max_used=35859Kb free=223404Kb
 bounds [0x0000022a22f30000, 0x0000022a25240000, 0x0000022a32c60000]
CodeHeap 'non-nmethods': size=5760Kb used=2840Kb max_used=2883Kb free=2919Kb
 bounds [0x0000022a32c60000, 0x0000022a32f40000, 0x0000022a33200000]
CodeCache: size=524288Kb, used=51298Kb, max_used=51862Kb, free=472987Kb
 total_blobs=19422, nmethods=18320, adapters=1004, full_count=0
Compilation: enabled, stopped_count=0, restarted_count=0

Compilation events (20 events):
Event: 181.832 Thread 0x0000022a50545310 22338       4       org.gradle.internal.io.StreamByteBuffer$StreamByteBufferChunk::read (25 bytes)
Event: 181.833 Thread 0x0000022a50545310 nmethod 22338 0x0000022a33ccb290 code [0x0000022a33ccb420, 0x0000022a33ccb590]
Event: 181.849 Thread 0x0000022a50567b10 22339       3       java.lang.invoke.MethodHandles::filterArgumentChecks (44 bytes)
Event: 181.850 Thread 0x0000022a50567b10 nmethod 22339 0x0000022a25230b10 code [0x0000022a25230ce0, 0x0000022a252310e0]
Event: 181.850 Thread 0x0000022a50567b10 22340       3       com.android.tools.r8.graph.u1::a (33 bytes)
Event: 181.850 Thread 0x0000022a50567b10 nmethod 22340 0x0000022a25231310 code [0x0000022a25231500, 0x0000022a252319d8]
Event: 181.850 Thread 0x0000022a50567b10 22341       3       com.android.tools.r8.graph.M2::I0 (19 bytes)
Event: 181.851 Thread 0x0000022a50567b10 nmethod 22341 0x0000022a25231c10 code [0x0000022a25231dc0, 0x0000022a25231f70]
Event: 181.851 Thread 0x0000022a50567b10 22342       3       com.android.tools.r8.graph.M2::E0 (19 bytes)
Event: 181.851 Thread 0x0000022a50567b10 nmethod 22342 0x0000022a25232090 code [0x0000022a25232240, 0x0000022a252323f0]
Event: 181.851 Thread 0x0000022a50567b10 22343       3       com.android.tools.r8.graph.u1::b (12 bytes)
Event: 181.851 Thread 0x0000022a50567b10 nmethod 22343 0x0000022a25232510 code [0x0000022a25232720, 0x0000022a25232c48]
Event: 181.851 Thread 0x0000022a50567b10 22344       3       com.android.zipflinger.FreeStore$Zone::shrinkBy (97 bytes)
Event: 181.852 Thread 0x0000022a50567b10 nmethod 22344 0x0000022a25232f10 code [0x0000022a252330e0, 0x0000022a25233570]
Event: 181.852 Thread 0x0000022a50567b10 22345   !   3       java.util.zip.Inflater::getBytesRead (23 bytes)
Event: 181.852 Thread 0x0000022a50567b10 nmethod 22345 0x0000022a25233790 code [0x0000022a25233940, 0x0000022a25233b80]
Event: 181.853 Thread 0x0000022a50567b10 22346       3       com.android.zipflinger.FreeStore::ualloc (78 bytes)
Event: 181.854 Thread 0x0000022a50567b10 nmethod 22346 0x0000022a25233c90 code [0x0000022a25233e80, 0x0000022a25234348]
Event: 181.854 Thread 0x0000022a50567b10 22347       3       java.io.PushbackInputStream::unread (47 bytes)
Event: 181.854 Thread 0x0000022a50567b10 nmethod 22347 0x0000022a25234610 code [0x0000022a25234800, 0x0000022a25234c58]

GC Heap History (20 events):
Event: 136.784 GC heap after
{Heap after GC invocations=61 (full 0):
 garbage-first heap   total 327680K, used 189297K [0x0000000600000000, 0x0000000800000000)
  region size 4096K, 3 young (12288K), 3 survivors (12288K)
 Metaspace       used 123382K, committed 125696K, reserved 1179648K
  class space    used 17447K, committed 18560K, reserved 1048576K
}
Event: 140.871 GC heap before
{Heap before GC invocations=61 (full 0):
 garbage-first heap   total 327680K, used 287601K [0x0000000600000000, 0x0000000800000000)
  region size 4096K, 27 young (110592K), 3 survivors (12288K)
 Metaspace       used 130308K, committed 132672K, reserved 1179648K
  class space    used 18385K, committed 19520K, reserved 1048576K
}
Event: 140.885 GC heap after
{Heap after GC invocations=62 (full 0):
 garbage-first heap   total 327680K, used 193639K [0x0000000600000000, 0x0000000800000000)
  region size 4096K, 3 young (12288K), 3 survivors (12288K)
 Metaspace       used 130308K, committed 132672K, reserved 1179648K
  class space    used 18385K, committed 19520K, reserved 1048576K
}
Event: 144.591 GC heap before
{Heap before GC invocations=62 (full 0):
 garbage-first heap   total 327680K, used 287847K [0x0000000600000000, 0x0000000800000000)
  region size 4096K, 27 young (110592K), 3 survivors (12288K)
 Metaspace       used 131904K, committed 134208K, reserved 1179648K
  class space    used 18601K, committed 19712K, reserved 1048576K
}
Event: 144.604 GC heap after
{Heap after GC invocations=63 (full 0):
 garbage-first heap   total 327680K, used 199903K [0x0000000600000000, 0x0000000800000000)
  region size 4096K, 2 young (8192K), 2 survivors (8192K)
 Metaspace       used 131904K, committed 134208K, reserved 1179648K
  class space    used 18601K, committed 19712K, reserved 1048576K
}
Event: 162.736 GC heap before
{Heap before GC invocations=64 (full 0):
 garbage-first heap   total 344064K, used 290015K [0x0000000600000000, 0x0000000800000000)
  region size 4096K, 25 young (102400K), 2 survivors (8192K)
 Metaspace       used 132913K, committed 135232K, reserved 1179648K
  class space    used 18734K, committed 19840K, reserved 1048576K
}
Event: 162.855 GC heap after
{Heap after GC invocations=65 (full 0):
 garbage-first heap   total 344064K, used 206674K [0x0000000600000000, 0x0000000800000000)
  region size 4096K, 4 young (16384K), 4 survivors (16384K)
 Metaspace       used 132913K, committed 135232K, reserved 1179648K
  class space    used 18734K, committed 19840K, reserved 1048576K
}
Event: 172.349 GC heap before
{Heap before GC invocations=65 (full 0):
 garbage-first heap   total 344064K, used 304978K [0x0000000600000000, 0x0000000800000000)
  region size 4096K, 29 young (118784K), 4 survivors (16384K)
 Metaspace       used 135185K, committed 137600K, reserved 1179648K
  class space    used 18923K, committed 20096K, reserved 1048576K
}
Event: 172.470 GC heap after
{Heap after GC invocations=66 (full 0):
 garbage-first heap   total 344064K, used 206153K [0x0000000600000000, 0x0000000800000000)
  region size 4096K, 3 young (12288K), 3 survivors (12288K)
 Metaspace       used 135185K, committed 137600K, reserved 1179648K
  class space    used 18923K, committed 20096K, reserved 1048576K
}
Event: 175.306 GC heap before
{Heap before GC invocations=66 (full 0):
 garbage-first heap   total 344064K, used 308553K [0x0000000600000000, 0x0000000800000000)
  region size 4096K, 29 young (118784K), 3 survivors (12288K)
 Metaspace       used 142982K, committed 145408K, reserved 1179648K
  class space    used 19967K, committed 21184K, reserved 1048576K
}
Event: 175.334 GC heap after
{Heap after GC invocations=67 (full 0):
 garbage-first heap   total 344064K, used 215710K [0x0000000600000000, 0x0000000800000000)
  region size 4096K, 4 young (16384K), 4 survivors (16384K)
 Metaspace       used 142982K, committed 145408K, reserved 1179648K
  class space    used 19967K, committed 21184K, reserved 1048576K
}
Event: 177.995 GC heap before
{Heap before GC invocations=68 (full 0):
 garbage-first heap   total 364544K, used 314014K [0x0000000600000000, 0x0000000800000000)
  region size 4096K, 28 young (114688K), 4 survivors (16384K)
 Metaspace       used 148810K, committed 151360K, reserved 1179648K
  class space    used 20591K, committed 21824K, reserved 1048576K
}
Event: 178.016 GC heap after
{Heap after GC invocations=69 (full 0):
 garbage-first heap   total 364544K, used 225802K [0x0000000600000000, 0x0000000800000000)
  region size 4096K, 3 young (12288K), 3 survivors (12288K)
 Metaspace       used 148810K, committed 151360K, reserved 1179648K
  class space    used 20591K, committed 21824K, reserved 1048576K
}
Event: 178.309 GC heap before
{Heap before GC invocations=69 (full 0):
 garbage-first heap   total 364544K, used 324106K [0x0000000600000000, 0x0000000800000000)
  region size 4096K, 28 young (114688K), 3 survivors (12288K)
 Metaspace       used 150531K, committed 153024K, reserved 1245184K
  class space    used 20743K, committed 21952K, reserved 1048576K
}
Event: 178.335 GC heap after
{Heap after GC invocations=70 (full 0):
 garbage-first heap   total 364544K, used 224967K [0x0000000600000000, 0x0000000800000000)
  region size 4096K, 1 young (4096K), 1 survivors (4096K)
 Metaspace       used 150531K, committed 153024K, reserved 1245184K
  class space    used 20743K, committed 21952K, reserved 1048576K
}
Event: 178.521 GC heap before
{Heap before GC invocations=70 (full 0):
 garbage-first heap   total 364544K, used 331463K [0x0000000600000000, 0x0000000800000000)
  region size 4096K, 27 young (110592K), 1 survivors (4096K)
 Metaspace       used 150654K, committed 153152K, reserved 1245184K
  class space    used 20743K, committed 21952K, reserved 1048576K
}
Event: 178.525 GC heap after
{Heap after GC invocations=71 (full 0):
 garbage-first heap   total 364544K, used 224486K [0x0000000600000000, 0x0000000800000000)
  region size 4096K, 1 young (4096K), 1 survivors (4096K)
 Metaspace       used 150654K, committed 153152K, reserved 1245184K
  class space    used 20743K, committed 21952K, reserved 1048576K
}
Event: 179.473 GC heap before
{Heap before GC invocations=72 (full 0):
 garbage-first heap   total 385024K, used 335078K [0x0000000600000000, 0x0000000800000000)
  region size 4096K, 28 young (114688K), 1 survivors (4096K)
 Metaspace       used 150417K, committed 153024K, reserved 1245184K
  class space    used 20718K, committed 21952K, reserved 1048576K
}
Event: 179.480 GC heap after
{Heap after GC invocations=73 (full 0):
 garbage-first heap   total 385024K, used 224163K [0x0000000600000000, 0x0000000800000000)
  region size 4096K, 1 young (4096K), 1 survivors (4096K)
 Metaspace       used 150417K, committed 153024K, reserved 1245184K
  class space    used 20718K, committed 21952K, reserved 1048576K
}
Event: 181.855 GC heap before
{Heap before GC invocations=73 (full 0):
 garbage-first heap   total 385024K, used 351139K [0x0000000600000000, 0x0000000800000000)
  region size 4096K, 33 young (135168K), 1 survivors (4096K)
 Metaspace       used 156066K, committed 158592K, reserved 1245184K
  class space    used 21467K, committed 22720K, reserved 1048576K
}

Dll operation events (3 events):
Event: 0.023 Loaded shared library C:\Program Files\Android\Android Studio\jbr\bin\java.dll
Event: 0.031 Loaded shared library C:\Program Files\Android\Android Studio\jbr\bin\zip.dll
Event: 1.447 Loaded shared library C:\Program Files\Android\Android Studio\jbr\bin\verify.dll

Deoptimization events (20 events):
Event: 181.758 Thread 0x0000022a551dea10 Uncommon trap: reason=class_check action=maybe_recompile pc=0x0000022a33b0ab60 method=java.util.Map.computeIfAbsent(Ljava/lang/Object;Ljava/util/function/Function;)Ljava/lang/Object; @ 7 c2
Event: 181.758 Thread 0x0000022a551e2bb0 Uncommon trap: reason=class_check action=maybe_recompile pc=0x0000022a33b0ab60 method=java.util.Map.computeIfAbsent(Ljava/lang/Object;Ljava/util/function/Function;)Ljava/lang/Object; @ 7 c2
Event: 181.758 Thread 0x0000022a61ffffd0 DEOPT PACKING pc=0x0000022a33b0ab60 sp=0x000000d16f1f9c90
Event: 181.758 Thread 0x0000022a551dea10 DEOPT PACKING pc=0x0000022a33b0ab60 sp=0x000000d1683faac0
Event: 181.758 Thread 0x0000022a551e2bb0 DEOPT PACKING pc=0x0000022a33b0ab60 sp=0x000000d1684fa710
Event: 181.758 Thread 0x0000022a551dea10 DEOPT UNPACKING pc=0x0000022a32cb4422 sp=0x000000d1683faa68 mode 2
Event: 181.758 Thread 0x0000022a61ffffd0 DEOPT UNPACKING pc=0x0000022a32cb4422 sp=0x000000d16f1f9c38 mode 2
Event: 181.758 Thread 0x0000022a61ffffd0 Uncommon trap: trap_request=0xffffffde fr.pc=0x0000022a33b0ab60 relative=0x00000000000002e0
Event: 181.758 Thread 0x0000022a551dea10 Uncommon trap: trap_request=0xffffffde fr.pc=0x0000022a33b0ab60 relative=0x00000000000002e0
Event: 181.758 Thread 0x0000022a61ffffd0 Uncommon trap: reason=class_check action=maybe_recompile pc=0x0000022a33b0ab60 method=java.util.Map.computeIfAbsent(Ljava/lang/Object;Ljava/util/function/Function;)Ljava/lang/Object; @ 7 c2
Event: 181.758 Thread 0x0000022a551dea10 Uncommon trap: reason=class_check action=maybe_recompile pc=0x0000022a33b0ab60 method=java.util.Map.computeIfAbsent(Ljava/lang/Object;Ljava/util/function/Function;)Ljava/lang/Object; @ 7 c2
Event: 181.758 Thread 0x0000022a551e59a0 Uncommon trap: trap_request=0xffffffde fr.pc=0x0000022a33b0ab60 relative=0x00000000000002e0
Event: 181.758 Thread 0x0000022a551e59a0 Uncommon trap: reason=class_check action=maybe_recompile pc=0x0000022a33b0ab60 method=java.util.Map.computeIfAbsent(Ljava/lang/Object;Ljava/util/function/Function;)Ljava/lang/Object; @ 7 c2
Event: 181.758 Thread 0x0000022a551dea10 DEOPT PACKING pc=0x0000022a33b0ab60 sp=0x000000d1683faac0
Event: 181.758 Thread 0x0000022a61ffffd0 DEOPT PACKING pc=0x0000022a33b0ab60 sp=0x000000d16f1f9c90
Event: 181.758 Thread 0x0000022a551e59a0 DEOPT PACKING pc=0x0000022a33b0ab60 sp=0x000000d168cfa8c0
Event: 181.758 Thread 0x0000022a551dea10 DEOPT UNPACKING pc=0x0000022a32cb4422 sp=0x000000d1683faa68 mode 2
Event: 181.758 Thread 0x0000022a61ffffd0 DEOPT UNPACKING pc=0x0000022a32cb4422 sp=0x000000d16f1f9c38 mode 2
Event: 181.758 Thread 0x0000022a551e59a0 DEOPT UNPACKING pc=0x0000022a32cb4422 sp=0x000000d168cfa868 mode 2
Event: 181.759 Thread 0x0000022a551e2bb0 DEOPT UNPACKING pc=0x0000022a32cb4422 sp=0x000000d1684fa6b8 mode 2

Classes loaded (20 events):
Event: 181.030 Loading class sun/rmi/transport/DGCAckHandler$1
Event: 181.031 Loading class sun/rmi/transport/DGCAckHandler$1 done
Event: 181.059 Loading class sun/rmi/transport/tcp/TCPTransport$ConnectionHandler
Event: 181.059 Loading class sun/rmi/transport/tcp/TCPTransport$ConnectionHandler done
Event: 181.067 Loading class sun/rmi/transport/Transport$1
Event: 181.068 Loading class sun/rmi/transport/Transport$1 done
Event: 181.075 Loading class sun/rmi/transport/DGCImpl$LeaseInfo
Event: 181.075 Loading class sun/rmi/transport/DGCImpl$LeaseInfo done
Event: 181.076 Loading class sun/rmi/transport/DGCImpl$1
Event: 181.076 Loading class sun/rmi/transport/DGCImpl$1 done
Event: 181.076 Loading class sun/rmi/transport/SequenceEntry
Event: 181.077 Loading class sun/rmi/transport/SequenceEntry done
Event: 181.141 Loading class java/util/zip/ZipInputStream
Event: 181.143 Loading class java/util/zip/ZipInputStream done
Event: 181.181 Loading class java/util/zip/ZipFile$EntrySpliterator
Event: 181.182 Loading class java/util/Spliterators$AbstractSpliterator
Event: 181.184 Loading class java/util/Spliterators$AbstractSpliterator done
Event: 181.184 Loading class java/util/zip/ZipFile$EntrySpliterator done
Event: 181.196 Loading class java/io/PushbackInputStream
Event: 181.198 Loading class java/io/PushbackInputStream done

Classes unloaded (20 events):
Event: 178.689 Thread 0x0000022a4d895640 Unloading class 0x000000080149b478 'jdk/internal/jimage/ImageHeader'
Event: 178.689 Thread 0x0000022a4d895640 Unloading class 0x000000080149b210 'jdk/internal/jimage/BasicImageReader$2'
Event: 178.689 Thread 0x0000022a4d895640 Unloading class 0x000000080149afa8 'jdk/internal/jimage/BasicImageReader$1'
Event: 178.689 Thread 0x0000022a4d895640 Unloading class 0x000000080149ad08 'jdk/internal/jimage/ImageReader$Resource'
Event: 178.689 Thread 0x0000022a4d895640 Unloading class 0x000000080149aa68 'jdk/internal/jimage/ImageReader$LinkNode'
Event: 178.689 Thread 0x0000022a4d895640 Unloading class 0x000000080149a7c8 'jdk/internal/jimage/ImageReader$Directory'
Event: 178.689 Thread 0x0000022a4d895640 Unloading class 0x000000080149a528 'jdk/internal/jimage/ImageReader$Node'
Event: 178.689 Thread 0x0000022a4d895640 Unloading class 0x000000080149a2f8 'jdk/internal/jimage/ImageStrings'
Event: 178.689 Thread 0x0000022a4d895640 Unloading class 0x000000080149a000 'jdk/internal/jimage/ImageReader$SharedImageReader'
Event: 178.689 Thread 0x0000022a4d895640 Unloading class 0x0000000801499be0 'jdk/internal/jimage/BasicImageReader'
Event: 178.689 Thread 0x0000022a4d895640 Unloading class 0x0000000801499988 'jdk/internal/jimage/ImageReader'
Event: 178.689 Thread 0x0000022a4d895640 Unloading class 0x0000000801499728 'jdk/internal/jrtfs/SystemImage$2'
Event: 178.689 Thread 0x0000022a4d895640 Unloading class 0x00000008014994d8 'jdk/internal/jrtfs/SystemImage$$Lambda+0x00000008014994d8'
Event: 178.689 Thread 0x0000022a4d895640 Unloading class 0x0000000801499270 'jdk/internal/jrtfs/ExplodedImage'
Event: 178.689 Thread 0x0000022a4d895640 Unloading class 0x0000000801499000 'jdk/internal/jrtfs/SystemImage$1'
Event: 178.689 Thread 0x0000022a4d895640 Unloading class 0x0000000801498ca0 'jdk/internal/jrtfs/SystemImage'
Event: 178.690 Thread 0x0000022a4d895640 Unloading class 0x0000000801498a08 'jdk/internal/jrtfs/JrtFileStore'
Event: 178.690 Thread 0x0000022a4d895640 Unloading class 0x0000000801498658 'jdk/internal/jrtfs/JrtPath'
Event: 178.690 Thread 0x0000022a4d895640 Unloading class 0x0000000801498328 'jdk/internal/jrtfs/JrtFileSystem'
Event: 178.690 Thread 0x0000022a4d895640 Unloading class 0x0000000801498000 'jdk/internal/jrtfs/JrtFileSystemProvider'

Classes redefined (0 events):
No events

Internal exceptions (20 events):
Event: 181.733 Thread 0x0000022a57f45ee0 Exception <a 'sun/nio/fs/WindowsException'{0x000000060e82a0f0}> (0x000000060e82a0f0) 
thrown [s\src\hotspot\share\prims\jni.cpp, line 537]
Event: 181.734 Thread 0x0000022a57f45ee0 Exception <a 'sun/nio/fs/WindowsException'{0x000000060e82e520}> (0x000000060e82e520) 
thrown [s\src\hotspot\share\prims\jni.cpp, line 537]
Event: 181.737 Thread 0x0000022a551e45f0 Exception <a 'sun/nio/fs/WindowsException'{0x000000060e85d7e8}> (0x000000060e85d7e8) 
thrown [s\src\hotspot\share\prims\jni.cpp, line 537]
Event: 181.737 Thread 0x0000022a551e45f0 Exception <a 'sun/nio/fs/WindowsException'{0x000000060e85d9d0}> (0x000000060e85d9d0) 
thrown [s\src\hotspot\share\prims\jni.cpp, line 537]
Event: 181.739 Thread 0x0000022a5758e390 Exception <a 'sun/nio/fs/WindowsException'{0x000000060e870660}> (0x000000060e870660) 
thrown [s\src\hotspot\share\prims\jni.cpp, line 537]
Event: 181.740 Thread 0x0000022a57f45ee0 Exception <a 'sun/nio/fs/WindowsException'{0x000000060e8a4c30}> (0x000000060e8a4c30) 
thrown [s\src\hotspot\share\prims\jni.cpp, line 537]
Event: 181.757 Thread 0x0000022a5758e390 Exception <a 'sun/nio/fs/WindowsException'{0x000000060e9effd8}> (0x000000060e9effd8) 
thrown [s\src\hotspot\share\prims\jni.cpp, line 537]
Event: 181.757 Thread 0x0000022a5758e390 Exception <a 'sun/nio/fs/WindowsException'{0x000000060e9f0e78}> (0x000000060e9f0e78) 
thrown [s\src\hotspot\share\prims\jni.cpp, line 537]
Event: 181.757 Thread 0x0000022a5758e390 Exception <a 'sun/nio/fs/WindowsException'{0x000000060e9f1f58}> (0x000000060e9f1f58) 
thrown [s\src\hotspot\share\prims\jni.cpp, line 537]
Event: 181.757 Thread 0x0000022a5758e390 Exception <a 'sun/nio/fs/WindowsException'{0x000000060e9f3178}> (0x000000060e9f3178) 
thrown [s\src\hotspot\share\prims\jni.cpp, line 537]
Event: 181.770 Thread 0x0000022a551e45f0 Exception <a 'sun/nio/fs/WindowsException'{0x000000060ea48c10}> (0x000000060ea48c10) 
thrown [s\src\hotspot\share\prims\jni.cpp, line 537]
Event: 181.771 Thread 0x0000022a5758e390 Exception <a 'sun/nio/fs/WindowsException'{0x000000060ea51f48}> (0x000000060ea51f48) 
thrown [s\src\hotspot\share\prims\jni.cpp, line 537]
Event: 181.771 Thread 0x0000022a5758e390 Exception <a 'sun/nio/fs/WindowsException'{0x000000060ea52128}> (0x000000060ea52128) 
thrown [s\src\hotspot\share\prims\jni.cpp, line 537]
Event: 181.783 Thread 0x0000022a551e45f0 Exception <a 'sun/nio/fs/WindowsException'{0x000000060eb413c0}> (0x000000060eb413c0) 
thrown [s\src\hotspot\share\prims\jni.cpp, line 537]
Event: 181.785 Thread 0x0000022a551e45f0 Exception <a 'sun/nio/fs/WindowsException'{0x000000060eb42a70}> (0x000000060eb42a70) 
thrown [s\src\hotspot\share\prims\jni.cpp, line 537]
Event: 181.785 Thread 0x0000022a551e45f0 Exception <a 'sun/nio/fs/WindowsException'{0x000000060eb44360}> (0x000000060eb44360) 
thrown [s\src\hotspot\share\prims\jni.cpp, line 537]
Event: 181.785 Thread 0x0000022a551e45f0 Exception <a 'sun/nio/fs/WindowsException'{0x000000060eb57178}> (0x000000060eb57178) 
thrown [s\src\hotspot\share\prims\jni.cpp, line 537]
Event: 181.792 Thread 0x0000022a551e45f0 Exception <a 'sun/nio/fs/WindowsException'{0x000000060eb9d778}> (0x000000060eb9d778) 
thrown [s\src\hotspot\share\prims\jni.cpp, line 537]
Event: 181.794 Thread 0x0000022a551e45f0 Exception <a 'sun/nio/fs/WindowsException'{0x000000060ebf8988}> (0x000000060ebf8988) 
thrown [s\src\hotspot\share\prims\jni.cpp, line 537]
Event: 181.807 Thread 0x0000022a551e45f0 Exception <a 'sun/nio/fs/WindowsException'{0x000000060e517020}> (0x000000060e517020) 
thrown [s\src\hotspot\share\prims\jni.cpp, line 537]

ZGC Phase Switch (0 events):
No events

VM Operations (20 events):
Event: 180.502 Executing VM operation: ICBufferFull done
Event: 180.502 Executing VM operation: ICBufferFull
Event: 180.509 Executing VM operation: ICBufferFull done
Event: 180.610 Executing VM operation: HandshakeAllThreads (Deoptimize)
Event: 180.611 Executing VM operation: HandshakeAllThreads (Deoptimize) done
Event: 180.643 Executing VM operation: HandshakeAllThreads (Deoptimize)
Event: 180.643 Executing VM operation: HandshakeAllThreads (Deoptimize) done
Event: 180.695 Executing VM operation: HandshakeAllThreads (Deoptimize)
Event: 180.696 Executing VM operation: HandshakeAllThreads (Deoptimize) done
Event: 180.819 Executing VM operation: HandshakeAllThreads (Deoptimize)
Event: 180.870 Executing VM operation: HandshakeAllThreads (Deoptimize) done
Event: 181.220 Executing VM operation: ICBufferFull
Event: 181.221 Executing VM operation: ICBufferFull done
Event: 181.304 Executing VM operation: HandshakeAllThreads (Deoptimize)
Event: 181.304 Executing VM operation: HandshakeAllThreads (Deoptimize) done
Event: 181.785 Executing VM operation: HandshakeAllThreads (Deoptimize)
Event: 181.786 Executing VM operation: HandshakeAllThreads (Deoptimize) done
Event: 181.854 Executing VM operation: G1CollectForAllocation (G1 Evacuation Pause)
Event: 181.854 Executing VM operation: G1CollectForAllocation (G1 Evacuation Pause) done
Event: 181.854 Executing VM operation: G1CollectForAllocation (GCLocker Initiated GC)

Memory protections (0 events):
No events

Nmethod flushes (20 events):
Event: 179.133 Thread 0x0000022a4d895640 flushing  nmethod 0x0000022a24d10790
Event: 179.133 Thread 0x0000022a4d895640 flushing  nmethod 0x0000022a24d56010
Event: 179.133 Thread 0x0000022a4d895640 flushing  nmethod 0x0000022a24da7510
Event: 179.133 Thread 0x0000022a4d895640 flushing  nmethod 0x0000022a24da7a90
Event: 179.133 Thread 0x0000022a4d895640 flushing  nmethod 0x0000022a24da8290
Event: 179.133 Thread 0x0000022a4d895640 flushing  nmethod 0x0000022a24da8d10
Event: 179.133 Thread 0x0000022a4d895640 flushing  nmethod 0x0000022a24da9e90
Event: 179.133 Thread 0x0000022a4d895640 flushing  nmethod 0x0000022a24daaa10
Event: 179.133 Thread 0x0000022a4d895640 flushing  nmethod 0x0000022a24daaf90
Event: 179.133 Thread 0x0000022a4d895640 flushing  nmethod 0x0000022a24dac210
Event: 179.133 Thread 0x0000022a4d895640 flushing  nmethod 0x0000022a24dac790
Event: 179.133 Thread 0x0000022a4d895640 flushing  nmethod 0x0000022a24dad310
Event: 179.133 Thread 0x0000022a4d895640 flushing osr nmethod 0x0000022a24daf910
Event: 179.133 Thread 0x0000022a4d895640 flushing  nmethod 0x0000022a24e0b890
Event: 179.133 Thread 0x0000022a4d895640 flushing  nmethod 0x0000022a24e0c890
Event: 179.133 Thread 0x0000022a4d895640 flushing  nmethod 0x0000022a24e0e110
Event: 179.133 Thread 0x0000022a4d895640 flushing  nmethod 0x0000022a24e0e610
Event: 179.133 Thread 0x0000022a4d895640 flushing  nmethod 0x0000022a24e0ee10
Event: 179.133 Thread 0x0000022a4d895640 flushing  nmethod 0x0000022a24e0f490
Event: 179.133 Thread 0x0000022a4d895640 flushing  nmethod 0x0000022a24e0f990

Events (20 events):
Event: 176.147 Thread 0x0000022a551e1e90 Thread added: 0x0000022a602e6aa0
Event: 176.147 Thread 0x0000022a551e1e90 Thread added: 0x0000022a602e7e50
Event: 176.147 Thread 0x0000022a551e1e90 Thread added: 0x0000022a602ea5b0
Event: 180.346 Thread 0x0000022a551e1e90 Thread added: 0x0000022a602ec680
Event: 180.420 Thread 0x0000022a551e5310 Thread added: 0x0000022a602ed3a0
Event: 180.420 Thread 0x0000022a551e5310 Thread added: 0x0000022a602ee0c0
Event: 180.421 Thread 0x0000022a551e5310 Thread added: 0x0000022a602eda30
Event: 180.422 Thread 0x0000022a551e5310 Thread added: 0x0000022a4d74de00
Event: 180.422 Thread 0x0000022a551e5310 Thread added: 0x0000022a4d74f1b0
Event: 180.423 Thread 0x0000022a551e5310 Thread added: 0x0000022a4d74eb20
Event: 180.423 Thread 0x0000022a551e5310 Thread added: 0x0000022a4d74fed0
Event: 180.424 Thread 0x0000022a551e5310 Thread added: 0x0000022a4d74d770
Event: 180.424 Thread 0x0000022a551e5310 Thread added: 0x0000022a4d750560
Event: 180.698 Thread 0x0000022a62004170 Thread added: 0x0000022a4d74f840
Event: 180.732 Thread 0x0000022a62004170 Thread added: 0x0000022a4d751280
Event: 180.749 Loaded shared library C:\Program Files\Android\Android Studio\jbr\bin\rmi.dll
Event: 180.759 Thread 0x0000022a62004170 Thread added: 0x0000022a4d750bf0
Event: 180.991 Thread 0x0000022a62004170 Thread added: 0x0000022a4d74e490
Event: 180.992 Thread 0x0000022a62004170 Thread added: 0x0000022a4d752630
Event: 181.060 Thread 0x0000022a4d74e490 Thread added: 0x0000022a4d752cc0


Dynamic libraries:
0x00007ff79a770000 - 0x00007ff79a77a000 	C:\Program Files\Android\Android Studio\jbr\bin\java.exe
0x00007ffec11c0000 - 0x00007ffec1428000 	C:\WINDOWS\SYSTEM32\ntdll.dll
0x00007ffec0a00000 - 0x00007ffec0ac9000 	C:\WINDOWS\System32\KERNEL32.DLL
0x00007ffebe6b0000 - 0x00007ffebeaa1000 	C:\WINDOWS\System32\KERNELBASE.dll
0x00007ffebeab0000 - 0x00007ffebebfb000 	C:\WINDOWS\System32\ucrtbase.dll
0x00007ffe978e0000 - 0x00007ffe978fb000 	C:\Program Files\Android\Android Studio\jbr\bin\VCRUNTIME140.dll
0x00007ffe97940000 - 0x00007ffe97958000 	C:\Program Files\Android\Android Studio\jbr\bin\jli.dll
0x00007ffec0fb0000 - 0x00007ffec1176000 	C:\WINDOWS\System32\USER32.dll
0x00007ffebe680000 - 0x00007ffebe6a7000 	C:\WINDOWS\System32\win32u.dll
0x00007ffe9e5a0000 - 0x00007ffe9e833000 	C:\WINDOWS\WinSxS\amd64_microsoft.windows.common-controls_6595b64144ccf1df_6.0.26100.7824_none_3e0870b2e3345462\COMCTL32.dll
0x00007ffec02f0000 - 0x00007ffec031b000 	C:\WINDOWS\System32\GDI32.dll
0x00007ffec0320000 - 0x00007ffec03c9000 	C:\WINDOWS\System32\msvcrt.dll
0x00007ffebed80000 - 0x00007ffebeeab000 	C:\WINDOWS\System32\gdi32full.dll
0x00007ffebdb60000 - 0x00007ffebdc03000 	C:\WINDOWS\System32\msvcp_win.dll
0x00007ffec0130000 - 0x00007ffec0161000 	C:\WINDOWS\System32\IMM32.DLL
0x00007ffeb2830000 - 0x00007ffeb283c000 	C:\Program Files\Android\Android Studio\jbr\bin\vcruntime140_1.dll
0x00007ffe717c0000 - 0x00007ffe7184d000 	C:\Program Files\Android\Android Studio\jbr\bin\msvcp140.dll
0x00007ffe12500000 - 0x00007ffe13196000 	C:\Program Files\Android\Android Studio\jbr\bin\server\jvm.dll
0x00007ffec0c50000 - 0x00007ffec0d04000 	C:\WINDOWS\System32\ADVAPI32.dll
0x00007ffebff70000 - 0x00007ffec0016000 	C:\WINDOWS\System32\sechost.dll
0x00007ffebf960000 - 0x00007ffebfa78000 	C:\WINDOWS\System32\RPCRT4.dll
0x00007ffec0270000 - 0x00007ffec02e4000 	C:\WINDOWS\System32\WS2_32.dll
0x00007ffebd300000 - 0x00007ffebd35e000 	C:\WINDOWS\SYSTEM32\POWRPROF.dll
0x00007ffeaeaf0000 - 0x00007ffeaeb25000 	C:\WINDOWS\SYSTEM32\WINMM.dll
0x00007ffeb1a90000 - 0x00007ffeb1a9b000 	C:\WINDOWS\SYSTEM32\VERSION.dll
0x00007ffebd2e0000 - 0x00007ffebd2f4000 	C:\WINDOWS\SYSTEM32\UMPDC.dll
0x00007ffebc800000 - 0x00007ffebc81b000 	C:\WINDOWS\SYSTEM32\kernel.appcore.dll
0x00007ffeb2800000 - 0x00007ffeb280a000 	C:\Program Files\Android\Android Studio\jbr\bin\jimage.dll
0x00007ffebba10000 - 0x00007ffebbc52000 	C:\WINDOWS\SYSTEM32\DBGHELP.DLL
0x00007ffec03d0000 - 0x00007ffec0756000 	C:\WINDOWS\System32\combase.dll
0x00007ffebeff0000 - 0x00007ffebf0c7000 	C:\WINDOWS\System32\OLEAUT32.dll
0x00007ffe98670000 - 0x00007ffe986ab000 	C:\WINDOWS\SYSTEM32\dbgcore.DLL
0x00007ffebeeb0000 - 0x00007ffebef55000 	C:\WINDOWS\System32\bcryptPrimitives.dll
0x00007ffea0fd0000 - 0x00007ffea0fde000 	C:\Program Files\Android\Android Studio\jbr\bin\instrument.dll
0x00007ffe96000000 - 0x00007ffe96020000 	C:\Program Files\Android\Android Studio\jbr\bin\java.dll
0x00007ffe90370000 - 0x00007ffe90388000 	C:\Program Files\Android\Android Studio\jbr\bin\zip.dll
0x00007ffebf100000 - 0x00007ffebf852000 	C:\WINDOWS\System32\SHELL32.dll
0x00007ffebe510000 - 0x00007ffebe67a000 	C:\WINDOWS\System32\wintypes.dll
0x00007ffebdc10000 - 0x00007ffebe473000 	C:\WINDOWS\System32\windows.storage.dll
0x00007ffebf860000 - 0x00007ffebf956000 	C:\WINDOWS\System32\SHCORE.dll
0x00007ffec0170000 - 0x00007ffec01d7000 	C:\WINDOWS\System32\shlwapi.dll
0x00007ffebd9c0000 - 0x00007ffebd9e9000 	C:\WINDOWS\SYSTEM32\profapi.dll
0x00007ffeb2580000 - 0x00007ffeb2590000 	C:\Program Files\Android\Android Studio\jbr\bin\net.dll
0x00007ffeb3d80000 - 0x00007ffeb3ea7000 	C:\WINDOWS\SYSTEM32\WINHTTP.dll
0x00007ffebcd50000 - 0x00007ffebcdbb000 	C:\WINDOWS\system32\mswsock.dll
0x00007ffe8fe70000 - 0x00007ffe8fe86000 	C:\Program Files\Android\Android Studio\jbr\bin\nio.dll
0x00007ffeb23b0000 - 0x00007ffeb23c0000 	C:\Program Files\Android\Android Studio\jbr\bin\verify.dll
0x00007ffe8a720000 - 0x00007ffe8a747000 	C:\Users\tech1\.gradle\native\1def1411415f61bf3af743bc5b6707747c0891f09f0c88961ee8f79bc544acac\windows-amd64\native-platform.dll
0x00007ffe6fdb0000 - 0x00007ffe6fe28000 	C:\Users\tech1\.gradle\native\0.2.7\x86_64-windows-gnu\gradle-fileevents.dll
0x00007ffeb22e0000 - 0x00007ffeb22e9000 	C:\Program Files\Android\Android Studio\jbr\bin\management.dll
0x00007ffea97e0000 - 0x00007ffea97eb000 	C:\Program Files\Android\Android Studio\jbr\bin\management_ext.dll
0x00007ffec0760000 - 0x00007ffec0768000 	C:\WINDOWS\System32\PSAPI.DLL
0x00007ffebc250000 - 0x00007ffebc284000 	C:\WINDOWS\SYSTEM32\IPHLPAPI.DLL
0x00007ffec01e0000 - 0x00007ffec01ea000 	C:\WINDOWS\System32\NSI.dll
0x00007ffea2d10000 - 0x00007ffea2d19000 	C:\Program Files\Android\Android Studio\jbr\bin\extnet.dll
0x00007ffebd140000 - 0x00007ffebd15b000 	C:\WINDOWS\SYSTEM32\CRYPTSP.dll
0x00007ffebc760000 - 0x00007ffebc799000 	C:\WINDOWS\system32\rsaenh.dll
0x00007ffebce00000 - 0x00007ffebce2b000 	C:\WINDOWS\SYSTEM32\USERENV.dll
0x00007ffebd990000 - 0x00007ffebd9ba000 	C:\WINDOWS\SYSTEM32\bcrypt.dll
0x00007ffebcfa0000 - 0x00007ffebcfac000 	C:\WINDOWS\SYSTEM32\CRYPTBASE.dll
0x00007ffe9f010000 - 0x00007ffe9f018000 	C:\WINDOWS\system32\wshunix.dll
0x00007ffe3a810000 - 0x00007ffe3a828000 	C:\WINDOWS\system32\napinsp.dll
0x00007ffebc2f0000 - 0x00007ffebc41c000 	C:\WINDOWS\SYSTEM32\DNSAPI.dll
0x00007ffe3a830000 - 0x00007ffe3a842000 	C:\WINDOWS\System32\winrnr.dll
0x00007ffe550c0000 - 0x00007ffe550e2000 	C:\WINDOWS\system32\nlansp_c.dll
0x00007ffeb2710000 - 0x00007ffeb2726000 	C:\WINDOWS\system32\wshbth.dll
0x00007ffeb4f80000 - 0x00007ffeb4f8b000 	C:\Windows\System32\rasadhlp.dll
0x00007ffeb5050000 - 0x00007ffeb50d6000 	C:\WINDOWS\System32\fwpuclnt.dll
0x00007ffeb2c50000 - 0x00007ffeb2c57000 	C:\Program Files\Android\Android Studio\jbr\bin\rmi.dll

JVMTI agents:
C:\Users\tech1\.gradle\wrapper\dists\gradle-8.14-all\c2qonpi39x1mddn7hk5gh9iqj\gradle-8.14\lib\agents\gradle-instrumentation-agent-8.14.jar path:C:\Program Files\Android\Android Studio\jbr\bin\instrument.dll, loaded, initialized, instrumentlib options:none

dbghelp: loaded successfully - version: 4.0.5 - missing functions: none
symbol engine: initialized successfully - sym options: 0x614 - pdb path: .;C:\Program Files\Android\Android Studio\jbr\bin;C:\WINDOWS\SYSTEM32;C:\WINDOWS\WinSxS\amd64_microsoft.windows.common-controls_6595b64144ccf1df_6.0.26100.7824_none_3e0870b2e3345462;C:\Program Files\Android\Android Studio\jbr\bin\server;C:\Users\tech1\.gradle\native\1def1411415f61bf3af743bc5b6707747c0891f09f0c88961ee8f79bc544acac\windows-amd64;C:\Users\tech1\.gradle\native\0.2.7\x86_64-windows-gnu

VM Arguments:
jvm_args: --add-opens=java.base/java.lang=ALL-UNNAMED --add-opens=java.base/java.lang.invoke=ALL-UNNAMED --add-opens=java.base/java.util=ALL-UNNAMED --add-opens=java.prefs/java.util.prefs=ALL-UNNAMED --add-exports=jdk.compiler/com.sun.tools.javac.api=ALL-UNNAMED --add-exports=jdk.compiler/com.sun.tools.javac.util=ALL-UNNAMED --add-opens=java.base/java.util=ALL-UNNAMED --add-opens=java.prefs/java.util.prefs=ALL-UNNAMED --add-opens=java.base/java.nio.charset=ALL-UNNAMED --add-opens=java.base/java.net=ALL-UNNAMED --add-opens=java.base/java.util.concurrent.atomic=ALL-UNNAMED --add-opens=java.xml/javax.xml.namespace=ALL-UNNAMED -XX:MaxMetaspaceSize=4G -XX:ReservedCodeCacheSize=512m -XX:+HeapDumpOnOutOfMemoryError -Xmx8G -Dfile.encoding=UTF-8 -Duser.country=IN -Duser.language=en -Duser.variant -javaagent:C:\Users\tech1\.gradle\wrapper\dists\gradle-8.14-all\c2qonpi39x1mddn7hk5gh9iqj\gradle-8.14\lib\agents\gradle-instrumentation-agent-8.14.jar 
java_command: org.gradle.launcher.daemon.bootstrap.GradleDaemon 8.14
java_class_path (initial): C:\Users\tech1\.gradle\wrapper\dists\gradle-8.14-all\c2qonpi39x1mddn7hk5gh9iqj\gradle-8.14\lib\gradle-daemon-main-8.14.jar
Launcher Type: SUN_STANDARD

[Global flags]
     intx CICompilerCount                          = 4                                         {product} {ergonomic}
     uint ConcGCThreads                            = 3                                         {product} {ergonomic}
     uint G1ConcRefinementThreads                  = 10                                        {product} {ergonomic}
   size_t G1HeapRegionSize                         = 4194304                                   {product} {ergonomic}
    uintx GCDrainStackTargetSize                   = 64                                        {product} {ergonomic}
     bool HeapDumpOnOutOfMemoryError               = true                                   {manageable} {command line}
   size_t InitialHeapSize                          = 130023424                                 {product} {ergonomic}
   size_t MarkStackSize                            = 4194304                                   {product} {ergonomic}
   size_t MaxHeapSize                              = 8589934592                                {product} {command line}
   size_t MaxMetaspaceSize                         = 4294967296                                {product} {command line}
   size_t MaxNewSize                               = 5150605312                                {product} {ergonomic}
   size_t MinHeapDeltaBytes                        = 4194304                                   {product} {ergonomic}
   size_t MinHeapSize                              = 8388608                                   {product} {ergonomic}
    uintx NonNMethodCodeHeapSize                   = 5839372                                {pd product} {ergonomic}
    uintx NonProfiledCodeHeapSize                  = 265515770                              {pd product} {ergonomic}
    uintx ProfiledCodeHeapSize                     = 265515770                              {pd product} {ergonomic}
    uintx ReservedCodeCacheSize                    = 536870912                              {pd product} {command line}
     bool SegmentedCodeCache                       = true                                      {product} {ergonomic}
   size_t SoftMaxHeapSize                          = 8589934592                             {manageable} {ergonomic}
     bool UseCompressedOops                        = true                           {product lp64_product} {ergonomic}
     bool UseG1GC                                  = true                                      {product} {ergonomic}
     bool UseLargePagesIndividualAllocation        = false                                  {pd product} {ergonomic}

Logging:
Log output configuration:
 #0: stdout all=warning uptime,level,tags foldmultilines=false
 #1: stderr all=off uptime,level,tags foldmultilines=false

Release file:
JAVA_VERSION="21.0.9" 
MODULES="java.base java.compiler java.datatransfer java.xml java.prefs java.desktop java.instrument java.logging java.management java.security.sasl java.naming java.rmi java.management.rmi java.net.http java.scripting java.security.jgss java.transaction.xa java.sql java.sql.rowset java.xml.crypto java.se java.smartcardio jdk.accessibility jdk.internal.jvmstat jdk.attach jdk.charsets jdk.internal.opt jdk.zipfs jdk.compiler jdk.crypto.ec jdk.crypto.cryptoki jdk.dynalink jdk.hotspot.agent jdk.httpserver jdk.internal.ed jdk.internal.le jdk.internal.vm.ci jdk.jartool jdk.javadoc jdk.jcmd jdk.jdeps jdk.jdwp.agent jdk.jdi jdk.jfr jdk.jlink jdk.jsobject jdk.localedata jdk.management jdk.management.agent jdk.management.jfr jdk.naming.dns jdk.naming.rmi jdk.net jdk.sctp jdk.security.auth jdk.security.jgss jdk.unsupported jdk.unsupported.desktop jdk.xml.dom" 
IMPLEMENTOR="JetBrains s.r.o." 
JAVA_RUNTIME_VERSION="21.0.9+-14649483-b1163.86" 
LIBC="default" 
OS_ARCH="x86_64" 
OS_NAME="Windows" 
SOURCE=".:git:554d0c326095" 

Environment Variables:
JAVA_HOME=C:\Program Files\Android\Android Studio\jbr
CLASSPATH=C:\Users\tech1\OneDrive\Desktop\framer website\agri-flow-flutter\android\\gradle\wrapper\gradle-wrapper.jar
PATH=C:\Program Files\Android\Android Studio\jbr\bin;C:\flutter\bin\;C:\Users\tech1\AppData\Local\Programs\Microsoft VS Code;C:\Program Files\Common Files\Oracle\Java\javapath;C:\WINDOWS\system32;C:\WINDOWS;C:\WINDOWS\System32\Wbem;C:\WINDOWS\System32\WindowsPowerShell\v1.0\;C:\WINDOWS\System32\OpenSSH\;C:\Program Files\Git\cmd;C:\Program Files\nodejs\;C:\Program Files (x86)\Windows Kits\10\Windows Performance Toolkit\;C:\Program Files\Tailscale\;C:\Program Files (x86)\pcsuite\;C:\Users\tech1\AppData\Local\Programs\Python\Launcher\;C:\Users\tech1\AppData\Local\Microsoft\WindowsApps;C:\Users\tech1\AppData\Local\Programs\Microsoft VS Code\bin;C:\flutter\bin;C:\Users\tech1\AppData\Roaming\npm;C:\Users\tech1\AppData\Local\Programs\Ollama;C:\Users\tech1\AppData\Local\GitHubDesktop\bin;c:\Users\tech1\.vscode\extensions\ms-python.debugpy-2025.18.0-win32-x64\bundled\scripts\noConfigScripts
USERNAME=tech1
LANG=en_US.UTF-8
OS=Windows_NT
PROCESSOR_IDENTIFIER=Intel64 Family 6 Model 154 Stepping 3, GenuineIntel
TMP=C:\Users\tech1\AppData\Local\Temp
TEMP=C:\Users\tech1\AppData\Local\Temp




Periodic native trim disabled

JNI global refs:
JNI global refs: 27, weak refs: 0

JNI global refs memory usage: 835, weak refs: 833

Process memory usage:
Resident Set Size: 419288K (5% of 8020484K total physical memory with 172488K free physical memory)

OOME stack traces (most recent first):
Classloader memory used:
Loader org.gradle.internal.classloader.VisitableURLClassLoader                         : 49226K
Loader org.gradle.internal.classloader.VisitableURLClassLoader$InstrumentingVisitableURLClassLoader: 45789K
Loader bootstrap                                                                       : 31921K
Loader org.gradle.initialization.MixInLegacyTypesClassLoader                           : 13943K
Loader jdk.internal.loader.ClassLoaders$AppClassLoader                                 : 7707K
Loader java.net.URLClassLoader                                                         : 5432K
Loader jdk.internal.loader.ClassLoaders$PlatformClassLoader                            : 737K
Loader org.gradle.groovy.scripts.internal.DefaultScriptCompilationHandler$ScriptClassLoader: 516K
Loader jdk.internal.reflect.DelegatingClassLoader                                      : 484K
Loader org.gradle.internal.classloader.VisitableURLClassLoader                         : 292K
Loader org.codehaus.groovy.runtime.callsite.CallSiteClassLoader                        : 15144B

Classes loaded by more than one classloader:
Class Program                                                                         : loaded 13 times (x 72B)
Class Build_gradle$1                                                                  : loaded 6 times (x 74B)
Class Build_gradle                                                                    : loaded 6 times (x 130B)
Class Build_gradle$2                                                                  : loaded 5 times (x 75B)
Class Build_gradle$1$1                                                                : loaded 4 times (x 78B)
Class Settings_gradle                                                                 : loaded 3 times (x 128B)
Class Build_gradle$3                                                                  : loaded 3 times (x 78B)
Class org.jetbrains.kotlin.build.report.metrics.BuildTime                             : loaded 3 times (x 70B)
Class org.jetbrains.kotlin.build.report.metrics.GradleBuildTime$Companion             : loaded 3 times (x 71B)
Class [Lorg.jetbrains.kotlin.build.report.metrics.GradleBuildTime;                    : loaded 3 times (x 69B)
Class org.jetbrains.kotlin.build.report.metrics.BuildMetricsReporter                  : loaded 3 times (x 70B)
Class [Lorg.jetbrains.kotlin.build.report.metrics.BuildTime;                          : loaded 3 times (x 69B)
Class org.jetbrains.kotlin.build.report.metrics.GradleBuildTime                       : loaded 3 times (x 88B)
Class kotlin.sequences.SequencesKt__SequenceBuilderKt                                 : loaded 2 times (x 71B)
Class kotlin.collections.CollectionsKt__ReversedViewsKt                               : loaded 2 times (x 71B)
Class com.google.common.io.FileWriteMode                                              : loaded 2 times (x 79B)
Class [Lcom.google.common.base.AbstractIterator$State;                                : loaded 2 times (x 69B)
Class org.jetbrains.kotlin.gradle.plugin.mpp.KotlinVariantWithCoordinates             : loaded 2 times (x 108B)
Class org.jetbrains.kotlin.gradle.tasks.CInteropProcess                               : loaded 2 times (x 347B)
Class org.jetbrains.kotlin.gradle.internal.KotlinDomApiDependencyManagementKt         : loaded 2 times (x 71B)
Class org.jetbrains.kotlin.gradle.plugin.KotlinPluginLifecycleImpl$launch$coroutine$1 : loaded 2 times (x 76B)
Class org.jetbrains.kotlin.gradle.targets.js.npm.NpmDependencyExtensionKt$defaultNpmDependencyDelegate$1: loaded 2 times (x 167B)
Class org.jetbrains.kotlin.gradle.plugin.diagnostics.checkers.MissingNativeStdlibChecker: loaded 2 times (x 74B)
Class org.jetbrains.kotlin.gradle.targets.native.KotilnNativeConfigureBinariesSideEffectKt: loaded 2 times (x 71B)
Class org.jetbrains.kotlin.gradle.plugin.KotlinPlatformType$DisambiguationRule        : loaded 2 times (x 76B)
Class org.jetbrains.kotlin.gradle.plugin.KotlinPlatformType$Companion                 : loaded 2 times (x 71B)
Class org.jetbrains.kotlin.gradle.plugin.internal.ConfigurationCacheStartParameterAccessorKt: loaded 2 times (x 71B)
Class com.google.common.base.CharMatcher$IsEither                                     : loaded 2 times (x 111B)
Class org.gradle.internal.classloader.ClassLoaderHierarchy                            : loaded 2 times (x 70B)
Class com.google.common.collect.AbstractMapBasedMultimap$WrappedCollection            : loaded 2 times (x 124B)
Class org.jetbrains.kotlin.gradle.plugin.hierarchy.KotlinSourceSetTreeClassifierKt    : loaded 2 times (x 71B)
Class org.jetbrains.kotlin.gradle.report.UsesBuildMetricsService                      : loaded 2 times (x 70B)
Class org.jetbrains.kotlin.gradle.plugin.mpp.compilationImpl.factory.KotlinCompilationImplFactory$KotlinCompilationSourceSetsContainerFactory: loaded 2 times (x 70B)
Class org.jetbrains.kotlin.gradle.utils.MutableObservableSet                          : loaded 2 times (x 70B)
Class org.jetbrains.kotlin.gradle.dsl.KotlinHierarchyDsl                              : loaded 2 times (x 70B)
Class org.jetbrains.kotlin.gradle.report.BuildReportType                              : loaded 2 times (x 79B)
Class org.jetbrains.kotlin.statistics.metrics.StringAnonymizationPolicy$AllowedListAnonymizer: loaded 2 times (x 79B)
Class com.google.common.collect.ImmutableEnumSet                                      : loaded 2 times (x 146B)
Class com.google.common.util.concurrent.ExecutionError                                : loaded 2 times (x 82B)
Class com.google.common.collect.ImmutableList$1                                       : loaded 2 times (x 97B)
Class org.gradle.api.internal.classpath.ManifestUtil                                  : loaded 2 times (x 71B)
Class com.google.common.io.ByteArrayDataOutput                                        : loaded 2 times (x 70B)
Class org.jetbrains.kotlin.gradle.tasks.KotlinCompile$androidLayoutResources$1        : loaded 2 times (x 74B)
Class org.jetbrains.kotlin.gradle.report.GradleBuildMetricsReporter                   : loaded 2 times (x 100B)
Class org.jetbrains.kotlin.gradle.utils.FutureKt$future$1                             : loaded 2 times (x 95B)
Class org.jetbrains.kotlin.gradle.plugin.mpp.KotlinMetadataCompilation                : loaded 2 times (x 70B)
Class org.jetbrains.kotlin.gradle.plugin.sources.KotlinDependencyScope                : loaded 2 times (x 79B)
Class org.jetbrains.kotlin.gradle.tasks.configuration.AbstractKotlinCompileConfig$1   : loaded 2 times (x 79B)
Class org.jetbrains.kotlin.gradle.plugin.mpp.compilationImpl.KotlinCompilationFriendPathsResolver: loaded 2 times (x 70B)
Class org.jetbrains.kotlin.konan.target.KonanTarget$ANDROID_ARM64                     : loaded 2 times (x 78B)
Class org.jetbrains.kotlin.gradle.artifacts.KotlinNativeHostSpecificMetadataArtifactKt$KotlinNativeHostSpecificMetadataArtifact$1: loaded 2 times (x 74B)
Class org.jetbrains.kotlin.gradle.plugin.mpp.compilationImpl.KotlinCompilationSideEffect$Companion: loaded 2 times (x 71B)
Class org.jetbrains.kotlin.gradle.plugin.mpp.KotlinUsages$KotlinMetadataDisambiguation: loaded 2 times (x 76B)
Class org.jetbrains.kotlin.gradle.internal.properties.PropertiesBuildService$IntGradleProperty: loaded 2 times (x 76B)
Class com.google.common.collect.RegularImmutableMap                                   : loaded 2 times (x 121B)
Class com.google.common.collect.ImmutableMap$MapViewOfValuesAsSingletonSets           : loaded 2 times (x 126B)
Class org.jetbrains.kotlin.gradle.tasks.AbstractKotlinCompile$compilerRunner$1        : loaded 2 times (x 75B)
Class org.jetbrains.kotlin.gradle.tasks.CacheableTasksKt$cacheOnlyIfEnabledForKotlin$1: loaded 2 times (x 75B)
Class org.jetbrains.kotlin.gradle.internal.transforms.BuildToolsApiClasspathEntrySnapshotTransform: loaded 2 times (x 82B)
Class org.jetbrains.kotlin.gradle.tasks.configuration.AbstractKotlinCompileConfig$2   : loaded 2 times (x 79B)
Class org.jetbrains.kotlin.gradle.plugin.mpp.compilationImpl.factory.KotlinCompilationImplFactory$PreConfigure: loaded 2 times (x 70B)
Class org.jetbrains.kotlin.gradle.plugin.KotlinProjectSetupActionKt$KotlinProjectSetupCoroutine$1$1: loaded 2 times (x 95B)
Class org.jetbrains.kotlin.konan.target.KonanTarget$WATCHOS_ARM32                     : loaded 2 times (x 78B)
Class org.jetbrains.kotlin.gradle.targets.js.dsl.KotlinJsTargetDsl                    : loaded 2 times (x 70B)
Class org.jetbrains.kotlin.gradle.plugin.KotlinPluginLifecycleImplKt                  : loaded 2 times (x 71B)
Class org.jetbrains.kotlin.gradle.plugin.diagnostics.checkers.DeprecatedKotlinNativeTargetsChecker$runChecks$1: loaded 2 times (x 88B)
Class org.jetbrains.kotlin.gradle.plugin.KotlinPluginLifecycleImpl$WhenMappings       : loaded 2 times (x 71B)
Class org.jetbrains.kotlin.gradle.dsl.KotlinCommonCompilerToolOptionsHelper           : loaded 2 times (x 71B)
Class org.jetbrains.kotlin.gradle.plugin.KotlinTargetComponent                        : loaded 2 times (x 70B)
Class org.jetbrains.kotlin.gradle.plugin.KotlinGradlePluginExtensionPointInternal     : loaded 2 times (x 76B)
Class org.jetbrains.kotlin.statistics.metrics.StringOverridePolicy$OVERRIDE_VERSION_IF_NOT_SET: loaded 2 times (x 85B)
Class org.jetbrains.kotlin.gradle.plugin.statistics.KotlinBuildStatsBeanService$Companion$initStatsService$1: loaded 2 times (x 79B)
Class org.jetbrains.kotlin.gradle.plugin.VariantImplementationFactories$Companion$getProvider$1: loaded 2 times (x 75B)
Class org.jetbrains.kotlin.gradle.internal.properties.PropertiesBuildService$BooleanGradleProperty: loaded 2 times (x 76B)
Class org.jetbrains.kotlin.gradle.dsl.KotlinProjectExtension                          : loaded 2 times (x 122B)
Class [Lorg.objectweb.asm.Symbol;                                                     : loaded 2 times (x 69B)
Class org.objectweb.asm.ClassVisitor                                                  : loaded 2 times (x 88B)
Class com.google.common.collect.UnmodifiableListIterator                              : loaded 2 times (x 95B)
Class org.jetbrains.kotlin.gradle.plugin.KotlinPluginLifecycle$ProjectConfigurationResult$Failure: loaded 2 times (x 72B)
Class com.google.common.base.Platform$JdkPatternCompiler                              : loaded 2 times (x 75B)
Class org.jetbrains.kotlin.gradle.plugin.sources.DefaultKotlinSourceSet$MetadataDependencyTransformation: loaded 2 times (x 72B)
Class org.jetbrains.kotlin.gradle.tasks.DefaultKotlinJavaToolchain$Companion          : loaded 2 times (x 71B)
Class org.jetbrains.kotlin.gradle.tasks.DefaultKotlinJavaToolchain                    : loaded 2 times (x 77B)
Class org.jetbrains.kotlin.gradle.targets.native.toolchain.KotlinNativeBundleBuildService$Parameters: loaded 2 times (x 70B)
Class org.jetbrains.kotlin.gradle.targets.native.toolchain.KotlinNativeBundleBuildService: loaded 2 times (x 77B)
Class org.jetbrains.kotlin.gradle.plugin.KotlinGradleBuildServices                    : loaded 2 times (x 80B)
Class [Lorg.jetbrains.kotlin.statistics.ValueAnonymizer;                              : loaded 2 times (x 69B)
Class org.jetbrains.kotlin.gradle.internal.properties.PropertiesBuildService$MemoizedCallable$value$2: loaded 2 times (x 79B)
Class org.objectweb.asm.MethodTooLargeException                                       : loaded 2 times (x 83B)
Class [Lcom.google.common.cache.CacheBuilder$OneWeigher;                              : loaded 2 times (x 69B)
Class com.google.common.base.Suppliers                                                : loaded 2 times (x 71B)
Class org.gradle.internal.classloader.DefaultClassLoaderFactory                       : loaded 2 times (x 82B)
Class kotlin.sequences.SequencesKt___SequencesKt                                      : loaded 2 times (x 71B)
Class kotlin.collections.AbstractList$Companion                                       : loaded 2 times (x 71B)
Class com.google.common.collect.ReverseNaturalOrdering                                : loaded 2 times (x 114B)
Class com.google.common.base.CharMatcher$None                                         : loaded 2 times (x 112B)
Class org.jetbrains.kotlin.gradle.plugin.PropertiesProvider$kotlinCompilerArgumentsLogLevel$1: loaded 2 times (x 74B)
Class org.jetbrains.kotlin.compilerRunner.CompilerSystemPropertiesService$Parameters_Decorated: loaded 2 times (x 134B)
Class org.jetbrains.kotlin.gradle.plugin.KotlinTargetWithTests                        : loaded 2 times (x 70B)
Class org.jetbrains.kotlin.gradle.plugin.diagnostics.ToolingDiagnosticRenderingOptions: loaded 2 times (x 72B)
Class [Lorg.jetbrains.kotlin.gradle.dsl.KotlinVersion;                                : loaded 2 times (x 69B)
Class org.jetbrains.kotlin.gradle.plugin.diagnostics.checkers.JsEnvironmentChecker    : loaded 2 times (x 76B)
Class org.jetbrains.kotlin.gradle.targets.js.npm.NpmDependencyExtensionKt             : loaded 2 times (x 71B)
Class org.jetbrains.kotlin.gradle.plugin.diagnostics.UsesKotlinToolingDiagnosticsParameters: loaded 2 times (x 70B)
Class org.jetbrains.kotlin.gradle.report.BuildMetricsService                          : loaded 2 times (x 86B)
Class org.jetbrains.kotlin.statistics.metrics.NumberAnonymizationPolicy               : loaded 2 times (x 85B)
Class org.jetbrains.kotlin.statistics.metrics.StringAnonymizationPolicy               : loaded 2 times (x 78B)
Class org.gradle.internal.classloader.ClassLoaderVisitor                              : loaded 2 times (x 76B)
Class com.google.common.collect.Ordering                                              : loaded 2 times (x 114B)
Class org.jetbrains.kotlin.build.report.metrics.BuildPerformanceMetrics               : loaded 2 times (x 72B)
Class org.jetbrains.kotlin.gradle.plugin.mpp.compilationImpl.KotlinCompilationLanguageSettingsConfigurator: loaded 2 times (x 74B)
Class org.jetbrains.kotlin.gradle.plugin.KotlinPluginLifecycleKt$await$1              : loaded 2 times (x 88B)
Class [Lorg.jetbrains.kotlin.gradle.plugin.KotlinCompilation;                         : loaded 2 times (x 69B)
Class org.jetbrains.kotlin.gradle.plugin.mpp.KotlinTargetComponentWithPublication     : loaded 2 times (x 70B)
Class org.jetbrains.kotlin.gradle.plugin.mpp.compilationImpl.KotlinCreateNativeCompileTasksSideEffectKt: loaded 2 times (x 71B)
Class org.jetbrains.kotlin.gradle.plugin.KotlinProjectSetupActionKt                   : loaded 2 times (x 71B)
Class org.jetbrains.kotlin.gradle.dsl.KotlinTargetContainerWithJsPresetFunctions      : loaded 2 times (x 70B)
Class org.jetbrains.kotlin.gradle.report.ReportingSettings$Companion                  : loaded 2 times (x 71B)
Class org.jetbrains.kotlin.gradle.report.ConfigureReporingKt                          : loaded 2 times (x 71B)
Class org.jetbrains.kotlin.tooling.core.TypeUtils                                     : loaded 2 times (x 71B)
Class [Lcom.google.common.collect.ImmutableMapEntry;                                  : loaded 2 times (x 69B)
Class org.gradle.api.internal.classpath.EffectiveClassPath                            : loaded 2 times (x 90B)
Class kotlin.text.StringsKt__AppendableKt                                             : loaded 2 times (x 71B)
Class org.jetbrains.kotlin.gradle.plugin.mpp.compilationImpl.DefaultKotlinCompilationConfigurationsContainer: loaded 2 times (x 84B)
Class com.google.common.collect.ImmutableRangeSet                                     : loaded 2 times (x 115B)
Class org.jetbrains.kotlin.konan.target.KonanTarget$ANDROID_ARM32                     : loaded 2 times (x 78B)
Class org.jetbrains.kotlin.gradle.tasks.TasksProviderKt                               : loaded 2 times (x 71B)
Class org.jetbrains.kotlin.gradle.plugin.diagnostics.ToolingDiagnostic                : loaded 2 times (x 72B)
Class org.jetbrains.kotlin.gradle.plugin.sources.DefaultKotlinSourceSetFactory        : loaded 2 times (x 80B)
Class com.google.common.collect.ListMultimap                                          : loaded 2 times (x 70B)
Class com.google.common.collect.ImmutableEnumMap                                      : loaded 2 times (x 126B)
Class [Lkotlin.reflect.KCallable;                                                     : loaded 2 times (x 69B)
Class com.google.common.collect.ComparatorOrdering                                    : loaded 2 times (x 115B)
Class com.google.common.collect.ImmutableSet$SerializedForm                           : loaded 2 times (x 73B)
Class com.google.common.base.Splitter                                                 : loaded 2 times (x 72B)
Class org.jetbrains.kotlin.incremental.ClasspathChanges                               : loaded 2 times (x 71B)
Class org.jetbrains.kotlin.buildtools.api.jvm.ClassSnapshotGranularity                : loaded 2 times (x 79B)
Class org.jetbrains.kotlin.gradle.ExternalKotlinTargetApi                             : loaded 2 times (x 70B)
Class com.google.common.collect.Iterators$EmptyModifiableIterator                     : loaded 2 times (x 86B)
Class org.jetbrains.kotlin.gradle.plugin.diagnostics.checkers.AndroidPluginWithoutAndroidTargetChecker$runChecks$1: loaded 2 times (x 88B)
Class org.jetbrains.kotlin.gradle.plugin.diagnostics.checkers.AndroidSourceSetLayoutV1SourceSetsNotFoundChecker$runChecks$1: loaded 2 times (x 88B)
Class org.jetbrains.kotlin.gradle.plugin.diagnostics.KotlinGradleProjectCheckersRunnerKt$launchKotlinGradleProjectCheckers$1$1: loaded 2 times (x 95B)
Class org.jetbrains.kotlin.konan.target.KonanTarget                                   : loaded 2 times (x 78B)
Class org.jetbrains.kotlin.gradle.targets.CreateDefaultTestRunSideEffectKt            : loaded 2 times (x 71B)
Class org.jetbrains.kotlin.gradle.utils.ProviderApiUtilsKt$mapOrNull$1                : loaded 2 times (x 75B)
Class org.jetbrains.kotlin.gradle.targets.native.toolchain.KotlinNativeBundleBuildService$Companion$registerIfAbsent$1: loaded 2 times (x 75B)
Class org.jetbrains.kotlin.statistics.metrics.BooleanAnonymizationPolicy              : loaded 2 times (x 85B)
Class org.jetbrains.kotlin.statistics.metrics.BooleanOverridePolicy$OVERRIDE          : loaded 2 times (x 85B)
Class org.jetbrains.kotlin.gradle.plugin.PropertiesProvider$kotlinExperimentalTryNext$1: loaded 2 times (x 75B)
Class org.jetbrains.kotlin.gradle.plugin.VariantImplementationFactoriesConfigurator$Companion$getProvider$1: loaded 2 times (x 74B)
Class com.google.common.collect.Sets$1                                                : loaded 2 times (x 139B)
Class org.objectweb.asm.AnnotationVisitor                                             : loaded 2 times (x 78B)
Class org.gradle.api.internal.DefaultClassPathProvider                                : loaded 2 times (x 76B)
Class kotlin.sequences.Sequence                                                       : loaded 2 times (x 70B)
Class kotlin.text.StringsKt__StringNumberConversionsJVMKt                             : loaded 2 times (x 71B)
Class com.google.common.collect.NaturalOrdering                                       : loaded 2 times (x 115B)
Class com.google.common.collect.Maps$ViewCachingAbstractMap                           : loaded 2 times (x 125B)
Class org.jetbrains.kotlin.gradle.tasks.configuration.KaptGenerateStubsConfig$Companion$wireJavaAndKotlinOutputs$1: loaded 2 times (x 79B)
Class org.jetbrains.kotlin.gradle.plugin.KotlinPluginLifecycleCoroutineContextElement : loaded 2 times (x 84B)
Class org.jetbrains.kotlin.gradle.dsl.PlatformSourceSetConventionsChecker             : loaded 2 times (x 74B)
Class org.jetbrains.kotlin.gradle.plugin.diagnostics.checkers.KotlinSourceSetTreeDependsOnMismatchChecker: loaded 2 times (x 74B)
Class org.jetbrains.kotlin.gradle.targets.CreateDefaultCompilationsSideEffectKt       : loaded 2 times (x 71B)
Class org.jetbrains.kotlin.gradle.plugin.mpp.SyncLanguageSettingsWithKotlinExtensionSetupActionKt: loaded 2 times (x 71B)
Class org.jetbrains.kotlin.statistics.metrics.NumericalMetrics                        : loaded 2 times (x 80B)
Class org.jetbrains.kotlin.gradle.plugin.VariantImplementationFactories$Companion$getProvider$2$1: loaded 2 times (x 79B)
Class com.google.common.collect.Sets$2                                                : loaded 2 times (x 139B)
Class [Lorg.gradle.api.internal.ClassPathProvider;                                    : loaded 2 times (x 69B)
Class org.gradle.api.internal.ClassPathProvider                                       : loaded 2 times (x 70B)
Class com.google.common.base.AbstractIterator$State                                   : loaded 2 times (x 79B)
Class org.jetbrains.kotlin.gradle.plugin.statistics.ExecutedTaskMetrics               : loaded 2 times (x 71B)
Class org.jetbrains.kotlin.gradle.plugin.diagnostics.CheckKotlinGradlePluginConfigurationErrors$Companion: loaded 2 times (x 71B)
Class org.jetbrains.kotlin.gradle.tasks.KotlinJvmCompile$DefaultImpls                 : loaded 2 times (x 71B)
Class org.jetbrains.kotlin.gradle.tasks.CacheableTasksKt                              : loaded 2 times (x 71B)
Class org.jetbrains.kotlin.konan.target.HostManager$targetValues$2                    : loaded 2 times (x 78B)
Class org.jetbrains.kotlin.gradle.plugin.diagnostics.checkers.UnusedSourceSetsChecker$runChecks$1: loaded 2 times (x 88B)
Class [Lorg.jetbrains.kotlin.konan.target.Family;                                     : loaded 2 times (x 69B)
Class org.jetbrains.kotlin.gradle.targets.js.npm.PeerNpmDependencyExtension           : loaded 2 times (x 70B)
Class org.jetbrains.kotlin.gradle.dsl.AndroidMainSourceSetConventionsChecker          : loaded 2 times (x 74B)
Class org.jetbrains.kotlin.gradle.plugin.diagnostics.checkers.WasmJsEnvironmentChecker$1: loaded 2 times (x 78B)
Class org.jetbrains.kotlin.gradle.targets.js.npm.NpmDependencyExtensionKt$AddNpmDependencyExtensionProjectSetupAction$1: loaded 2 times (x 74B)
Class org.jetbrains.kotlin.build.report.metrics.GradleBuildPerformanceMetric          : loaded 2 times (x 97B)
Class org.jetbrains.kotlin.gradle.internal.properties.PropertiesBuildService$NullableBooleanGradleProperty: loaded 2 times (x 76B)
Class [Lorg.objectweb.asm.AnnotationVisitor;                                          : loaded 2 times (x 69B)
Class com.google.common.collect.Sets$3                                                : loaded 2 times (x 139B)
Class com.google.common.cache.LocalCache$LocalLoadingCache                            : loaded 2 times (x 134B)
Class org.gradle.internal.service.UnknownServiceException                             : loaded 2 times (x 83B)
Class com.google.common.io.ByteArrayDataInput                                         : loaded 2 times (x 70B)
Class org.jetbrains.kotlin.gradle.tasks.configuration.BaseKotlinCompileConfig$2$1$1$1 : loaded 2 times (x 74B)
Class org.jetbrains.kotlin.gradle.tasks.KotlinCompile$ScriptFilterSpec                : loaded 2 times (x 75B)
Class org.jetbrains.kotlin.gradle.plugin.diagnostics.checkers.ComposePluginSuggestApplyChecker$runChecks$1: loaded 2 times (x 88B)
Class org.jetbrains.kotlin.konan.target.KonanTarget$TVOS_ARM64                        : loaded 2 times (x 78B)
Class org.jetbrains.kotlin.gradle.targets.js.npm.DefaultPeerNpmDependencyExtension    : loaded 2 times (x 141B)
Class org.jetbrains.kotlin.gradle.plugin.KotlinPluginLifecycleKt                      : loaded 2 times (x 71B)
Class org.jetbrains.kotlin.gradle.plugin.diagnostics.checkers.WasmJsEnvironmentChecker$2: loaded 2 times (x 78B)
Class org.jetbrains.kotlin.gradle.plugin.mpp.AbstractKotlinTarget                     : loaded 2 times (x 150B)
Class org.jetbrains.kotlin.gradle.internal.properties.NativePropertiesLoader$kotlinNativeVersion$1: loaded 2 times (x 75B)
Class org.jetbrains.kotlin.gradle.plugin.VariantImplementationFactoriesConfigurator$Inject: loaded 2 times (x 96B)
Class org.jetbrains.kotlin.gradle.dsl.KotlinSingleTargetExtension                     : loaded 2 times (x 124B)
Class com.google.common.collect.Sets$4                                                : loaded 2 times (x 139B)
Class org.objectweb.asm.ModuleVisitor                                                 : loaded 2 times (x 81B)
Class com.google.common.cache.LocalCache$Strength$1                                   : loaded 2 times (x 81B)
Class org.jetbrains.kotlin.gradle.tasks.configuration.BaseKotlinCompileConfig$2$1$1$2 : loaded 2 times (x 74B)
Class org.jetbrains.kotlin.gradle.plugin.mpp.KotlinCompilationsKt$addSourcesToKotlinCompileTask$configureAction$2: loaded 2 times (x 79B)
Class org.jetbrains.kotlin.gradle.plugin.mpp.compilationImpl.KotlinCompilationTaskNamesContainer: loaded 2 times (x 72B)
Class org.jetbrains.kotlin.gradle.plugin.mpp.compilationImpl.factory.KotlinCompilationImplFactory$KotlinCompilerOptionsFactory: loaded 2 times (x 70B)
Class org.jetbrains.kotlin.gradle.internal.properties.PropertiesBuildServiceKt$propertyWithDeprecatedName$1: loaded 2 times (x 75B)
Class org.jetbrains.kotlin.gradle.targets.js.npm.NpmDependencyExtension               : loaded 2 times (x 70B)
Class org.jetbrains.kotlin.gradle.plugin.LanguageSettingsBuilder                      : loaded 2 times (x 70B)
Class org.jetbrains.kotlin.gradle.plugin.diagnostics.checkers.WasmWasiEnvironmentChecker: loaded 2 times (x 76B)
Class org.jetbrains.kotlin.gradle.plugin.diagnostics.checkers.WasmJsEnvironmentChecker$3: loaded 2 times (x 78B)
Class org.jetbrains.kotlin.gradle.targets.ConfigureBuildSideEffectKt                  : loaded 2 times (x 71B)
Class org.jetbrains.kotlin.gradle.plugin.BuildEventsListenerRegistryHolder$Companion  : loaded 2 times (x 71B)
Class [Lorg.jetbrains.kotlin.statistics.metrics.StringMetrics;                        : loaded 2 times (x 69B)
Class org.jetbrains.kotlin.gradle.internal.properties.PropertiesBuildService$Inject   : loaded 2 times (x 96B)
Class com.google.common.util.concurrent.SettableFuture                                : loaded 2 times (x 114B)
Class com.google.common.cache.LocalCache$Strength$2                                   : loaded 2 times (x 81B)
Class kotlin.collections.ArraysKt___ArraysJvmKt                                       : loaded 2 times (x 71B)
Class kotlin.collections.CollectionsKt__CollectionsKt                                 : loaded 2 times (x 71B)
Class kotlin.text.StringsKt__RegexExtensionsJVMKt                                     : loaded 2 times (x 71B)
Class com.google.common.io.ByteStreams                                                : loaded 2 times (x 71B)
Class com.google.common.collect.AllEqualOrdering                                      : loaded 2 times (x 114B)
Class com.google.common.collect.TransformedIterator                                   : loaded 2 times (x 80B)
Class com.google.common.base.Splitter$1                                               : loaded 2 times (x 77B)
Class org.jetbrains.kotlin.gradle.tasks.KotlinJavaToolchain$JdkSetter                 : loaded 2 times (x 70B)
Class org.jetbrains.kotlin.gradle.plugin.KotlinPluginLifecycle$ProjectConfigurationResult$Success: loaded 2 times (x 71B)
Class org.jetbrains.kotlin.gradle.internal.StdlibDependencyManagementKt$configureStdlibVersionAlignment$1: loaded 2 times (x 75B)
Class org.jetbrains.kotlin.gradle.plugin.diagnostics.checkers.OverriddenKotlinNativeHomeChecker$allKonanMainSubdirectoriesExist$1$1: loaded 2 times (x 75B)
Class org.jetbrains.kotlin.gradle.dsl.PlatformSourceSetConventionsChecker$CheckedPlatformInfo: loaded 2 times (x 72B)
Class org.jetbrains.kotlin.gradle.plugin.diagnostics.checkers.WasmJsEnvironmentChecker$4: loaded 2 times (x 78B)
Class org.jetbrains.kotlin.gradle.plugin.mpp.KotlinUsages$KotlinCinteropDisambiguation: loaded 2 times (x 76B)
Class org.jetbrains.kotlin.gradle.plugin.KotlinPluginInMultipleProjectsHolder         : loaded 2 times (x 72B)
Class org.jetbrains.kotlin.gradle.report.BuildReportType$Companion                    : loaded 2 times (x 71B)
Class com.google.common.cache.LocalCache$Strength$3                                   : loaded 2 times (x 81B)
Class com.google.common.collect.MapDifference                                         : loaded 2 times (x 70B)
Class kotlin._Assertions                                                              : loaded 2 times (x 71B)
Class org.jetbrains.kotlin.gradle.tasks.KotlinCompilerPluginData$InputsOutputsState   : loaded 2 times (x 72B)
Class org.jetbrains.kotlin.gradle.plugin.sources.FragmentConsistencyChecks$optInAnnotationsCheck$1: loaded 2 times (x 79B)
Class org.jetbrains.kotlin.gradle.plugin.mpp.AbstractKotlinCompilationToRunnableFiles : loaded 2 times (x 196B)
Class org.jetbrains.kotlin.gradle.artifacts.KotlinMetadataArtifactKt$KotlinMetadataArtifact$1: loaded 2 times (x 74B)
Class org.jetbrains.kotlin.gradle.plugin.mpp.KotlinUsages$KotlinMetadataCompatibility : loaded 2 times (x 76B)
Class [Lorg.jetbrains.kotlin.gradle.dsl.JvmTarget;                                    : loaded 2 times (x 69B)
Class org.jetbrains.kotlin.gradle.utils.ConfigurationsKt$maybeCreateResolvable$1      : loaded 2 times (x 78B)
Class org.jetbrains.kotlin.gradle.plugin.StatisticsBuildFlowManager$Companion         : loaded 2 times (x 71B)
Class org.jetbrains.kotlin.statistics.metrics.StringMetrics$Companion                 : loaded 2 times (x 71B)
Class org.jetbrains.kotlin.gradle.internal.properties.PropertiesBuildService$property$1$1: loaded 2 times (x 75B)
Class org.jetbrains.kotlin.tooling.core.Extras$Type                                   : loaded 2 times (x 72B)
Class org.objectweb.asm.FieldWriter                                                   : loaded 2 times (x 78B)
Class com.google.common.cache.CacheBuilder$NullListener                               : loaded 2 times (x 82B)
Class org.gradle.internal.classpath.TransformedClassPath                              : loaded 2 times (x 96B)
Class org.gradle.internal.classloader.InstrumentingClassLoader                        : loaded 2 times (x 70B)
Class kotlin.jvm.internal.FunctionReference                                           : loaded 2 times (x 122B)
Class kotlin.jvm.internal.FunctionBase                                                : loaded 2 times (x 70B)
Class kotlin.enums.EnumEntriesList                                                    : loaded 2 times (x 223B)
Class com.google.common.collect.ImmutableRangeSet$AsSet                               : loaded 2 times (x 300B)
Class org.jetbrains.kotlin.gradle.plugin.sources.FragmentConsistencyChecks$optInAnnotationsCheck$2: loaded 2 times (x 78B)
Class org.jetbrains.kotlin.gradle.targets.NativeForwardImplementationToApiElementsSideEffectKt$special$$inlined$KotlinTargetSideEffect$1: loaded 2 times (x 74B)
Class org.jetbrains.kotlin.gradle.plugin.BuildFinishedListenerService$Companion       : loaded 2 times (x 71B)
Class org.jetbrains.kotlin.gradle.plugin.BuildFinishedListenerService                 : loaded 2 times (x 80B)
Class com.google.common.cache.CacheLoader$FunctionToCacheLoader                       : loaded 2 times (x 75B)
Class com.google.common.collect.Iterators$ArrayItr                                    : loaded 2 times (x 97B)
Class com.google.common.collect.ImmutableCollection$Builder                           : loaded 2 times (x 76B)
Class kotlin.comparisons.ComparisonsKt___ComparisonsJvmKt                             : loaded 2 times (x 71B)
Class kotlin.collections.CollectionsKt__IteratorsJVMKt                                : loaded 2 times (x 71B)
Class org.jetbrains.kotlin.gradle.tasks.AbstractKotlinCompileTool$sources$1           : loaded 2 times (x 79B)
Class org.jetbrains.kotlin.gradle.tasks.configuration.TaskConfigAction                : loaded 2 times (x 72B)
Class org.jetbrains.kotlin.gradle.plugin.diagnostics.checkers.OverriddenKotlinNativeHomeChecker$allKonanMainSubdirectoriesExist$1: loaded 2 times (x 75B)
Class org.jetbrains.kotlin.gradle.plugin.AbstractKotlinPlugin$Companion               : loaded 2 times (x 71B)
Class org.jetbrains.kotlin.gradle.plugin.KotlinSourceSetTree                          : loaded 2 times (x 72B)
Class org.jetbrains.kotlin.gradle.plugin.KotlinPluginLifecycle$Stage                  : loaded 2 times (x 79B)
Class org.jetbrains.kotlin.gradle.plugin.mpp.compilationImpl.KotlinCreateResourcesTaskSideEffectKt$KotlinCreateResourcesTaskSideEffect$1: loaded 2 times (x 74B)
Class org.jetbrains.kotlin.gradle.plugin.sources.KotlinSourceSetFactory               : loaded 2 times (x 80B)
Class org.jetbrains.kotlin.gradle.targets.native.toolchain.KotlinNativeBundleBuildService$Parameters_Decorated: loaded 2 times (x 143B)
Class org.jetbrains.kotlin.gradle.internal.ClassLoadersCachingBuildService$Companion  : loaded 2 times (x 71B)
Class com.google.common.base.Joiner                                                   : loaded 2 times (x 79B)
Class com.google.common.base.MoreObjects                                              : loaded 2 times (x 71B)
Class org.jetbrains.kotlin.utils.CollectionsKt                                        : loaded 2 times (x 71B)
Class [Lorg.jetbrains.kotlin.com.intellij.openapi.diagnostic.LogLevel;                : loaded 2 times (x 69B)
Class kotlin.sequences.FilteringSequence$iterator$1                                   : loaded 2 times (x 79B)
Class [Lorg.jetbrains.kotlin.build.report.metrics.BuildAttribute;                     : loaded 2 times (x 69B)
Class org.jetbrains.kotlin.gradle.utils.ProviderApiUtilsKt$mapOrNull$1$1              : loaded 2 times (x 75B)
Class org.jetbrains.kotlin.gradle.plugin.hierarchy.KotlinSourceSetTreeClassifier$Default: loaded 2 times (x 71B)
Class org.jetbrains.kotlin.gradle.plugin.mpp.InternalKotlinCompilationKt              : loaded 2 times (x 71B)
Class org.jetbrains.kotlin.gradle.tasks.configuration.AbstractKotlinCompileConfig     : loaded 2 times (x 72B)
Class org.jetbrains.kotlin.gradle.plugin.mpp.compilationImpl.KotlinCompilationImpl$attributes$2: loaded 2 times (x 79B)
Class org.jetbrains.kotlin.gradle.plugin.diagnostics.checkers.OverriddenKotlinNativeHomeChecker$StdlibExistenceCheckerValueSource: loaded 2 times (x 78B)
Class org.jetbrains.kotlin.gradle.utils.IsolatedKotlinClasspathClassCastException     : loaded 2 times (x 82B)
Class com.google.common.collect.Platform                                              : loaded 2 times (x 71B)
Class [Lorg.objectweb.asm.Type;                                                       : loaded 2 times (x 69B)
Class com.google.common.collect.UnmodifiableIterator                                  : loaded 2 times (x 80B)
Class org.gradle.internal.service.ServiceLocator                                      : loaded 2 times (x 70B)
Class kotlin.Pair                                                                     : loaded 2 times (x 72B)
Class [Lkotlin.Function;                                                              : loaded 2 times (x 69B)
Class com.google.common.collect.ImmutableSortedMap$Builder                            : loaded 2 times (x 90B)
Class org.jetbrains.kotlin.gradle.tasks.DefaultKotlinJavaToolchain$DefaultJavaToolchainSetter$useAsConvention$1: loaded 2 times (x 75B)
Class org.jetbrains.kotlin.gradle.plugin.KotlinCompilerArgumentsProducer$CreateCompilerArgumentsContext: loaded 2 times (x 70B)
Class org.jetbrains.kotlin.gradle.utils.GradleAttributesContainerUtilsKt$copyAttributeTo$1: loaded 2 times (x 79B)
Class org.jetbrains.kotlin.gradle.plugin.hierarchy.KotlinSourceSetTreeClassifierKt$classify$1: loaded 2 times (x 88B)
Class [Lorg.jetbrains.kotlin.konan.target.KonanTarget;                                : loaded 2 times (x 69B)
Class org.jetbrains.kotlin.gradle.plugin.diagnostics.checkers.WasmSourceSetsNotFoundChecker: loaded 2 times (x 74B)
Class org.jetbrains.kotlin.gradle.plugin.diagnostics.checkers.AndroidSourceSetLayoutV1SourceSetsNotFoundChecker$androidSourceSetRegex$2: loaded 2 times (x 78B)
Class org.jetbrains.kotlin.gradle.plugin.statistics.KotlinBuildStatsLoggerService$Companion: loaded 2 times (x 71B)
Class com.google.common.base.Ascii                                                    : loaded 2 times (x 71B)
Class com.google.common.collect.SingletonImmutableBiMap                               : loaded 2 times (x 143B)
Class com.google.common.cache.LocalCache$1                                            : loaded 2 times (x 89B)
Class com.google.common.collect.Iterators$SingletonIterator                           : loaded 2 times (x 81B)
Class com.google.common.collect.AbstractMapEntry                                      : loaded 2 times (x 81B)
Class kotlin.io.CloseableKt                                                           : loaded 2 times (x 71B)
Class kotlin.collections.CollectionsKt__MutableCollectionsKt                          : loaded 2 times (x 71B)
Class org.jetbrains.kotlin.gradle.plugin.KotlinCompilationWithResources               : loaded 2 times (x 70B)
Class com.google.common.collect.Sets$ImprovedAbstractSet                              : loaded 2 times (x 135B)
Class com.google.common.collect.ImmutableList$Builder                                 : loaded 2 times (x 77B)
Class org.jetbrains.kotlin.gradle.plugin.KotlinTargetPreset                           : loaded 2 times (x 70B)
Class org.jetbrains.kotlin.gradle.plugin.diagnostics.checkers.KotlinTargetAlreadyDeclaredChecker: loaded 2 times (x 74B)
Class org.jetbrains.kotlin.gradle.plugin.mpp.compilationImpl.KotlinCompilationProcessorSideEffectKt: loaded 2 times (x 71B)
Class org.jetbrains.kotlin.gradle.utils.FileUtilsKt$localProperties$1                 : loaded 2 times (x 75B)
Class org.jetbrains.kotlin.gradle.dsl.HasConfigurableKotlinCompilerOptions            : loaded 2 times (x 70B)
Class com.google.common.collect.AbstractMultimap                                      : loaded 2 times (x 123B)
Class com.google.common.cache.LocalCache$2                                            : loaded 2 times (x 142B)
Class kotlin.reflect.KCallable                                                        : loaded 2 times (x 70B)
Class kotlin.io.TerminateException                                                    : loaded 2 times (x 82B)
Class kotlin.io.FilesKt__FilePathComponentsKt                                         : loaded 2 times (x 71B)
Class org.jetbrains.kotlin.gradle.tasks.configuration.AbstractKotlinCompileConfig$2$1 : loaded 2 times (x 79B)
Class org.jetbrains.kotlin.gradle.tasks.DefaultKotlinJavaToolchain_Decorated          : loaded 2 times (x 126B)
Class org.jetbrains.kotlin.gradle.plugin.statistics.KotlinProjectConfigurationMetrics : loaded 2 times (x 71B)
Class org.jetbrains.kotlin.gradle.plugin.KotlinCompilationInfo$TCS                    : loaded 2 times (x 89B)
Class com.google.common.collect.ImmutableRangeSet$1                                   : loaded 2 times (x 210B)
Class org.jetbrains.kotlin.gradle.plugin.mpp.HasBinaries                              : loaded 2 times (x 70B)
Class org.jetbrains.kotlin.gradle.dsl.KotlinCommonOptions                             : loaded 2 times (x 70B)
Class org.jetbrains.kotlin.gradle.plugin.mpp.compilationImpl.KotlinCreateSourcesJarTaskSideEffectKt: loaded 2 times (x 71B)
Class org.jetbrains.kotlin.gradle.dsl.KotlinJvmProjectExtension                       : loaded 2 times (x 147B)
Class org.jetbrains.kotlin.gradle.plugin.KotlinGradlePluginExtensionPointInternalKt   : loaded 2 times (x 71B)
Class org.jetbrains.kotlin.gradle.targets.native.toolchain.UsesKotlinNativeBundleBuildService: loaded 2 times (x 70B)
Class org.jetbrains.kotlin.gradle.plugin.KotlinCompilerArgumentsProducer              : loaded 2 times (x 70B)
Class org.jetbrains.kotlin.build.report.metrics.ValueType                             : loaded 2 times (x 79B)
Class com.google.common.collect.RegularImmutableAsList                                : loaded 2 times (x 217B)
Class build_2pq2rgw1ln5md5k2qqlcru6ds$_run_closure1$_closure3                         : loaded 2 times (x 139B)
Class org.jetbrains.kotlin.build.report.metrics.BuildTimes$Companion                  : loaded 2 times (x 71B)
Class org.jetbrains.kotlin.gradle.tasks.configuration.BaseKotlinCompileConfig$1$classpathConfiguration$1: loaded 2 times (x 75B)
Class com.google.common.collect.Range                                                 : loaded 2 times (x 87B)
Class org.jetbrains.kotlin.gradle.targets.js.npm.NpmDependencyExtensionDelegate       : loaded 2 times (x 167B)
Class org.jetbrains.kotlin.gradle.plugin.sources.FragmentConsistencyChecker           : loaded 2 times (x 72B)
Class org.jetbrains.kotlin.gradle.dsl.DefaultToolchainSupport_Decorated               : loaded 2 times (x 124B)
Class org.jetbrains.kotlin.gradle.internal.properties.NativePropertiesLoader$jvmArgs$1: loaded 2 times (x 75B)
Class org.jetbrains.kotlin.gradle.report.BuildMetricsService$Companion                : loaded 2 times (x 71B)
Class org.jetbrains.kotlin.gradle.tasks.KotlinCompileTool                             : loaded 2 times (x 70B)
Class org.jetbrains.kotlin.gradle.plugin.VariantImplementationFactories$Parameters_Decorated: loaded 2 times (x 134B)
Class org.jetbrains.kotlin.gradle.plugin.PropertiesProvider$PropertyNames             : loaded 2 times (x 71B)
Class org.jetbrains.kotlin.gradle.utils.SingleAction$PerformedActions                 : loaded 2 times (x 72B)
Class org.jetbrains.kotlin.gradle.utils.GradleUtilsKt                                 : loaded 2 times (x 71B)
Class org.jetbrains.kotlin.gradle.plugin.HasProject                                   : loaded 2 times (x 70B)
Class com.google.common.util.concurrent.AbstractFuture$Trusted                        : loaded 2 times (x 70B)
Class com.google.common.collect.Iterators                                             : loaded 2 times (x 71B)
Class kotlin.io.FilesKt__FileTreeWalkKt                                               : loaded 2 times (x 71B)
Class com.google.common.collect.ExplicitOrdering                                      : loaded 2 times (x 115B)
Class com.google.common.io.ByteSink$AsCharSink                                        : loaded 2 times (x 80B)
Class org.jetbrains.kotlin.gradle.tasks.configuration.AbstractKotlinCompileConfig$2$3 : loaded 2 times (x 75B)
Class org.jetbrains.kotlin.gradle.tasks.configuration.BaseKotlinCompileConfig         : loaded 2 times (x 72B)
Class org.jetbrains.kotlin.gradle.plugin.mpp.compilationImpl.factory.KotlinCompilationImplFactory$KotlinCompilationTaskNamesContainerFactory: loaded 2 times (x 70B)
Class org.jetbrains.kotlin.gradle.internal.KotlinDependenciesManagementKt$CustomizeKotlinDependenciesSetupAction$1$coreLibrariesVersion$1: loaded 2 times (x 79B)
Class org.jetbrains.kotlin.gradle.plugin.diagnostics.checkers.CInteropInputChecker$runChecks$1: loaded 2 times (x 88B)
Class org.jetbrains.kotlin.gradle.ExperimentalKotlinGradlePluginApi                   : loaded 2 times (x 70B)
Class org.jetbrains.kotlin.gradle.internal.properties.NativePropertiesLoader          : loaded 2 times (x 85B)
Class org.jetbrains.kotlin.statistics.metrics.NumberAnonymizationPolicy$SAFE          : loaded 2 times (x 85B)
Class org.jetbrains.kotlin.gradle.plugin.statistics.BuildFusService                   : loaded 2 times (x 84B)
Class com.google.common.collect.Lists$StringAsImmutableList                           : loaded 2 times (x 207B)
Class com.google.common.util.concurrent.UncheckedExecutionException                   : loaded 2 times (x 82B)
Class org.jetbrains.kotlin.gradle.tasks.configuration.AbstractKotlinCompileConfig$2$4 : loaded 2 times (x 75B)
Class org.jetbrains.kotlin.gradle.tasks.KotlinCompile$scriptSources$1                 : loaded 2 times (x 75B)
Class org.jetbrains.kotlin.build.report.metrics.BuildAttribute$Companion              : loaded 2 times (x 71B)
Class org.jetbrains.kotlin.gradle.plugin.diagnostics.checkers.CInteropInputChecker$runChecks$2: loaded 2 times (x 75B)
Class org.jetbrains.kotlin.gradle.tasks.configuration.KaptGenerateStubsConfig$Companion: loaded 2 times (x 71B)
Class org.jetbrains.kotlin.gradle.internal.KotlinTestDependencyManagementKt$maybeAddTestDependencyCapability$1: loaded 2 times (x 75B)
Class org.jetbrains.kotlin.gradle.plugin.diagnostics.CheckKotlinGradlePluginConfigurationErrorsKt: loaded 2 times (x 71B)
Class org.jetbrains.kotlin.gradle.targets.js.npm.NpmDependencyExtensionKt$AddNpmDependencyExtensionProjectSetupAction$1$WhenMappings: loaded 2 times (x 71B)
Class org.jetbrains.kotlin.gradle.plugin.mpp.KotlinJvmAndroidCompilation              : loaded 2 times (x 198B)
Class org.jetbrains.kotlin.gradle.targets.CreateDefaultCompilationsSideEffectKt$CreateDefaultCompilationsSideEffect$1: loaded 2 times (x 74B)
Class org.jetbrains.kotlin.gradle.targets.native.internal.AddKotlinPlatformIntegersSupportLibraryKt$AddKotlinPlatformIntegersSupportLibrary$1: loaded 2 times (x 95B)
Class org.jetbrains.kotlin.gradle.plugin.mpp.ApplyUserDefinedAttributesKt             : loaded 2 times (x 71B)
Class org.jetbrains.kotlin.gradle.utils.FutureImpl                                    : loaded 2 times (x 80B)
Class org.jetbrains.kotlin.gradle.internal.properties.NativePropertiesLoader$isToolchainEnabled$1: loaded 2 times (x 75B)
Class [Lorg.jetbrains.kotlin.statistics.metrics.NumericalMetrics;                     : loaded 2 times (x 69B)
Class org.gradle.internal.InternalTransformer                                         : loaded 2 times (x 70B)
Class kotlin.collections.MapsKt__MapsJVMKt                                            : loaded 2 times (x 71B)
Class kotlin.collections.EmptyList                                                    : loaded 2 times (x 174B)
Class org.jetbrains.kotlin.gradle.tasks.CompileUsingKotlinDaemonWithNormalization     : loaded 2 times (x 70B)
Class org.jetbrains.kotlin.gradle.plugin.mpp.compilationImpl.factory.KotlinCompilationImplFactory$PostConfigure$Companion: loaded 2 times (x 71B)
Class com.google.common.collect.AbstractMapBasedMultimap$KeySet$1                     : loaded 2 times (x 82B)
Class org.jetbrains.kotlin.gradle.internal.KotlinDomApiDependencyManagementKt$configureKotlinDomApiDefaultDependency$1: loaded 2 times (x 79B)
Class org.jetbrains.kotlin.gradle.targets.js.npm.DefaultDevNpmDependencyExtension     : loaded 2 times (x 145B)
Class [Lorg.jetbrains.kotlin.gradle.plugin.HasKotlinDependencies;                     : loaded 2 times (x 69B)
Class org.jetbrains.kotlin.gradle.tasks.DefaultKotlinJavaToolchain$Companion$wireJvmTargetToToolchain$1: loaded 2 times (x 75B)
Class org.jetbrains.kotlin.gradle.plugin.diagnostics.checkers.JsLikeEnvironmentChecker: loaded 2 times (x 76B)
Class org.jetbrains.kotlin.gradle.plugin.KotlinPlatformType                           : loaded 2 times (x 82B)
Class org.jetbrains.kotlin.gradle.plugin.KotlinGradleBuildServices$Companion          : loaded 2 times (x 71B)
Class org.jetbrains.kotlin.gradle.internal.properties.PropertiesBuildServiceKt        : loaded 2 times (x 71B)
Class org.objectweb.asm.ClassWriter                                                   : loaded 2 times (x 106B)
Class com.google.common.cache.CacheLoader$UnsupportedLoadingOperationException        : loaded 2 times (x 82B)
Class com.google.common.base.CharMatcher$And                                          : loaded 2 times (x 112B)
Class org.gradle.internal.classloader.ClasspathUtil$1                                 : loaded 2 times (x 76B)
Class com.google.common.collect.AbstractMapBasedMultimap$Itr                          : loaded 2 times (x 83B)
Class org.jetbrains.kotlin.gradle.plugin.diagnostics.ToolingDiagnosticRenderingOptions$Companion: loaded 2 times (x 71B)
Class org.jetbrains.kotlin.gradle.dsl.KotlinJvmCompilerOptionsHelper                  : loaded 2 times (x 71B)
Class org.jetbrains.kotlin.gradle.tasks.DefaultKotlinJavaToolchain$Companion$wireJvmTargetToToolchain$2: loaded 2 times (x 75B)
Class org.jetbrains.kotlin.gradle.plugin.ProjectLocalConfigurations$ProjectLocalDisambiguation: loaded 2 times (x 76B)
Class org.jetbrains.kotlin.gradle.plugin.mpp.apple.swiftexport.internal.SwiftExportInitKt: loaded 2 times (x 71B)
Class org.jetbrains.kotlin.gradle.internal.properties.PropertiesBuildService$NullableStringGradleProperty: loaded 2 times (x 76B)
Class org.jetbrains.kotlin.gradle.plugin.KotlinGradleBuildServices$detectKotlinPluginLoadedInMultipleProjects$onRegister$1$1: loaded 2 times (x 75B)
Class org.jetbrains.kotlin.gradle.plugin.internal.ConfigurationCacheStartParameterAccessor$Factory: loaded 2 times (x 70B)
Class org.objectweb.asm.FieldVisitor                                                  : loaded 2 times (x 77B)
Class com.google.common.collect.IndexedImmutableSet                                   : loaded 2 times (x 152B)
Class com.google.common.collect.ImmutableMap$1                                        : loaded 2 times (x 81B)
Class com.google.common.collect.BiMap                                                 : loaded 2 times (x 70B)
Class org.gradle.api.internal.classpath.DefaultModuleRegistry$DefaultModule           : loaded 2 times (x 86B)
Class com.google.common.collect.NullsFirstOrdering                                    : loaded 2 times (x 115B)
Class org.jetbrains.kotlin.buildtools.api.KotlinLogger                                : loaded 2 times (x 70B)
Class org.jetbrains.kotlin.gradle.internal.transforms.BuildToolsApiClasspathEntrySnapshotTransform$Parameters$Inject: loaded 2 times (x 119B)
Class org.jetbrains.kotlin.gradle.plugin.diagnostics.CheckKotlinGradlePluginConfigurationErrors_Decorated: loaded 2 times (x 369B)
Class org.jetbrains.kotlin.gradle.plugin.mpp.compilationImpl.KotlinCompilationSourceSetInclusion$DefaultAddSourcesToCompileTask$addSources$1: loaded 2 times (x 79B)
Class org.jetbrains.kotlin.gradle.plugin.diagnostics.checkers.WasmSourceSetsNotFoundChecker$wasmSourceSetRegex$2: loaded 2 times (x 78B)
Class org.jetbrains.kotlin.gradle.plugin.mpp.compilationImpl.KotlinCompilationSideEffect: loaded 2 times (x 70B)
Class org.jetbrains.kotlin.gradle.plugin.KotlinGradlePluginExtensionPoint             : loaded 2 times (x 70B)
Class org.jetbrains.kotlin.tooling.core.ExtrasUtilsKt                                 : loaded 2 times (x 71B)
Class org.jetbrains.kotlin.buildtools.api.ExperimentalBuildToolsApi                   : loaded 2 times (x 70B)
Class org.jetbrains.kotlin.gradle.utils.ResourceUtilsKt                               : loaded 2 times (x 71B)
Class org.jetbrains.kotlin.gradle.plugin.KotlinPluginWrapperKt$kotlinPluginVersionFromResources$1: loaded 2 times (x 78B)
Class com.google.common.primitives.Ints                                               : loaded 2 times (x 71B)
Class com.google.common.collect.AbstractIterator                                      : loaded 2 times (x 82B)
Class kotlin.collections.IndexingIterable                                             : loaded 2 times (x 79B)
Class kotlin.collections.ArraysKt__ArraysKt                                           : loaded 2 times (x 71B)
Class org.jetbrains.kotlin.gradle.tasks.UsesKotlinJavaToolchain$DefaultImpls          : loaded 2 times (x 71B)
Class org.jetbrains.kotlin.build.report.metrics.BuildAttributeKind$Companion          : loaded 2 times (x 71B)
Class org.jetbrains.kotlin.gradle.plugin.mpp.KotlinTargetSoftwareComponentImplKt$KotlinTargetSoftwareComponent$1$1$1: loaded 2 times (x 75B)
Class org.jetbrains.kotlin.gradle.tasks.configuration.KaptGenerateStubsConfig$Companion$configureLibraries$1: loaded 2 times (x 79B)
Class org.jetbrains.kotlin.gradle.plugin.mpp.compilationImpl.KotlinCompilationSourceSetInclusion$DefaultAddSourcesToCompileTask$addSources$2: loaded 2 times (x 79B)
Class org.jetbrains.kotlin.gradle.tasks.AbstractKotlinCompile                         : loaded 2 times (x 459B)
Class org.jetbrains.kotlin.gradle.plugin.KotlinCompilationOutput                      : loaded 2 times (x 70B)
Class org.jetbrains.kotlin.gradle.plugin.diagnostics.CheckKotlinGradlePluginConfigurationErrorsKt$addDependsOnFromTasksThatShouldFailWhenErrorsReported$1: loaded 2 times (x 75B)
Class org.jetbrains.kotlin.konan.target.KonanTarget$TVOS_X64                          : loaded 2 times (x 78B)
Class org.jetbrains.kotlin.gradle.plugin.diagnostics.KotlinToolingDiagnosticsSetupActionKt: loaded 2 times (x 71B)
Class org.jetbrains.kotlin.gradle.plugin.KotlinGradleBuildServices$Parameters$Inject  : loaded 2 times (x 106B)
Class org.jetbrains.kotlin.gradle.plugin.KotlinPluginWrapperKt$kotlinPluginVersionFromResources$1$1: loaded 2 times (x 71B)
Class com.google.common.collect.ObjectArrays                                          : loaded 2 times (x 71B)
Class com.google.common.collect.Multiset                                              : loaded 2 times (x 70B)
Class com.google.common.collect.ArrayListMultimapGwtSerializationDependencies         : loaded 2 times (x 172B)
Class com.google.common.collect.AbstractIndexedListIterator                           : loaded 2 times (x 96B)
Class com.google.common.math.MathPreconditions                                        : loaded 2 times (x 71B)
Class kotlin.collections.SetsKt__SetsJVMKt                                            : loaded 2 times (x 71B)
Class kotlin.Function                                                                 : loaded 2 times (x 70B)
Class org.jetbrains.kotlin.tooling.core.Extras$Entry                                  : loaded 2 times (x 72B)
Class org.jetbrains.kotlin.gradle.plugin.sources.InternalKotlinSourceSetKt            : loaded 2 times (x 71B)
Class org.jetbrains.kotlin.gradle.internal.Kapt3GradleSubplugin$Kapt3SubpluginContext : loaded 2 times (x 72B)
Class org.jetbrains.kotlin.gradle.artifacts.KotlinTargetArtifact                      : loaded 2 times (x 70B)
Class org.jetbrains.kotlin.gradle.dsl.KotlinJvmCompilerOptionsDefault_Decorated       : loaded 2 times (x 171B)
Class org.jetbrains.kotlin.gradle.plugin.HasKotlinDependencies                        : loaded 2 times (x 70B)
Class org.jetbrains.kotlin.gradle.targets.native.toolchain.KotlinNativeBundleBuildService$Companion: loaded 2 times (x 71B)
Class org.jetbrains.kotlin.gradle.plugin.BuildEventsListenerRegistryHolder_Decorated  : loaded 2 times (x 119B)
Class org.jetbrains.kotlin.gradle.plugin.statistics.MetricContainer                   : loaded 2 times (x 72B)
Class org.jetbrains.kotlin.gradle.plugin.statistics.old.Pre232IdeaKotlinBuildStatsMXBean: loaded 2 times (x 70B)
Class org.jetbrains.kotlin.gradle.plugin.statistics.KotlinBuildStatsServicesRegistry  : loaded 2 times (x 78B)
Class org.jetbrains.kotlin.gradle.plugin.VariantImplementationFactoriesConfigurator   : loaded 2 times (x 76B)
Class com.google.common.collect.ImmutableMapEntrySet                                  : loaded 2 times (x 152B)
Class org.gradle.api.internal.classpath.Module                                        : loaded 2 times (x 70B)
Class kotlin.internal.ProgressionUtilKt                                               : loaded 2 times (x 71B)
Class kotlin.io.FileAlreadyExistsException                                            : loaded 2 times (x 82B)
Class org.jetbrains.kotlin.gradle.tasks.DefaultKotlinJavaToolchain$getToolsJarFromJvm$1$1: loaded 2 times (x 79B)
Class org.jetbrains.kotlin.gradle.tasks.KotlinCompile$ClasspathSnapshotProperties_Decorated: loaded 2 times (x 137B)
Class org.jetbrains.kotlin.gradle.internal.transforms.BuildToolsApiClasspathEntrySnapshotTransform$Parameters_Decorated: loaded 2 times (x 157B)
Class org.jetbrains.kotlin.gradle.plugin.mpp.compilationImpl.KotlinCompilationSourceSetInclusion$Companion$includedSourceSets$2: loaded 2 times (x 78B)
Class org.jetbrains.kotlin.gradle.plugin.diagnostics.KotlinToolingDiagnosticsSetupActionKt$KotlinToolingDiagnosticsSetupAction$1$1: loaded 2 times (x 75B)
Class org.jetbrains.kotlin.gradle.targets.js.npm.NpmDirectoryDependencyWithExternalsExtension: loaded 2 times (x 70B)
Class org.jetbrains.kotlin.gradle.plugin.KotlinProjectSetupAction                     : loaded 2 times (x 70B)
Class org.jetbrains.kotlin.gradle.plugin.KotlinGradleFinishBuildHandler$Companion     : loaded 2 times (x 71B)
Class com.google.common.cache.Weigher                                                 : loaded 2 times (x 70B)
Class org.gradle.api.internal.classpath.UnknownModuleException                        : loaded 2 times (x 82B)
Class build_cm61picavwdormi08xns8gu7l                                                 : loaded 2 times (x 180B)
Class org.jetbrains.kotlin.gradle.plugin.mpp.InternalKotlinTargetComponentKt          : loaded 2 times (x 71B)
Class org.jetbrains.kotlin.gradle.plugin.mpp.InternalKotlinTarget$DefaultImpls        : loaded 2 times (x 71B)
Class org.jetbrains.kotlin.gradle.plugin.KotlinPluginLifecycleImpl$executeCurrentStageAndScheduleNext$3: loaded 2 times (x 75B)
Class org.jetbrains.kotlin.gradle.plugin.mpp.compilationImpl.KotlinCompilationRegisterInSourceSetsConfigurator$configure$1: loaded 2 times (x 79B)
Class org.jetbrains.kotlin.gradle.plugin.diagnostics.KotlinToolingDiagnosticsSetupActionKt$KotlinToolingDiagnosticsSetupAction$1$2: loaded 2 times (x 95B)
Class org.jetbrains.kotlin.gradle.targets.js.npm.NpmDependencyWithExternalsExtension  : loaded 2 times (x 70B)
Class org.jetbrains.kotlin.gradle.plugin.mpp.KotlinUsageContext                       : loaded 2 times (x 70B)
Class org.jetbrains.kotlin.gradle.plugin.KotlinTargetsContainer                       : loaded 2 times (x 70B)
Class org.jetbrains.kotlin.compilerRunner.GradleCliCommonizerKt                       : loaded 2 times (x 71B)
Class org.jetbrains.kotlin.gradle.utils.ConfigurationsKt                              : loaded 2 times (x 71B)
Class org.jetbrains.kotlin.gradle.plugin.StatisticsBuildFlowManager                   : loaded 2 times (x 72B)
Class org.jetbrains.kotlin.gradle.plugin.statistics.BuildFusService$Parameters        : loaded 2 times (x 70B)
Class org.jetbrains.kotlin.gradle.plugin.PluginWrappersKt                             : loaded 2 times (x 71B)
Class com.google.common.base.Stopwatch                                                : loaded 2 times (x 72B)
Class com.google.common.cache.LocalCache$Strength                                     : loaded 2 times (x 81B)
Class com.google.common.cache.Cache                                                   : loaded 2 times (x 70B)
Class kotlin.collections.IndexingIterator                                             : loaded 2 times (x 79B)
Class kotlin.jvm.internal.CollectionToArray                                           : loaded 2 times (x 71B)
Class com.google.common.base.NullnessCasts                                            : loaded 2 times (x 71B)
Class org.jetbrains.kotlin.gradle.plugin.mpp.InternalKotlinTargetKt                   : loaded 2 times (x 71B)
Class com.google.common.collect.AbstractMultimap$Entries                              : loaded 2 times (x 120B)
Class org.jetbrains.kotlin.gradle.plugin.diagnostics.KotlinToolingDiagnosticsSetupActionKt$KotlinToolingDiagnosticsSetupAction$1$3: loaded 2 times (x 75B)
Class org.jetbrains.kotlin.gradle.targets.js.dsl.KotlinTargetWithNodeJsDsl            : loaded 2 times (x 70B)
Class org.jetbrains.kotlin.gradle.plugin.sources.DefaultKotlinSourceSetKt$defaultSourceSetLanguageSettingsChecker$1: loaded 2 times (x 78B)
Class org.jetbrains.kotlin.gradle.plugin.sources.InternalKotlinSourceSet              : loaded 2 times (x 70B)
Class org.jetbrains.kotlin.gradle.plugin.KotlinJvmPlugin                              : loaded 2 times (x 79B)
Class org.jetbrains.kotlin.gradle.plugin.mpp.SyncLanguageSettingsWithKotlinExtensionSetupActionKt$SyncLanguageSettingsWithKotlinExtensionSetupAction$1: loaded 2 times (x 95B)
Class org.jetbrains.kotlin.gradle.dsl.KotlinGradlePluginPublicDsl                     : loaded 2 times (x 70B)
Class org.jetbrains.kotlin.gradle.internal.properties.NativeProperties                : loaded 2 times (x 70B)
Class org.jetbrains.kotlin.statistics.BuildSessionLogger                              : loaded 2 times (x 77B)
Class org.jetbrains.kotlin.gradle.plugin.internal.ConfigurationCacheStartParameterAccessor: loaded 2 times (x 70B)
Class com.google.common.util.concurrent.AbstractFuture$Cancellation                   : loaded 2 times (x 72B)
Class com.google.common.collect.ImmutableMap$Builder                                  : loaded 2 times (x 82B)
Class [Lkotlin.reflect.KAnnotatedElement;                                             : loaded 2 times (x 69B)
Class com.google.common.collect.AbstractMapBasedMultimap$WrappedCollection$WrappedIterator: loaded 2 times (x 84B)
Class org.jetbrains.kotlin.gradle.utils.FutureKt$future$2$1                           : loaded 2 times (x 95B)
Class [Lorg.jetbrains.kotlin.gradle.plugin.statistics.plugins.ObservablePlugins;      : loaded 2 times (x 69B)
Class org.jetbrains.kotlin.gradle.plugin.internal.BuildIdService$Companion$registerIfAbsent$1$1: loaded 2 times (x 75B)
Class org.jetbrains.kotlin.konan.target.KonanTarget$IOS_ARM64                         : loaded 2 times (x 78B)
Class org.jetbrains.kotlin.gradle.targets.js.dsl.KotlinWasmTargetDsl                  : loaded 2 times (x 70B)
Class org.jetbrains.kotlin.gradle.plugin.diagnostics.checkers.DisabledCinteropCommonizationInHmppProjectChecker$runChecks$1: loaded 2 times (x 88B)
Class org.jetbrains.kotlin.gradle.plugin.sources.ConsistencyCheck                     : loaded 2 times (x 72B)
Class org.jetbrains.kotlin.gradle.plugin.sources.DefaultKotlinSourceSetKt$defaultSourceSetLanguageSettingsChecker$2: loaded 2 times (x 78B)
Class org.gradle.internal.classloader.FilteringClassLoader                            : loaded 2 times (x 105B)
Class org.jetbrains.kotlin.gradle.plugin.AbstractKotlinPlugin                         : loaded 2 times (x 78B)
Class org.jetbrains.kotlin.gradle.tasks.DefaultKotlinJavaToolchain$Companion$wireJvmTargetToJvm$1: loaded 2 times (x 75B)
Class org.jetbrains.kotlin.gradle.plugin.diagnostics.checkers.ComposePluginSuggestApplyChecker: loaded 2 times (x 74B)
Class org.jetbrains.kotlin.gradle.dsl.KotlinMultiplatformExtension                    : loaded 2 times (x 607B)
Class com.google.common.cache.RemovalListener                                         : loaded 2 times (x 70B)
Class org.gradle.api.internal.DefaultClassPathRegistry                                : loaded 2 times (x 76B)
Class org.jetbrains.kotlin.gradle.plugin.mpp.KotlinTargetSoftwareComponentImplKt$KotlinTargetSoftwareComponent$1$1$configuration$1: loaded 2 times (x 79B)
Class org.jetbrains.kotlin.gradle.targets.js.npm.DefaultPeerNpmDependencyExtension$delegate$1: loaded 2 times (x 167B)
Class org.jetbrains.kotlin.gradle.targets.js.npm.NpmDependency                        : loaded 2 times (x 97B)
Class org.jetbrains.kotlin.gradle.targets.js.npm.DefaultNpmDependencyExtension        : loaded 2 times (x 152B)
Class org.jetbrains.kotlin.gradle.targets.js.npm.NpmDependency$Scope                  : loaded 2 times (x 79B)
Class org.jetbrains.kotlin.gradle.plugin.sources.FragmentConsistencyChecks$unstableFeaturesCheck$1: loaded 2 times (x 79B)
Class org.jetbrains.kotlin.gradle.plugin.sources.DefaultKotlinSourceSet               : loaded 2 times (x 141B)
Class org.jetbrains.kotlin.gradle.plugin.diagnostics.checkers.AndroidSourceSetLayoutV1SourceSetsNotFoundChecker: loaded 2 times (x 74B)
Class org.jetbrains.kotlin.gradle.utils.ConfigurationsKt$sam$org_gradle_api_Action$0  : loaded 2 times (x 75B)
Class org.jetbrains.kotlin.gradle.plugin.VariantImplementationFactories$Parameters    : loaded 2 times (x 70B)
Class com.google.common.primitives.IntsMethodsForWeb                                  : loaded 2 times (x 71B)
Class com.google.common.collect.Multimap                                              : loaded 2 times (x 70B)
Class org.gradle.api.internal.ClassPathRegistry                                       : loaded 2 times (x 70B)
Class org.gradle.internal.classpath.DefaultClassPath$ImmutableUniqueList              : loaded 2 times (x 199B)
Class kotlin.text.StringsKt__StringsJVMKt                                             : loaded 2 times (x 71B)
Class org.jetbrains.kotlin.gradle.plugin.KotlinCompilation$DefaultImpls               : loaded 2 times (x 71B)
Class org.jetbrains.kotlin.gradle.utils.ProviderApiUtilsKt$providerWithLazyConvention$1: loaded 2 times (x 74B)
Class org.jetbrains.kotlin.konan.target.KonanTarget$Companion$predefinedTargets$2     : loaded 2 times (x 78B)
Class org.jetbrains.kotlin.gradle.plugin.sources.FragmentConsistencyChecks$unstableFeaturesCheck$2: loaded 2 times (x 78B)
Class org.jetbrains.kotlin.gradle.plugin.KotlinPluginLifecycleImpl                    : loaded 2 times (x 80B)
Class org.jetbrains.kotlin.gradle.plugin.diagnostics.KotlinToolingDiagnostics$WasmWasiEnvironmentNotChosenExplicitly: loaded 2 times (x 73B)
Class org.jetbrains.kotlin.gradle.artifacts.KotlinNativeKlibArtifactKt$KotlinNativeKlibArtifact$1: loaded 2 times (x 74B)
Class org.jetbrains.kotlin.gradle.dsl.KotlinCommonCompilerOptionsDefault              : loaded 2 times (x 96B)
Class org.jetbrains.kotlin.gradle.dsl.KotlinCommonCompilerToolOptionsDefault          : loaded 2 times (x 84B)
Class org.jetbrains.kotlin.gradle.internal.properties.NativePropertiesLoader$isUseXcodeMessageStyleEnabled$1: loaded 2 times (x 75B)
Class org.jetbrains.kotlin.gradle.plugin.statistics.KotlinBuildStatisticsUtilsKt$collectGeneralConfigurationTimeMetrics$statisticOverhead$1$2: loaded 2 times (x 75B)
Class org.jetbrains.kotlin.gradle.plugin.StatisticsBuildFlowManager_Decorated         : loaded 2 times (x 119B)
Class org.jetbrains.kotlin.gradle.report.BuildReportMode$Companion                    : loaded 2 times (x 71B)
Class org.jetbrains.kotlin.gradle.plugin.VariantImplementationFactories$VariantImplementationFactory: loaded 2 times (x 70B)
Class kotlin.collections.SetsKt                                                       : loaded 2 times (x 71B)
Class kotlin.text.StringsKt__IndentKt                                                 : loaded 2 times (x 71B)
Class org.jetbrains.kotlin.gradle.utils.Completable$await$1                           : loaded 2 times (x 88B)
Class com.google.common.io.ByteSink                                                   : loaded 2 times (x 76B)
Class org.jetbrains.kotlin.gradle.utils.GradleAttributesContainerUtilsKt              : loaded 2 times (x 71B)
Class org.jetbrains.kotlin.gradle.plugin.mpp.ApplyUserDefinedAttributesKt$UserDefinedAttributesSetupAction$1$1: loaded 2 times (x 79B)
Class org.jetbrains.kotlin.compilerRunner.CompilerSystemPropertiesService             : loaded 2 times (x 80B)
Class org.jetbrains.kotlin.gradle.plugin.mpp.compilationImpl.KotlinCompilationImpl$1  : loaded 2 times (x 79B)
Class org.jetbrains.kotlin.gradle.targets.js.npm.SemVer$Companion                     : loaded 2 times (x 71B)
Class org.jetbrains.kotlin.konan.target.KonanTarget$LINUX_ARM64                       : loaded 2 times (x 78B)
Class org.jetbrains.kotlin.konan.target.KonanTarget$LINUX_X64                         : loaded 2 times (x 78B)
Class [Lorg.jetbrains.kotlin.konan.target.Architecture;                               : loaded 2 times (x 69B)
Class org.jetbrains.kotlin.gradle.targets.native.SetupEmbedAndSignAppleFrameworkTaskSideEffectKt$special$$inlined$KotlinTargetSideEffect$1: loaded 2 times (x 74B)
Class org.jetbrains.kotlin.gradle.plugin.mpp.KotlinUsages$KotlinCinteropCompatibility : loaded 2 times (x 77B)
Class org.jetbrains.kotlin.gradle.dsl.ExplicitApiMode                                 : loaded 2 times (x 79B)
Class org.jetbrains.kotlin.gradle.plugin.VariantImplementationFactories$Companion     : loaded 2 times (x 71B)
Class org.jetbrains.kotlin.gradle.plugin.internal.CustomPropertiesFileValueSource$Parameters_Decorated: loaded 2 times (x 134B)
Class org.jetbrains.kotlin.gradle.dsl.KotlinTopLevelExtensionConfig                   : loaded 2 times (x 70B)
Class com.google.common.cache.CacheBuilder                                            : loaded 2 times (x 72B)
Class com.google.common.collect.SingletonImmutableList                                : loaded 2 times (x 207B)
Class Settings_gradle$1                                                               : loaded 2 times (x 74B)
Class org.gradle.internal.classpath.ClassPath                                         : loaded 2 times (x 70B)
Class org.gradle.api.UncheckedIOException                                             : loaded 2 times (x 82B)
Class kotlin.reflect.KFunction                                                        : loaded 2 times (x 70B)
Class kotlin.sequences.SequencesKt__SequencesKt$asSequence$$inlined$Sequence$1        : loaded 2 times (x 75B)
Class build_8a0zmoznh2dicswa4wkzckji0$_run_closure1                                   : loaded 2 times (x 139B)
Class com.google.common.io.Files$FileByteSource                                       : loaded 2 times (x 85B)
Class org.jetbrains.kotlin.gradle.incremental.IncrementalModuleInfoProvider           : loaded 2 times (x 70B)
Class org.jetbrains.kotlin.gradle.plugin.mpp.compilationImpl.KotlinCompilationImpl$2  : loaded 2 times (x 79B)
Class com.google.common.base.JdkPattern                                               : loaded 2 times (x 75B)
Class org.jetbrains.kotlin.gradle.dsl.PlatformSourceSetConventionsChecker$runChecks$1 : loaded 2 times (x 88B)
Class org.jetbrains.kotlin.gradle.plugin.mpp.compilationImpl.KotlinCompilationProcessorSideEffectKt$KotlinCompilationProcessorSideEffect$1: loaded 2 times (x 74B)
Class org.jetbrains.kotlin.gradle.dsl.KotlinJvmCompilerOptionsDefault                 : loaded 2 times (x 108B)
Class org.jetbrains.kotlin.gradle.internal.UsesClassLoadersCachingBuildService        : loaded 2 times (x 70B)
Class com.google.common.collect.ImmutableList$ReverseImmutableList                    : loaded 2 times (x 209B)
Class org.jetbrains.kotlin.com.intellij.openapi.diagnostic.Logger                     : loaded 2 times (x 99B)
Class kotlin.collections.MapsKt__MapsKt                                               : loaded 2 times (x 71B)
Class org.jetbrains.kotlin.compilerRunner.KotlinCompilerArgumentsLogLevel$Companion   : loaded 2 times (x 71B)
Class org.jetbrains.kotlin.gradle.plugin.DefaultKotlinBasePlugin$addKotlinCompilerConfiguration$3$1: loaded 2 times (x 79B)
Class org.jetbrains.kotlin.gradle.tasks.AbstractKotlinCompile$defaultKotlinJavaToolchain$1: loaded 2 times (x 78B)
Class org.jetbrains.kotlin.daemon.common.MultiModuleICSettings                        : loaded 2 times (x 72B)
Class org.jetbrains.kotlin.cli.common.arguments.Freezable                             : loaded 2 times (x 72B)
Class com.google.errorprone.annotations.DoNotMock                                     : loaded 2 times (x 70B)
Class org.jetbrains.kotlin.gradle.internal.transforms.BuildToolsApiClasspathEntrySnapshotTransform$Parameters: loaded 2 times (x 88B)
Class org.jetbrains.kotlin.gradle.plugin.KotlinCompilationInfoKt                      : loaded 2 times (x 71B)
Class org.jetbrains.kotlin.gradle.tasks.KotlinCompile                                 : loaded 2 times (x 504B)
Class org.jetbrains.kotlin.gradle.internal.StdlibDependencyManagementKt               : loaded 2 times (x 71B)
Class org.jetbrains.kotlin.gradle.dsl.PlatformSourceSetConventionsChecker$runChecks$2 : loaded 2 times (x 78B)
Class org.jetbrains.kotlin.konan.target.KonanTarget$MINGW_X64                         : loaded 2 times (x 78B)
Class org.jetbrains.kotlin.gradle.utils.ObservableSet                                 : loaded 2 times (x 70B)
Class org.jetbrains.kotlin.gradle.plugin.diagnostics.KotlinToolingDiagnosticsCollectorKt: loaded 2 times (x 71B)
Class org.jetbrains.kotlin.gradle.plugin.mpp.HierarchyAttributeContainer              : loaded 2 times (x 83B)
Class org.jetbrains.kotlin.gradle.tasks.UsesKotlinJavaToolchain                       : loaded 2 times (x 70B)
Class org.jetbrains.kotlin.gradle.plugin.DefaultKotlinBasePlugin$apply$1              : loaded 2 times (x 75B)
Class org.jetbrains.kotlin.statistics.metrics.StringOverridePolicy$OVERRIDE           : loaded 2 times (x 85B)
Class org.jetbrains.kotlin.compilerRunner.CompilerSystemPropertiesService$Companion   : loaded 2 times (x 71B)
Class org.objectweb.asm.SymbolTable$Entry                                             : loaded 2 times (x 74B)
Class Build_gradle$2$1                                                                : loaded 2 times (x 78B)
Class Native_plugin_loader_gradle                                                     : loaded 2 times (x 130B)
Class org.jetbrains.kotlin.gradle.plugin.mpp.KotlinTargetComponentWithCoordinatesAndPublication: loaded 2 times (x 70B)
Class org.jetbrains.kotlin.gradle.incremental.UsesIncrementalModuleInfoBuildService   : loaded 2 times (x 70B)
Class org.jetbrains.kotlin.konan.target.KonanTarget$ANDROID_X86                       : loaded 2 times (x 78B)
Class org.jetbrains.kotlin.gradle.dsl.PlatformSourceSetConventionsChecker$runChecks$3 : loaded 2 times (x 78B)
Class org.jetbrains.kotlin.gradle.plugin.RegisterKotlinPluginExtensionsKt             : loaded 2 times (x 71B)
Class org.jetbrains.kotlin.gradle.utils.CompilerOptionsKt$configureExperimentalTryNext$1$1: loaded 2 times (x 78B)
Class org.jetbrains.kotlin.gradle.utils.CompilerOptionsKt                             : loaded 2 times (x 71B)
Class org.jetbrains.kotlin.gradle.plugin.PropertiesProvider$Companion                 : loaded 2 times (x 71B)
Class org.jetbrains.kotlin.gradle.utils.SingleAction                                  : loaded 2 times (x 73B)
Class org.objectweb.asm.Edge                                                          : loaded 2 times (x 72B)
Class com.google.common.base.Suppliers$SupplierOfInstance                             : loaded 2 times (x 79B)
Class com.google.common.collect.Iterators$1                                           : loaded 2 times (x 81B)
Class kotlin.UninitializedPropertyAccessException                                     : loaded 2 times (x 82B)
Class org.jetbrains.kotlin.gradle.tasks.KotlinCompile$defaultKotlinJavaToolchain$1    : loaded 2 times (x 79B)
Class org.jetbrains.kotlin.gradle.tasks.KotlinJavaToolchain$JavaToolchainSetter       : loaded 2 times (x 70B)
Class org.jetbrains.kotlin.tooling.core.ExtrasPropertyKt$extrasLazyProperty$1         : loaded 2 times (x 94B)
Class org.jetbrains.kotlin.gradle.dsl.PlatformSourceSetConventionsChecker$runChecks$4 : loaded 2 times (x 78B)
Class org.jetbrains.kotlin.gradle.plugin.diagnostics.checkers.JsLikeEnvironmentChecker$runChecks$1: loaded 2 times (x 88B)
Class org.jetbrains.kotlin.gradle.plugin.diagnostics.KotlinToolingDiagnostics$WasmJsEnvironmentNotChosenExplicitly: loaded 2 times (x 73B)
Class org.jetbrains.kotlin.gradle.plugin.diagnostics.UsesKotlinToolingDiagnostics     : loaded 2 times (x 70B)
Class org.jetbrains.kotlin.statistics.metrics.BooleanAnonymizationPolicy$SAFE         : loaded 2 times (x 85B)
Class com.google.common.cache.LocalCache$ComputingValueReference                      : loaded 2 times (x 96B)
Class com.google.common.collect.SingletonImmutableSet                                 : loaded 2 times (x 146B)
Class com.google.common.collect.ImmutableMap$IteratorBasedImmutableMap                : loaded 2 times (x 126B)
Class org.jetbrains.kotlin.gradle.plugin.mpp.compilationImpl.DefaultKotlinCompilationSourceSetsContainer$allKotlinSourceSetsImpl$1$1: loaded 2 times (x 80B)
Class org.jetbrains.kotlin.gradle.plugin.mpp.compilationImpl.DefaultKotlinCompilationSourceSetsContainer: loaded 2 times (x 78B)
Class org.jetbrains.kotlin.konan.target.KonanTarget$TVOS_SIMULATOR_ARM64              : loaded 2 times (x 78B)
Class org.jetbrains.kotlin.konan.target.KonanTarget$Companion                         : loaded 2 times (x 71B)
Class org.jetbrains.kotlin.gradle.plugin.KotlinPluginLifecycle$Stage$Companion        : loaded 2 times (x 71B)
Class org.jetbrains.kotlin.gradle.plugin.diagnostics.checkers.DeprecatedKotlinNativeTargetsChecker: loaded 2 times (x 74B)
Class org.jetbrains.kotlin.gradle.targets.native.ConfigureFrameworkExportSideEffectKt$special$$inlined$KotlinTargetSideEffect$1: loaded 2 times (x 74B)
Class org.jetbrains.kotlin.tooling.core.AbstractExtras                                : loaded 2 times (x 141B)
Class com.google.common.cache.LocalCache$Segment                                      : loaded 2 times (x 154B)
Class Native_plugin_loader_gradle$NativePluginLoader$Companion                        : loaded 2 times (x 71B)
Class org.jetbrains.kotlin.build.report.metrics.BuildTimes                            : loaded 2 times (x 72B)
Class org.jetbrains.kotlin.gradle.tasks.KotlinCompile$ClasspathSnapshotProperties     : loaded 2 times (x 75B)
Class org.jetbrains.kotlin.gradle.internal.StdlibDependencyManagementKt$addStdlibDependency$1$1: loaded 2 times (x 79B)
Class org.jetbrains.kotlin.gradle.tasks.configuration.BaseKotlinCompileConfig$2$1     : loaded 2 times (x 75B)
Class org.jetbrains.kotlin.gradle.plugin.diagnostics.TransformActionUsingKotlinToolingDiagnostics: loaded 2 times (x 70B)
Class com.google.common.collect.SortedIterable                                        : loaded 2 times (x 70B)
Class org.jetbrains.kotlin.gradle.dsl.PlatformSourceSetConventionsChecker$runChecks$6 : loaded 2 times (x 88B)
Class org.jetbrains.kotlin.gradle.plugin.sources.DefaultKotlinSourceSet_Decorated     : loaded 2 times (x 192B)
Class org.jetbrains.kotlin.gradle.plugin.mpp.KotlinCompilationsKt                     : loaded 2 times (x 71B)
Class org.jetbrains.kotlin.statistics.metrics.StringOverridePolicy                    : loaded 2 times (x 85B)
Class org.jetbrains.kotlin.gradle.plugin.statistics.DefaultKotlinBuildStatsBeanService: loaded 2 times (x 92B)
Class org.jetbrains.kotlin.gradle.utils.GradleUtilsKt$registerClassLoaderScopedBuildService$1: loaded 2 times (x 74B)
Class com.google.common.collect.AbstractListMultimap                                  : loaded 2 times (x 172B)
Class [Lorg.objectweb.asm.SymbolTable$Entry;                                          : loaded 2 times (x 69B)
Class com.google.common.cache.CacheLoader                                             : loaded 2 times (x 74B)
Class com.google.common.collect.Iterators$4                                           : loaded 2 times (x 82B)
Class com.google.common.collect.ImmutableBiMap                                        : loaded 2 times (x 143B)
Class org.gradle.internal.installation.GradleInstallation$1                           : loaded 2 times (x 75B)
Class org.gradle.api.internal.classpath.ModuleRegistry                                : loaded 2 times (x 70B)
Class org.jetbrains.kotlin.gradle.logging.GradleKotlinLogger                          : loaded 2 times (x 82B)
Class com.google.common.base.Splitter$SplittingIterator                               : loaded 2 times (x 84B)
Class org.jetbrains.kotlin.gradle.plugin.KotlinPluginLifecycle$ProjectConfigurationResult: loaded 2 times (x 71B)
Class org.jetbrains.kotlin.gradle.internal.KotlinDependenciesManagementKt$configureDefaultVersionsResolutionStrategy$1: loaded 2 times (x 75B)
Class org.jetbrains.kotlin.gradle.internal.StdlibDependencyManagementKt$configureStdlibDefaultDependency$1: loaded 2 times (x 79B)
Class org.jetbrains.kotlin.gradle.model.builder.KotlinModelBuilder$Companion          : loaded 2 times (x 71B)
Class org.jetbrains.kotlin.gradle.plugin.mpp.compilationImpl.KotlinCreateResourcesTaskSideEffectKt: loaded 2 times (x 71B)
Class org.jetbrains.kotlin.gradle.targets.native.internal.SetupKotlinNativePlatformDependenciesAndStdlibKt: loaded 2 times (x 71B)
Class org.jetbrains.kotlin.gradle.plugin.mpp.KotlinUsages                             : loaded 2 times (x 71B)
Class org.jetbrains.kotlin.gradle.internal.properties.NativePropertiesLoader$Companion: loaded 2 times (x 71B)
Class [Lorg.jetbrains.kotlin.build.report.metrics.GradleBuildPerformanceMetric;       : loaded 2 times (x 69B)
Class org.jetbrains.kotlin.gradle.plugin.statistics.KotlinBuildStatsBeanService$Companion: loaded 2 times (x 71B)
Class org.jetbrains.kotlin.gradle.plugin.statistics.BuildFusService$Companion         : loaded 2 times (x 71B)
Class com.google.common.util.concurrent.internal.InternalFutureFailureAccess          : loaded 2 times (x 72B)
Class com.google.common.collect.Iterators$5                                           : loaded 2 times (x 82B)
Class com.google.common.collect.ImmutableSet$JdkBackedSetBuilderImpl                  : loaded 2 times (x 76B)
Class com.google.common.collect.ImmutableSortedAsList                                 : loaded 2 times (x 221B)
Class org.jetbrains.kotlin.gradle.plugin.HasCompilerOptions                           : loaded 2 times (x 70B)
Class org.jetbrains.kotlin.gradle.plugin.mpp.compilationImpl.DefaultKotlinCompilationFriendPathsResolver$FriendArtifactResolver: loaded 2 times (x 70B)
Class org.jetbrains.kotlin.konan.target.KonanTarget$WATCHOS_SIMULATOR_ARM64           : loaded 2 times (x 78B)
Class org.jetbrains.kotlin.gradle.targets.js.ir.KotlinJsIrTarget                      : loaded 2 times (x 254B)
Class org.jetbrains.kotlin.gradle.plugin.mpp.DefaultKotlinUsageContext                : loaded 2 times (x 108B)
Class org.jetbrains.kotlin.gradle.plugin.KotlinPluginLifecycleImpl$start$3            : loaded 2 times (x 79B)
Class org.jetbrains.kotlin.gradle.plugin.KotlinMultiplatformPluginWrapper             : loaded 2 times (x 86B)
Class [Lorg.jetbrains.kotlin.statistics.metrics.BooleanMetrics;                       : loaded 2 times (x 69B)
Class org.jetbrains.kotlin.gradle.internal.properties.PropertiesBuildService$Companion: loaded 2 times (x 71B)
Class com.google.common.cache.LocalCache$LocalManualCache$1                           : loaded 2 times (x 75B)
Class com.google.common.base.CharMatcher$ForPredicate                                 : loaded 2 times (x 112B)
Class kotlin.io.FilesKt__UtilsKt                                                      : loaded 2 times (x 71B)
Class kotlin.collections.CollectionsKt__CollectionsJVMKt                              : loaded 2 times (x 71B)
Class build_7kpsnot0gx1wwmj699txb56fz                                                 : loaded 2 times (x 180B)
Class com.google.common.collect.ImmutableSortedMap$1EntrySet                          : loaded 2 times (x 155B)
Class org.jetbrains.kotlin.gradle.plugin.mpp.compilationImpl.KotlinCompilationConfigurationsContainer: loaded 2 times (x 70B)
Class org.jetbrains.kotlin.gradle.internal.StdlibDependencyManagementKt$addStdlibDependency$1: loaded 2 times (x 75B)
Class [Lorg.jetbrains.kotlin.gradle.plugin.KotlinPluginLifecycle$CoroutineStart;      : loaded 2 times (x 69B)
Class org.jetbrains.kotlin.gradle.dsl.IosSourceSetConventionChecker                   : loaded 2 times (x 74B)
Class org.jetbrains.kotlin.gradle.plugin.diagnostics.KotlinGradleProjectChecker       : loaded 2 times (x 70B)
Class org.jetbrains.kotlin.gradle.plugin.sources.KotlinSourceSetFactory$Companion     : loaded 2 times (x 71B)
Class org.jetbrains.kotlin.gradle.dsl.KotlinMultiplatformSourceSetConventions         : loaded 2 times (x 70B)
Class org.jetbrains.kotlin.statistics.metrics.NumberOverridePolicy$SUM                : loaded 2 times (x 85B)
Class com.google.common.base.CharMatcher$AnyOf                                        : loaded 2 times (x 112B)
Class com.google.common.collect.ImmutableCollection                                   : loaded 2 times (x 125B)
Class org.gradle.api.internal.classpath.DefaultModuleRegistry                         : loaded 2 times (x 86B)
Class kotlin.collections.IndexedValue                                                 : loaded 2 times (x 72B)
Class kotlin.sequences.SequencesKt                                                    : loaded 2 times (x 71B)
Class kotlin.collections.CollectionsKt__IteratorsKt                                   : loaded 2 times (x 71B)
Class com.google.common.collect.RegularImmutableMap$KeySet                            : loaded 2 times (x 152B)
Class org.jetbrains.kotlin.gradle.plugin.internal.state.TaskExecutionResults          : loaded 2 times (x 71B)
Class org.jetbrains.kotlin.compilerRunner.KotlinCompilerArgumentsLogLevel             : loaded 2 times (x 79B)
Class org.jetbrains.kotlin.gradle.plugin.mpp.compilationImpl.factory.CompositePostConfigure: loaded 2 times (x 75B)
Class org.jetbrains.kotlin.gradle.targets.native.internal.CInteropConfigurationsKt    : loaded 2 times (x 71B)
Class org.jetbrains.kotlin.gradle.plugin.statistics.BuildFusService$Parameters$Inject : loaded 2 times (x 112B)
Class org.jetbrains.kotlin.statistics.metrics.StatisticsValuesConsumer                : loaded 2 times (x 70B)
Class com.google.common.collect.Lists                                                 : loaded 2 times (x 71B)
Class com.google.common.util.concurrent.ListenableFuture                              : loaded 2 times (x 70B)
Class com.google.common.cache.ReferenceEntry                                          : loaded 2 times (x 70B)
Class com.google.common.base.Converter                                                : loaded 2 times (x 90B)
Class com.google.common.collect.ImmutableSet$CachingAsList                            : loaded 2 times (x 148B)
Class org.jetbrains.kotlin.com.intellij.openapi.diagnostic.Logger$DefaultFactory      : loaded 2 times (x 74B)
Class kotlin.text.StringsKt                                                           : loaded 2 times (x 71B)
Class org.jetbrains.kotlin.gradle.plugin.DefaultKotlinBasePlugin$addKotlinCompilerConfiguration$2$1$1$1: loaded 2 times (x 75B)
Class org.jetbrains.kotlin.gradle.tasks.KotlinCompilerExecutionStrategy$Companion     : loaded 2 times (x 71B)
Class org.jetbrains.kotlin.gradle.plugin.CompilerPluginConfig                         : loaded 2 times (x 72B)
Class org.jetbrains.kotlin.gradle.model.builder.KotlinModelBuilder                    : loaded 2 times (x 76B)
Class [Lorg.jetbrains.kotlin.tooling.core.HasMutableExtras;                           : loaded 2 times (x 69B)
Class org.jetbrains.kotlin.gradle.plugin.diagnostics.checkers.GradleDeprecatedPropertyChecker: loaded 2 times (x 74B)
Class org.jetbrains.kotlin.gradle.artifacts.KotlinJsKlibArtifactKt$KotlinJsKlibArtifact$1: loaded 2 times (x 74B)
Class org.jetbrains.kotlin.gradle.targets.CreateTargetConfigurationsSideEffectKt      : loaded 2 times (x 71B)
Class org.jetbrains.kotlin.gradle.plugin.mpp.ApplyUserDefinedAttributesKt$UserDefinedAttributesSetupAction$1: loaded 2 times (x 95B)
Class org.jetbrains.kotlin.gradle.plugin.mpp.KotlinAndroidTarget                      : loaded 2 times (x 159B)
Class org.jetbrains.kotlin.gradle.plugin.DefaultKotlinBasePlugin$addKotlinCompilerConfiguration$1: loaded 2 times (x 75B)
Class org.jetbrains.kotlin.gradle.plugin.statistics.NonSynchronizedMetricsContainer   : loaded 2 times (x 82B)
Class org.jetbrains.kotlin.gradle.plugin.internal.DefaultCompatibilityConventionRegistrar: loaded 2 times (x 74B)
Class org.jetbrains.kotlin.gradle.plugin.PropertiesProvider                           : loaded 2 times (x 73B)
Class com.google.common.collect.AbstractMapBasedMultimap                              : loaded 2 times (x 139B)
Class com.google.common.util.concurrent.AbstractFuture                                : loaded 2 times (x 106B)
Class com.google.common.base.FunctionalEquivalence                                    : loaded 2 times (x 83B)
Class com.google.common.collect.Iterators$9                                           : loaded 2 times (x 81B)
Class com.google.common.collect.ImmutableAsList                                       : loaded 2 times (x 209B)
Class kotlin.LazyKt__LazyJVMKt                                                        : loaded 2 times (x 71B)
Class [Lorg.jetbrains.kotlin.gradle.dsl.jvm.JvmTargetValidationMode;                  : loaded 2 times (x 69B)
Class org.jetbrains.kotlin.gradle.tasks.DefaultKotlinJavaToolchain$javaVersion$1      : loaded 2 times (x 74B)
Class org.jetbrains.kotlin.gradle.plugin.mpp.MppSourcesJarKt$sourcesJarTask$1         : loaded 2 times (x 95B)
Class org.jetbrains.kotlin.gradle.plugin.mpp.compilationImpl.factory.KotlinCompilationImplFactory$KotlinCompilationOutputFactory: loaded 2 times (x 70B)
Class org.jetbrains.kotlin.konan.target.TargetSupportException                        : loaded 2 times (x 82B)
Class org.jetbrains.kotlin.gradle.plugin.KotlinCompilationToRunnableFiles             : loaded 2 times (x 70B)
Class org.jetbrains.kotlin.gradle.tooling.BuildKotlinToolingMetadataTaskKt            : loaded 2 times (x 71B)
Class org.jetbrains.kotlin.gradle.plugin.ProjectLocalConfigurations$setupAttributesMatchingStrategy$1$1: loaded 2 times (x 74B)
Class org.jetbrains.kotlin.gradle.targets.native.toolchain.KotlinNativeBundleBuildService$Companion$registerIfAbsent$2$1$1: loaded 2 times (x 75B)
Class org.jetbrains.kotlin.statistics.BuildSessionLogger$Companion                    : loaded 2 times (x 71B)
Class org.objectweb.asm.RecordComponentVisitor                                        : loaded 2 times (x 77B)
Class com.google.common.cache.CacheLoader$SupplierToCacheLoader                       : loaded 2 times (x 75B)
Class kotlin.io.FilesKt__FileReadWriteKt                                              : loaded 2 times (x 71B)
Class kotlin.text.StringsKt__StringNumberConversionsKt                                : loaded 2 times (x 71B)
Class build_5j11rsgesmhyjjtrdf109tsp7$_run_closure1                                   : loaded 2 times (x 139B)
Class com.google.common.collect.UsingToStringOrdering                                 : loaded 2 times (x 114B)
Class org.jetbrains.kotlin.gradle.targets.js.npm.SemverKt                             : loaded 2 times (x 71B)
Class org.jetbrains.kotlin.gradle.internal.StdlibDependencyManagementKt$isStdlibAddedByUser$1: loaded 2 times (x 79B)
Class org.jetbrains.kotlin.gradle.plugin.mpp.KotlinCompilationsKt$sam$java_util_concurrent_Callable$0: loaded 2 times (x 75B)
Class org.jetbrains.kotlin.gradle.tasks.KotlinCompilerPluginData                      : loaded 2 times (x 72B)
Class org.jetbrains.kotlin.gradle.plugin.mpp.MppSourcesJarKt                          : loaded 2 times (x 71B)
Class org.jetbrains.kotlin.compilerRunner.CompilerSystemPropertiesService$Companion$registerIfAbsent$2$1$1: loaded 2 times (x 75B)
Class org.jetbrains.kotlin.gradle.plugin.KotlinCompilationInfo                        : loaded 2 times (x 88B)
Class org.jetbrains.kotlin.tooling.core.ExtrasPropertyKt                              : loaded 2 times (x 71B)
Class org.jetbrains.kotlin.gradle.tasks.BaseKotlinCompile                             : loaded 2 times (x 70B)
Class org.jetbrains.kotlin.gradle.plugin.internal.UsesBuildIdProviderService          : loaded 2 times (x 70B)
Class org.jetbrains.kotlin.gradle.plugin.mpp.compilationImpl.KotlinCompilationSourceSetInclusion$include$1: loaded 2 times (x 79B)
Class org.jetbrains.kotlin.gradle.plugin.mpp.compilationImpl.factory.KotlinCompilationImplFactory$KotlinCompilationDependencyConfigurationsFactory: loaded 2 times (x 70B)
Class org.jetbrains.kotlin.gradle.plugin.KotlinPluginLifecycleCoroutineContextElement$Key: loaded 2 times (x 71B)
Class org.jetbrains.kotlin.gradle.plugin.diagnostics.KotlinToolingDiagnosticsSetupActionKt$KotlinToolingDiagnosticsSetupAction$1: loaded 2 times (x 74B)
Class org.jetbrains.kotlin.gradle.dsl.KotlinProjectExtensionKt                        : loaded 2 times (x 71B)
Class org.jetbrains.kotlin.gradle.plugin.KotlinGradleBuildServices$Parameters_Decorated: loaded 2 times (x 134B)
Class org.jetbrains.kotlin.gradle.plugin.DefaultKotlinBasePlugin$addKotlinCompilerConfiguration$3: loaded 2 times (x 75B)
Class [Lorg.jetbrains.kotlin.statistics.metrics.IMetricContainerFactory;              : loaded 2 times (x 69B)
Class org.jetbrains.kotlin.gradle.internal.IdeaKt                                     : loaded 2 times (x 71B)
Class com.google.common.collect.Maps$EntryTransformer                                 : loaded 2 times (x 70B)
Class org.gradle.internal.service.ServiceLookupException                              : loaded 2 times (x 82B)
Class org.jetbrains.kotlin.com.intellij.openapi.diagnostic.LogLevel                   : loaded 2 times (x 79B)
Class org.jetbrains.kotlin.gradle.internal.StdlibDependencyManagementKt$isStdlibAddedByUser$2: loaded 2 times (x 78B)
Class org.jetbrains.kotlin.gradle.tasks.GradleCompileTaskProvider_Decorated           : loaded 2 times (x 121B)
Class org.jetbrains.kotlin.gradle.plugin.hierarchy.KotlinSourceSetTreeClassifierKt$sourceSetTreeClassifier$2: loaded 2 times (x 78B)
Class com.google.common.collect.Lists$ReverseList                                     : loaded 2 times (x 200B)
Class com.google.common.collect.ImmutableSortedSet                                    : loaded 2 times (x 300B)
Class org.jetbrains.kotlin.konan.target.HostManager                                   : loaded 2 times (x 72B)
Class org.jetbrains.kotlin.gradle.targets.js.npm.NpmDirectoryDependencyExtension      : loaded 2 times (x 70B)
Class org.jetbrains.kotlin.gradle.plugin.mpp.KotlinUsageContext$MavenScope            : loaded 2 times (x 79B)
Class org.jetbrains.kotlin.gradle.targets.native.KotilnNativeConfigureBinariesSideEffectKt$special$$inlined$KotlinTargetSideEffect$1: loaded 2 times (x 74B)
Class org.jetbrains.kotlin.gradle.plugin.KotlinProjectSetupAction$Companion           : loaded 2 times (x 71B)
Class [Lcom.google.common.cache.LocalCache$EntryFactory;                              : loaded 2 times (x 69B)
Class org.gradle.internal.classloader.ClassLoaderFactory                              : loaded 2 times (x 70B)
Class org.jetbrains.kotlin.gradle.tasks.DefaultKotlinJavaToolchain$currentJvmJdkToolsJar$1: loaded 2 times (x 74B)
Class org.jetbrains.kotlin.gradle.plugin.SubpluginEnvironment                         : loaded 2 times (x 72B)
Class org.jetbrains.kotlin.gradle.internal.StdlibDependencyManagementKt$addStdlibDependency$1$1$1: loaded 2 times (x 75B)
Class com.google.common.base.CommonPattern                                            : loaded 2 times (x 74B)
Class org.jetbrains.kotlin.gradle.plugin.sources.AbstractKotlinSourceSet              : loaded 2 times (x 141B)
Class org.jetbrains.kotlin.gradle.tooling.BuildKotlinToolingMetadataTaskKt$RegisterBuildKotlinToolingMetadataTask$1: loaded 2 times (x 74B)
Class org.jetbrains.kotlin.compilerRunner.GradleCliCommonizerKt$maybeCreateCommonizerClasspathConfiguration$1$1: loaded 2 times (x 75B)
Class [Lorg.jetbrains.kotlin.build.report.metrics.ValueType;                          : loaded 2 times (x 69B)
Class com.google.common.cache.LocalCache$LocalManualCache                             : loaded 2 times (x 99B)
Class com.google.common.base.CharMatcher$IsNot                                        : loaded 2 times (x 111B)
Class org.gradle.internal.service.CachingServiceLocator                               : loaded 2 times (x 82B)
Class kotlin.jvm.internal.CallableReference                                           : loaded 2 times (x 106B)
Class org.jetbrains.kotlin.gradle.dsl.jvm.JvmTargetValidationMode                     : loaded 2 times (x 79B)
Class org.jetbrains.kotlin.gradle.plugin.KotlinTargetConfiguratorKt$WhenMappings      : loaded 2 times (x 71B)
Class com.google.common.collect.AbstractMapBasedMultimap$KeySet                       : loaded 2 times (x 137B)
Class com.google.common.collect.RegularImmutableSortedSet                             : loaded 2 times (x 300B)
Class org.jetbrains.kotlin.gradle.internal.KotlinTestDependencyManagementKt$configureKotlinTestDependency$1: loaded 2 times (x 79B)
Class org.jetbrains.kotlin.gradle.plugin.diagnostics.checkers.OverriddenKotlinNativeHomeChecker$StdlibExistenceCheckerValueSource$Params_Decorated: loaded 2 times (x 134B)
Class org.jetbrains.kotlin.project.model.LanguageSettings                             : loaded 2 times (x 70B)
Class org.jetbrains.kotlin.gradle.plugin.KotlinPluginLifecycleKt$kotlinPluginLifecycle$2: loaded 2 times (x 78B)
Class org.jetbrains.kotlin.gradle.plugin.statistics.BuildFusService$Companion$registerIfAbsent$1$1: loaded 2 times (x 79B)
Class org.jetbrains.kotlin.gradle.plugin.internal.CompatibilityConventionRegistrar$Factory: loaded 2 times (x 70B)
Class com.google.common.math.IntMath                                                  : loaded 2 times (x 71B)
Class com.google.common.base.Equivalence$Identity                                     : loaded 2 times (x 82B)
Class build_7kpsnot0gx1wwmj699txb56fz$_run_closure1$_closure3                         : loaded 2 times (x 139B)
Class org.jetbrains.kotlin.gradle.plugin.mpp.KotlinMetadataTarget                     : loaded 2 times (x 161B)
Class org.jetbrains.kotlin.gradle.plugin.mpp.InternalKotlinCompilation$DefaultImpls   : loaded 2 times (x 71B)
Class org.jetbrains.kotlin.gradle.plugin.mpp.compilationImpl.KotlinCompilationSourceSetInclusion$DefaultAddSourcesToCompileTask: loaded 2 times (x 74B)
Class org.jetbrains.kotlin.gradle.internal.KotlinTestDependencyManagementKt$configureKotlinTestDependency$2: loaded 2 times (x 75B)
Class org.jetbrains.kotlin.gradle.dsl.PlatformSourceSetConventionsChecker$runChecks$$inlined$CheckedPlatformInfo$default$1: loaded 2 times (x 78B)
Class [Lorg.jetbrains.kotlin.gradle.plugin.KotlinPluginLifecycle$Stage;               : loaded 2 times (x 69B)
Class org.jetbrains.kotlin.gradle.artifacts.KotlinTargetArtifact$Companion            : loaded 2 times (x 71B)
Class org.jetbrains.kotlin.gradle.plugin.mpp.compilationImpl.KotlinCreateLifecycleTasksSideEffectKt$KotlinCreateLifecycleTasksSideEffect$1: loaded 2 times (x 74B)
Class org.jetbrains.kotlin.gradle.dsl.KotlinGradlePluginDsl                           : loaded 2 times (x 70B)
Class org.jetbrains.kotlin.tooling.core.MutableExtras                                 : loaded 2 times (x 70B)
Class org.jetbrains.kotlin.gradle.plugin.KotlinGradleBuildServices$detectKotlinPluginLoadedInMultipleProjects$onRegister$1: loaded 2 times (x 79B)
Class com.google.common.collect.ImmutableMapEntry                                     : loaded 2 times (x 85B)
Class kotlin.enums.EnumEntries                                                        : loaded 2 times (x 70B)
Class org.jetbrains.kotlin.build.report.metrics.DoNothingBuildMetricsReporter         : loaded 2 times (x 87B)
Class org.jetbrains.kotlin.gradle.plugin.diagnostics.CheckKotlinGradlePluginConfigurationErrorsKt$locateOrRegisterCheckKotlinGradlePluginErrorsTask$taskProvider$1$2: loaded 2 times (x 75B)
Class org.jetbrains.kotlin.gradle.tasks.CompileUsingKotlinDaemon                      : loaded 2 times (x 70B)
Class org.jetbrains.kotlin.gradle.plugin.mpp.KotlinWithJavaTarget                     : loaded 2 times (x 160B)
Class org.jetbrains.kotlin.gradle.utils.StoredPropertyKt$extrasStoredProperty$1       : loaded 2 times (x 78B)
Class org.jetbrains.kotlin.gradle.plugin.mpp.compilationImpl.KotlinCreateNativeCompileTasksSideEffectKt$special$$inlined$KotlinCompilationSideEffect$1: loaded 2 times (x 74B)
Class org.jetbrains.kotlin.gradle.targets.KotlinTargetSideEffect$Companion            : loaded 2 times (x 71B)
Class org.jetbrains.kotlin.gradle.dsl.KotlinSingleJavaTargetExtension                 : loaded 2 times (x 124B)
Class org.jetbrains.kotlin.gradle.plugin.KotlinPluginLifecycle$IllegalLifecycleException: loaded 2 times (x 82B)
Class org.jetbrains.kotlin.gradle.internal.properties.NativePropertiesLoader$userProvidedNativeHome$1: loaded 2 times (x 75B)
Class org.jetbrains.kotlin.gradle.plugin.KotlinGradleFinishBuildHandler               : loaded 2 times (x 72B)
Class [Lorg.jetbrains.kotlin.build.report.metrics.BuildPerformanceMetric;             : loaded 2 times (x 69B)
Class org.jetbrains.kotlin.statistics.metrics.StringOverridePolicy$CONCAT             : loaded 2 times (x 85B)
Class org.jetbrains.kotlin.gradle.dsl.KotlinTopLevelExtension                         : loaded 2 times (x 70B)
Class com.google.common.base.Equivalence                                              : loaded 2 times (x 82B)
Class com.google.common.base.Function                                                 : loaded 2 times (x 70B)
Class com.google.common.collect.ImmutableMapEntry$NonTerminalImmutableMapEntry        : loaded 2 times (x 85B)
Class org.jetbrains.kotlin.gradle.plugin.ProjectLocalConfigurationsKt                 : loaded 2 times (x 71B)
Class org.jetbrains.kotlin.gradle.plugin.mpp.compilationImpl.factory.KotlinCompilationImplFactory: loaded 2 times (x 72B)
Class org.jetbrains.kotlin.gradle.internal.KotlinDomApiDependencyManagementKt$addKotlinDomApiDependency$1: loaded 2 times (x 75B)
Class org.jetbrains.kotlin.gradle.plugin.diagnostics.checkers.KotlinTargetAlreadyDeclaredChecker$runChecks$1: loaded 2 times (x 88B)
Class org.jetbrains.kotlin.gradle.plugin.mpp.KotlinTargetWithBinaries                 : loaded 2 times (x 157B)
Class [Lorg.jetbrains.kotlin.gradle.plugin.KotlinSourceSet;                           : loaded 2 times (x 69B)
Class org.jetbrains.kotlin.gradle.plugin.diagnostics.checkers.JsEnvironmentChecker$1  : loaded 2 times (x 78B)
Class org.jetbrains.kotlin.gradle.plugin.diagnostics.KotlinToolingDiagnostics$JsLikeEnvironmentNotChosenExplicitly: loaded 2 times (x 73B)
Class org.jetbrains.kotlin.gradle.utils.StoredLazyProperty$getValue$1                 : loaded 2 times (x 79B)
Class org.jetbrains.kotlin.statistics.metrics.IMetricContainerFactory                 : loaded 2 times (x 70B)
Class org.jetbrains.kotlin.statistics.MetricValueValidationFailed                     : loaded 2 times (x 82B)
Class org.jetbrains.kotlin.gradle.plugin.PropertiesProvider$localProperties$2         : loaded 2 times (x 79B)
Class com.google.common.cache.CacheBuilder$OneWeigher                                 : loaded 2 times (x 82B)
Class com.google.common.collect.RegularImmutableList                                  : loaded 2 times (x 213B)
Class org.jetbrains.kotlin.com.intellij.openapi.diagnostic.Logger$Factory             : loaded 2 times (x 70B)
Class org.gradle.kotlin.dsl.TestImplementationConfigurationAccessorsKt                : loaded 2 times (x 71B)
Class build_5j11rsgesmhyjjtrdf109tsp7                                                 : loaded 2 times (x 180B)
Class com.google.common.collect.ImmutableSortedMap                                    : loaded 2 times (x 217B)
Class org.jetbrains.kotlin.gradle.plugin.mpp.compilationImpl.DefaultKotlinCompilationFriendPathsResolver$resolveFriendPaths$1$1: loaded 2 times (x 79B)
Class org.jetbrains.kotlin.build.report.metrics.BuildMetricsReporterImpl              : loaded 2 times (x 100B)
Class org.jetbrains.kotlin.gradle.tasks.configuration.KaptGenerateStubsConfig         : loaded 2 times (x 72B)
Class org.jetbrains.kotlin.gradle.targets.js.npm.SemVer                               : loaded 2 times (x 75B)
Class org.jetbrains.kotlin.gradle.plugin.diagnostics.checkers.JsEnvironmentChecker$2  : loaded 2 times (x 78B)
Class org.jetbrains.kotlin.gradle.utils.WhenPluginEnabledKt$whenPluginsEnabled$1      : loaded 2 times (x 75B)
Class org.jetbrains.kotlin.gradle.tasks.AbstractKotlinCompileTool                     : loaded 2 times (x 366B)
Class [Lorg.jetbrains.kotlin.gradle.report.BuildReportType;                           : loaded 2 times (x 69B)
Class org.jetbrains.kotlin.gradle.plugin.statistics.KotlinBuildStatsConfiguration     : loaded 2 times (x 72B)
Class org.jetbrains.kotlin.gradle.internal.properties.PropertiesBuildService$localProperties$2: loaded 2 times (x 79B)
Class org.gradle.internal.classloader.ClasspathUtil                                   : loaded 2 times (x 71B)
Class kotlin.io.FileSystemException                                                   : loaded 2 times (x 82B)
Class org.jetbrains.kotlin.gradle.dsl.KotlinCompile                                   : loaded 2 times (x 70B)
Class org.jetbrains.kotlin.gradle.plugin.mpp.compilationImpl.DefaultKotlinCompilationFriendPathsResolver$DefaultFriendArtifactResolver: loaded 2 times (x 74B)
Class org.jetbrains.kotlin.gradle.plugin.diagnostics.checkers.InternalGradlePropertiesUsageChecker$runChecks$1: loaded 2 times (x 88B)
Class org.jetbrains.kotlin.gradle.utils.StringUtilsKt$lowerCamelCaseName$1            : loaded 2 times (x 125B)
Class org.jetbrains.kotlin.gradle.plugin.diagnostics.checkers.JsEnvironmentChecker$3  : loaded 2 times (x 78B)
Class org.jetbrains.kotlin.gradle.dsl.JvmTarget$Companion                             : loaded 2 times (x 71B)
Class org.jetbrains.kotlin.gradle.internal.properties.NativePropertiesLoader$downloadFromMaven$1: loaded 2 times (x 75B)
Class org.jetbrains.kotlin.gradle.plugin.internal.DefaultConfigurationCacheStartParameterAccessor_Decorated: loaded 2 times (x 125B)
Class org.jetbrains.kotlin.gradle.plugin.internal.DefaultConfigurationCacheStartParameterAccessor: loaded 2 times (x 77B)
Class org.jetbrains.kotlin.tooling.core.HasExtras                                     : loaded 2 times (x 70B)
Class com.google.common.util.concurrent.Uninterruptibles                              : loaded 2 times (x 71B)
Class org.jetbrains.kotlin.gradle.plugin.KotlinCompilationInfo$TCS$friendPaths$1      : loaded 2 times (x 79B)
Class org.jetbrains.kotlin.gradle.plugin.sources.DefaultLanguageSettingsBuilder$freeCompilerArgsProvider$1: loaded 2 times (x 95B)
Class org.jetbrains.kotlin.konan.target.HostManager$Companion                         : loaded 2 times (x 71B)
Class org.jetbrains.kotlin.gradle.targets.js.npm.DevNpmDependencyExtension            : loaded 2 times (x 70B)
Class org.jetbrains.kotlin.gradle.plugin.diagnostics.checkers.PreHmppDependenciesUsageChecker: loaded 2 times (x 74B)
Class org.jetbrains.kotlin.gradle.targets.CreateArtifactsSideEffectKt                 : loaded 2 times (x 71B)
Class org.jetbrains.kotlin.gradle.plugin.AbstractKotlinMultiplatformPluginWrapper     : loaded 2 times (x 86B)
Class org.jetbrains.kotlin.gradle.utils.GradleConfigurationUtilsKt$addGradlePluginMetadataAttributes$1: loaded 2 times (x 75B)
Class org.jetbrains.kotlin.gradle.plugin.internal.DefaultProjectIsolationStartParameterAccessor: loaded 2 times (x 77B)
Class com.google.common.util.concurrent.LazyLogger                                    : loaded 2 times (x 72B)
Class com.google.common.collect.Maps                                                  : loaded 2 times (x 71B)
Class org.gradle.api.specs.Spec                                                       : loaded 2 times (x 70B)
Class org.jetbrains.kotlin.gradle.tasks.KotlinCompile$disableMultiModuleIC$2          : loaded 2 times (x 79B)
Class org.jetbrains.kotlin.gradle.tasks.GradleCompileTaskProviderKt                   : loaded 2 times (x 71B)
Class org.jetbrains.kotlin.gradle.plugin.SubpluginEnvironment$Companion               : loaded 2 times (x 71B)
Class org.jetbrains.kotlin.gradle.plugin.mpp.ApplyUserDefinedAttributesKt$UserDefinedAttributesSetupAction$1$1$3: loaded 2 times (x 75B)
Class org.jetbrains.kotlin.gradle.tasks.configuration.BaseKotlinCompileConfig$Companion: loaded 2 times (x 71B)
Class org.jetbrains.kotlin.gradle.plugin.mpp.compilationImpl.KotlinCompilationImpl$Params: loaded 2 times (x 72B)
Class org.jetbrains.kotlin.konan.target.UtilsKt                                       : loaded 2 times (x 71B)
Class org.jetbrains.kotlin.gradle.tooling.BuildKotlinToolingMetadataTask              : loaded 2 times (x 317B)
Class org.jetbrains.kotlin.gradle.plugin.internal.CompatibilityConventionRegistrarKt  : loaded 2 times (x 71B)
Class org.jetbrains.kotlin.gradle.artifacts.KotlinJvmJarArtifactKt                    : loaded 2 times (x 71B)
Class org.jetbrains.kotlin.gradle.plugin.mpp.compilationImpl.CreateCInteropTasksSideEffectKt$special$$inlined$KotlinCompilationSideEffect$1: loaded 2 times (x 74B)
Class org.jetbrains.kotlin.gradle.plugin.statistics.FinalizeConfigurationFusMetricActionKt: loaded 2 times (x 71B)
Class org.jetbrains.kotlin.gradle.targets.native.toolchain.KotlinNativeBundleBuildService$Companion$registerIfAbsent$2$1: loaded 2 times (x 79B)
Class org.jetbrains.kotlin.build.report.metrics.GradleBuildPerformanceMetric$Companion: loaded 2 times (x 71B)
Class org.jetbrains.kotlin.gradle.plugin.statistics.KotlinBuildStatsBeanService       : loaded 2 times (x 87B)
Class [Lcom.google.common.collect.ImmutableEntry;                                     : loaded 2 times (x 69B)
Class org.jetbrains.kotlin.gradle.tasks.configuration.AbstractKotlinCompileConfig$1$1 : loaded 2 times (x 74B)
Class org.jetbrains.kotlin.gradle.tasks.KotlinCompile$kotlinOptions$1                 : loaded 2 times (x 79B)
Class org.jetbrains.kotlin.tooling.core.ExtrasLazyProperty                            : loaded 2 times (x 70B)
Class org.jetbrains.kotlin.gradle.internal.properties.NativeProperties$Companion      : loaded 2 times (x 71B)
Class org.jetbrains.kotlin.gradle.utils.StringUtilsKt                                 : loaded 2 times (x 71B)
Class org.jetbrains.kotlin.gradle.targets.ConfigureBuildSideEffectKt$ConfigureBuildSideEffect$1: loaded 2 times (x 74B)
Class org.jetbrains.kotlin.gradle.utils.CompletableFuture                             : loaded 2 times (x 70B)
Class org.jetbrains.kotlin.build.report.metrics.BuildPerformanceMetric                : loaded 2 times (x 70B)
Class [Lorg.jetbrains.kotlin.statistics.metrics.StringOverridePolicy;                 : loaded 2 times (x 69B)
Class com.google.common.cache.LocalCache$LoadingValueReference                        : loaded 2 times (x 96B)
Class kotlin.collections.EmptyIterator                                                : loaded 2 times (x 89B)
Class kotlin.SynchronizedLazyImpl                                                     : loaded 2 times (x 76B)
Class kotlin.text.StringsKt__RegexExtensionsKt                                        : loaded 2 times (x 71B)
Class build_8a0zmoznh2dicswa4wkzckji0$_run_closure1$_closure3                         : loaded 2 times (x 139B)
Class org.jetbrains.kotlin.gradle.tasks.configuration.AbstractKotlinCompileConfig$getClasspathSnapshotDir$1: loaded 2 times (x 74B)
Class org.jetbrains.kotlin.gradle.tasks.configuration.AbstractKotlinCompileConfig$1$2 : loaded 2 times (x 74B)
Class com.google.common.base.Platform                                                 : loaded 2 times (x 71B)
Class com.google.common.collect.Multimaps$Entries                                     : loaded 2 times (x 118B)
Class org.jetbrains.kotlin.gradle.plugin.diagnostics.checkers.OverriddenKotlinNativeHomeChecker$StdlibExistenceCheckerValueSource$Params$Inject: loaded 2 times (x 106B)
Class org.jetbrains.kotlin.gradle.plugin.diagnostics.checkers.CommonMainOrTestWithDependsOnChecker: loaded 2 times (x 74B)
Class org.jetbrains.kotlin.gradle.artifacts.KotlinNativeHostSpecificMetadataArtifactKt: loaded 2 times (x 71B)
Class org.jetbrains.kotlin.gradle.plugin.mpp.compilationImpl.KotlinCreateLifecycleTasksSideEffectKt: loaded 2 times (x 71B)
Class org.jetbrains.kotlin.gradle.plugin.KotlinTarget                                 : loaded 2 times (x 70B)
Class org.jetbrains.kotlin.gradle.utils.ConfigurationsKt$createResolvable$1           : loaded 2 times (x 78B)
Class [Lorg.jetbrains.kotlin.statistics.metrics.BooleanAnonymizationPolicy;           : loaded 2 times (x 69B)
Class kotlin.sequences.SequencesKt__SequencesJVMKt                                    : loaded 2 times (x 71B)
Class kotlin.collections.AbstractList                                                 : loaded 2 times (x 197B)
Class kotlin.collections.AbstractCollection                                           : loaded 2 times (x 117B)
Class kotlin.text.StringsKt__StringsKt                                                : loaded 2 times (x 71B)
Class build_2pq2rgw1ln5md5k2qqlcru6ds                                                 : loaded 2 times (x 180B)
Class com.google.common.collect.CompoundOrdering                                      : loaded 2 times (x 115B)
Class com.google.common.collect.AbstractMapBasedMultimap$WrappedList                  : loaded 2 times (x 205B)
Class org.jetbrains.kotlin.gradle.internal.KotlinDependenciesManagementKt$allNonProjectDependencies$1: loaded 2 times (x 74B)
Class [Lorg.jetbrains.kotlin.build.report.metrics.BuildAttributeKind;                 : loaded 2 times (x 69B)
Class org.jetbrains.kotlin.gradle.tasks.K2MultiplatformStructure                      : loaded 2 times (x 74B)
Class org.jetbrains.kotlin.compilerRunner.CompilerSystemPropertiesService$Parameters  : loaded 2 times (x 70B)
Class org.jetbrains.kotlin.gradle.plugin.mpp.compilationImpl.KotlinCompilationSourceSetsContainer: loaded 2 times (x 70B)
Class org.jetbrains.kotlin.gradle.artifacts.KotlinNativeKlibArtifactKt                : loaded 2 times (x 71B)
Class org.jetbrains.kotlin.gradle.plugin.ProjectLocalConfigurations                   : loaded 2 times (x 71B)
Class org.jetbrains.kotlin.gradle.plugin.mpp.KotlinUsages$KotlinUsagesDisambiguation  : loaded 2 times (x 76B)
Class org.jetbrains.kotlin.tooling.core.Extras$Key$Companion                          : loaded 2 times (x 71B)
Class org.jetbrains.kotlin.tooling.core.Extras$Key                                    : loaded 2 times (x 72B)
Class [Lorg.objectweb.asm.AnnotationWriter;                                           : loaded 2 times (x 69B)
Class com.google.common.collect.Maps$8                                                : loaded 2 times (x 82B)
Class kotlin.collections.ArrayAsCollection                                            : loaded 2 times (x 105B)
Class kotlin.LazyKt__LazyKt                                                           : loaded 2 times (x 71B)
Class kotlin.text.StringsKt__StringBuilderJVMKt                                       : loaded 2 times (x 71B)
Class com.google.common.base.PairwiseEquivalence                                      : loaded 2 times (x 83B)
Class org.jetbrains.kotlin.gradle.tasks.configuration.AbstractKotlinCompileConfig$1$4 : loaded 2 times (x 75B)
Class com.google.common.collect.Lists$ReverseList$1                                   : loaded 2 times (x 99B)
Class com.google.common.collect.ImmutableRangeSet$Builder                             : loaded 2 times (x 77B)
Class [Lcom.google.common.collect.Iterators$EmptyModifiableIterator;                  : loaded 2 times (x 69B)
Class org.jetbrains.kotlin.gradle.plugin.diagnostics.CheckKotlinGradlePluginConfigurationErrors: loaded 2 times (x 319B)
Class org.jetbrains.kotlin.gradle.plugin.sources.DefaultKotlinSourceSetKt             : loaded 2 times (x 71B)
Class org.jetbrains.kotlin.gradle.dsl.KotlinJvmOptions                                : loaded 2 times (x 70B)
Class org.jetbrains.kotlin.gradle.plugin.mpp.HierarchyAttributeContainer$1            : loaded 2 times (x 78B)
Class org.jetbrains.kotlin.gradle.plugin.KotlinPluginLifecycle                        : loaded 2 times (x 70B)
Class org.jetbrains.kotlin.gradle.plugin.KotlinJsPluginWrapper                        : loaded 2 times (x 86B)
Class org.jetbrains.kotlin.gradle.dsl.ToolchainSupport                                : loaded 2 times (x 70B)
Class org.jetbrains.kotlin.tooling.core.Extras                                        : loaded 2 times (x 70B)
Class org.jetbrains.kotlin.gradle.plugin.mpp.InternalKotlinTarget                     : loaded 2 times (x 70B)
Class org.jetbrains.kotlin.statistics.metrics.NumberAnonymizationPolicy$RANDOM_10_PERCENT: loaded 2 times (x 85B)
Class org.jetbrains.kotlin.statistics.metrics.StringMetrics                           : loaded 2 times (x 80B)
Class com.google.common.collect.Sets$SetView                                          : loaded 2 times (x 138B)
Class com.google.common.cache.LocalCache$StrongValueReference                         : loaded 2 times (x 90B)
Class kotlin.UNINITIALIZED_VALUE                                                      : loaded 2 times (x 71B)
Class com.google.common.graph.SuccessorsFunction                                      : loaded 2 times (x 70B)
Class org.jetbrains.kotlin.gradle.tasks.CompilerPluginOptions                         : loaded 2 times (x 72B)
Class org.jetbrains.kotlin.gradle.tasks.configuration.AbstractKotlinCompileConfig$1$5 : loaded 2 times (x 76B)
Class org.jetbrains.kotlin.gradle.plugin.mpp.KotlinTargetSoftwareComponentImpl        : loaded 2 times (x 90B)
Class org.jetbrains.kotlin.gradle.plugin.mpp.DefaultKotlinUsageContext$PublishOnlyIf  : loaded 2 times (x 70B)
Class org.jetbrains.kotlin.gradle.dsl.KotlinCommonCompilerOptionsHelper               : loaded 2 times (x 71B)
Class org.jetbrains.kotlin.gradle.plugin.KotlinJvmPlugin$Companion                    : loaded 2 times (x 71B)
Class org.jetbrains.kotlin.gradle.plugin.diagnostics.KotlinToolingDiagnostics         : loaded 2 times (x 71B)
Class org.jetbrains.kotlin.gradle.artifacts.KotlinMetadataArtifactKt                  : loaded 2 times (x 71B)
Class org.jetbrains.kotlin.gradle.targets.CreateArtifactsSideEffectKt$CreateArtifactsSideEffect$1: loaded 2 times (x 74B)
Class org.jetbrains.kotlin.gradle.internal.properties.PropertiesBuildService$property$1$valueFromGradleAndLocalProperties$1: loaded 2 times (x 75B)
Class org.jetbrains.kotlin.gradle.plugin.KotlinPluginWrapperKt$kotlinToolingVersion$2 : loaded 2 times (x 78B)
Class org.objectweb.asm.Type                                                          : loaded 2 times (x 72B)
Class org.gradle.internal.classloader.VisitableURLClassLoader$InstrumentingVisitableURLClassLoader: loaded 2 times (x 123B)
Class kotlin.comparisons.ComparisonsKt__ComparisonsKt                                 : loaded 2 times (x 71B)
Class kotlin.ranges.RangesKt__RangesKt                                                : loaded 2 times (x 71B)
Class kotlin.collections.SetsKt___SetsKt                                              : loaded 2 times (x 71B)
Class kotlin.sequences.SequencesKt__SequencesKt                                       : loaded 2 times (x 71B)
Class com.google.common.io.Files$FileByteSink                                         : loaded 2 times (x 77B)
Class org.jetbrains.kotlin.gradle.tasks.configuration.AbstractKotlinCompileConfig$1$6 : loaded 2 times (x 75B)
Class [Lorg.jetbrains.kotlin.gradle.tasks.KotlinCompilerExecutionStrategy;            : loaded 2 times (x 69B)
Class org.jetbrains.kotlin.gradle.tasks.FailedCompilationException                    : loaded 2 times (x 82B)
Class org.jetbrains.kotlin.gradle.plugin.mpp.DefaultKotlinUsageContext$1              : loaded 2 times (x 74B)
Class org.jetbrains.kotlin.gradle.plugin.mpp.compilationImpl.KotlinCompilationImpl$associateWith$2: loaded 2 times (x 79B)
Class org.jetbrains.kotlin.gradle.plugin.hierarchy.KotlinSourceSetTreeClassifier      : loaded 2 times (x 70B)
Class org.jetbrains.kotlin.gradle.plugin.mpp.compilationImpl.KotlinCompilationAssociator: loaded 2 times (x 70B)
Class org.jetbrains.kotlin.konan.target.UtilsKt$evaluatePresetName$1                  : loaded 2 times (x 78B)
Class org.jetbrains.kotlin.gradle.plugin.mpp.KotlinNativeTarget                       : loaded 2 times (x 167B)
Class org.jetbrains.kotlin.gradle.plugin.diagnostics.checkers.KotlinSourceSetTreeDependsOnMismatchChecker$runChecks$1: loaded 2 times (x 88B)
Class org.jetbrains.kotlin.gradle.plugin.diagnostics.checkers.PreHmppDependenciesUsageChecker$runChecks$1: loaded 2 times (x 88B)
Class org.jetbrains.kotlin.gradle.utils.ProjectExtensionsKt                           : loaded 2 times (x 71B)
Class org.jetbrains.kotlin.gradle.plugin.KotlinSourceSetTree$Companion                : loaded 2 times (x 71B)
Class org.jetbrains.kotlin.gradle.plugin.diagnostics.KotlinGradleProjectChecker$Companion: loaded 2 times (x 71B)
Class org.jetbrains.kotlin.gradle.plugin.KotlinGradleBuildServices$Parameters         : loaded 2 times (x 70B)
Class org.jetbrains.kotlin.gradle.plugin.statistics.BuildFusService$Companion$registerIfAbsent$1$1$1: loaded 2 times (x 75B)
Class org.jetbrains.kotlin.statistics.fileloggers.MetricsContainer$Companion          : loaded 2 times (x 71B)
Class org.objectweb.asm.ByteVector                                                    : loaded 2 times (x 79B)
Class [Lcom.google.common.cache.CacheBuilder$NullListener;                            : loaded 2 times (x 69B)
Class com.google.common.math.IntMath$1                                                : loaded 2 times (x 71B)
Class org.gradle.internal.classloader.VisitableURLClassLoader$Spec                    : loaded 2 times (x 74B)
Class org.gradle.internal.classpath.DefaultClassPath                                  : loaded 2 times (x 90B)
Class kotlin.comparisons.ComparisonsKt                                                : loaded 2 times (x 71B)
Class kotlin.comparisons.ComparisonsKt___ComparisonsKt                                : loaded 2 times (x 71B)
Class kotlin.sequences.FilteringSequence                                              : loaded 2 times (x 75B)
Class org.jetbrains.kotlin.gradle.dsl.KotlinCommonToolOptions                         : loaded 2 times (x 70B)
Class com.google.common.collect.ImmutableSortedMap$1EntrySet$1                        : loaded 2 times (x 213B)
Class org.jetbrains.kotlin.gradle.plugin.DefaultKotlinBasePlugin$addKotlinCompilerConfiguration$2$1$1: loaded 2 times (x 75B)
Class com.google.common.base.AbstractIterator                                         : loaded 2 times (x 80B)
Class org.jetbrains.kotlin.gradle.plugin.mpp.KotlinSoftwareComponentKt                : loaded 2 times (x 71B)
Class org.jetbrains.kotlin.gradle.plugin.mpp.compilationImpl.KotlinCompilationSourceSetInclusion$AddSourcesToCompileTask: loaded 2 times (x 70B)
Class org.jetbrains.kotlin.konan.target.Architecture                                  : loaded 2 times (x 79B)
Class [Lorg.jetbrains.kotlin.gradle.plugin.HasProject;                                : loaded 2 times (x 69B)
Class org.jetbrains.kotlin.gradle.utils.MutableObservableSetImpl                      : loaded 2 times (x 163B)
Class org.jetbrains.kotlin.gradle.tasks.KotlinTasksProvider                           : loaded 2 times (x 72B)
Class org.jetbrains.kotlin.gradle.dsl.DefaultToolchainSupport$wireToolchainToTasks$1  : loaded 2 times (x 75B)
Class org.jetbrains.kotlin.gradle.dsl.KotlinCommonCompilerOptions                     : loaded 2 times (x 70B)
Class org.jetbrains.kotlin.gradle.plugin.KotlinJsCompilerTypeHolder                   : loaded 2 times (x 70B)
Class org.jetbrains.kotlin.gradle.internal.properties.PropertiesBuildService$MemoizedCallable: loaded 2 times (x 75B)
Class org.objectweb.asm.Symbol                                                        : loaded 2 times (x 73B)
Class build_2pq2rgw1ln5md5k2qqlcru6ds$_run_closure1                                   : loaded 2 times (x 139B)
Class com.google.common.io.Closer                                                     : loaded 2 times (x 78B)
Class org.jetbrains.kotlin.gradle.tasks.AbstractKotlinCompile$friendPathsSet$1        : loaded 2 times (x 75B)
Class org.jetbrains.kotlin.build.report.metrics.BuildAttributes                       : loaded 2 times (x 72B)
Class org.jetbrains.kotlin.gradle.plugin.cocoapods.KotlinCocoapodsPlugin$Companion    : loaded 2 times (x 71B)
Class org.jetbrains.kotlin.gradle.plugin.mpp.compilationImpl.KotlinCompilationImpl    : loaded 2 times (x 140B)
Class [Lorg.jetbrains.kotlin.gradle.plugin.mpp.compilationImpl.factory.KotlinCompilationImplFactory$PostConfigure;: loaded 2 times (x 69B)
Class org.jetbrains.kotlin.konan.target.KonanTarget$MACOS_X64                         : loaded 2 times (x 78B)
Class org.jetbrains.kotlin.gradle.plugin.KotlinSourceSet$Companion                    : loaded 2 times (x 71B)
Class org.jetbrains.kotlin.konan.util.Named                                           : loaded 2 times (x 70B)
Class [Lorg.jetbrains.kotlin.gradle.report.BuildReportMode;                           : loaded 2 times (x 69B)
Class org.jetbrains.kotlin.statistics.metrics.BooleanOverridePolicy                   : loaded 2 times (x 85B)
Class com.google.common.base.CharMatcher$BitSetMatcher                                : loaded 2 times (x 112B)
Class com.google.common.collect.ImmutableSet                                          : loaded 2 times (x 145B)
Class com.google.common.collect.RegularImmutableMap$Values                            : loaded 2 times (x 207B)
Class org.jetbrains.kotlin.gradle.plugin.AbstractKotlinAndroidPluginWrapper           : loaded 2 times (x 86B)
Class org.gradle.internal.classloader.ClassLoaderSpec                                 : loaded 2 times (x 71B)
Class kotlin.jvm.internal.FunctionReferenceImpl                                       : loaded 2 times (x 122B)
Class kotlin.collections.CollectionsKt___CollectionsJvmKt                             : loaded 2 times (x 71B)
Class org.jetbrains.kotlin.gradle.tasks.DefaultKotlinJavaToolchain$DefaultJavaToolchainSetter: loaded 2 times (x 75B)
Class org.jetbrains.kotlin.build.report.metrics.BuildAttributeKind                    : loaded 2 times (x 79B)
Class org.jetbrains.kotlin.gradle.plugin.mpp.KotlinCompilationsKt$moduleNameForCompilation$1: loaded 2 times (x 75B)
Class org.jetbrains.kotlin.gradle.plugin.sources.KotlinDependencyScopeKt              : loaded 2 times (x 71B)
Class org.jetbrains.kotlin.gradle.plugin.diagnostics.TransformActionUsingKotlinToolingDiagnostics$Parameters: loaded 2 times (x 70B)
Class org.jetbrains.kotlin.compilerRunner.CompilerSystemPropertiesService$Companion$registerIfAbsent$2$1: loaded 2 times (x 79B)
Class org.jetbrains.kotlin.gradle.plugin.mpp.KotlinCompilationsKt$addSourcesToKotlinCompileTask$1: loaded 2 times (x 75B)
Class org.jetbrains.kotlin.gradle.internal.KotlinDependenciesManagementKt$configureDefaultVersionsResolutionStrategy$1$1: loaded 2 times (x 75B)
Class org.jetbrains.kotlin.gradle.utils.KotlinExtensionUtilsKt$forAllTargets$1        : loaded 2 times (x 95B)
Class org.jetbrains.kotlin.gradle.plugin.diagnostics.CheckKotlinGradlePluginConfigurationErrorsKt$locateOrRegisterCheckKotlinGradlePluginErrorsTask$taskProvider$1: loaded 2 times (x 75B)
Class org.jetbrains.kotlin.gradle.plugin.diagnostics.checkers.OverriddenKotlinNativeHomeChecker$StdlibExistenceCheckerValueSource$Params: loaded 2 times (x 70B)
Class org.jetbrains.kotlin.gradle.dsl.PlatformSourceSetConventionsChecker$nativeTargetPresets$1$1: loaded 2 times (x 79B)
Class org.jetbrains.kotlin.gradle.tooling.BuildKotlinToolingMetadataTaskKt$buildKotlinToolingMetadataTask$1: loaded 2 times (x 78B)
Class org.jetbrains.kotlin.gradle.internal.Kapt3GradleSubplugin$Companion             : loaded 2 times (x 71B)
Class org.jetbrains.kotlin.gradle.plugin.mpp.compilationImpl.KotlinCreateCompilationArchiveTaskKt$KotlinRegisterCompilationArchiveTasksExtension$1: loaded 2 times (x 74B)
Class [Lorg.jetbrains.kotlin.statistics.metrics.NumberOverridePolicy;                 : loaded 2 times (x 69B)
Class org.jetbrains.kotlin.gradle.internal.properties.PropertiesBuildService$GradleProperty: loaded 2 times (x 70B)
Class org.jetbrains.kotlin.gradle.utils.StoredPropertyKt$projectStoredProperty$1      : loaded 2 times (x 78B)
Class org.objectweb.asm.AnnotationWriter                                              : loaded 2 times (x 79B)
Class com.google.common.cache.CacheStats                                              : loaded 2 times (x 71B)
Class kotlin.TuplesKt                                                                 : loaded 2 times (x 71B)
Class kotlin.Unit                                                                     : loaded 2 times (x 71B)
Class kotlin.sequences.SequencesKt___SequencesJvmKt                                   : loaded 2 times (x 71B)
Class com.google.common.io.Closer$Suppressor                                          : loaded 2 times (x 70B)
Class com.google.common.io.LineProcessor                                              : loaded 2 times (x 70B)
Class org.jetbrains.kotlin.gradle.tasks.K2MultiplatformStructure$RefinesEdge          : loaded 2 times (x 72B)
Class org.jetbrains.kotlin.gradle.plugin.mpp.SyncLanguageSettingsWithKotlinExtensionSetupActionKt$SyncLanguageSettingsWithKotlinExtensionSetupAction$1$1: loaded 2 times (x 75B)
Class org.jetbrains.kotlin.gradle.tasks.configuration.TaskConfigAction$configureTask$1: loaded 2 times (x 79B)
Class org.jetbrains.kotlin.gradle.plugin.diagnostics.checkers.DuplicateSourceSetChecker$runChecks$1: loaded 2 times (x 88B)
Class org.jetbrains.kotlin.gradle.plugin.diagnostics.ToolingDiagnostic$Severity       : loaded 2 times (x 79B)
Class org.jetbrains.kotlin.gradle.dsl.JvmTarget                                       : loaded 2 times (x 79B)
Class org.jetbrains.kotlin.gradle.internal.ClassLoadersCachingBuildService            : loaded 2 times (x 76B)
Class org.jetbrains.kotlin.gradle.plugin.VariantImplementationFactories$Inject        : loaded 2 times (x 106B)
Class org.jetbrains.kotlin.gradle.plugin.VariantImplementationFactoriesConfigurator$Companion: loaded 2 times (x 71B)
Class org.objectweb.asm.RecordComponentWriter                                         : loaded 2 times (x 78B)
Class com.google.common.util.concurrent.AbstractFuture$Listener                       : loaded 2 times (x 72B)
Class com.google.common.base.CharMatcher$Or                                           : loaded 2 times (x 112B)
Class Settings_gradle$1$1                                                             : loaded 2 times (x 74B)
Class kotlin.ranges.RangesKt                                                          : loaded 2 times (x 71B)
Class [Lorg.jetbrains.kotlin.compilerRunner.KotlinCompilerArgumentsLogLevel;          : loaded 2 times (x 69B)
Class org.jetbrains.kotlin.gradle.tasks.KotlinCompile_Decorated                       : loaded 2 times (x 610B)
Class org.jetbrains.kotlin.gradle.plugin.mpp.SyncLanguageSettingsWithKotlinExtensionSetupActionKt$SyncLanguageSettingsWithKotlinExtensionSetupAction$1$2: loaded 2 times (x 75B)
Class org.jetbrains.kotlin.gradle.plugin.internal.BuildIdService$Companion            : loaded 2 times (x 71B)
Class org.jetbrains.kotlin.gradle.plugin.diagnostics.checkers.OverriddenKotlinNativeHomeChecker$StdlibExistenceCheckerValueSource$Companion: loaded 2 times (x 71B)
Class org.jetbrains.kotlin.gradle.targets.js.dsl.KotlinWasmSubTargetContainerDsl      : loaded 2 times (x 70B)
Class org.jetbrains.kotlin.gradle.plugin.diagnostics.checkers.WasmWasiEnvironmentChecker$1: loaded 2 times (x 78B)
Class org.jetbrains.kotlin.gradle.plugin.diagnostics.checkers.DisabledCinteropCommonizationInHmppProjectChecker: loaded 2 times (x 74B)
Class org.jetbrains.kotlin.gradle.plugin.diagnostics.checkers.NoKotlinTargetsDeclaredChecker: loaded 2 times (x 74B)
Class org.jetbrains.kotlin.gradle.utils.StoredPropertyStorage                         : loaded 2 times (x 72B)
Class org.jetbrains.kotlin.gradle.plugin.KotlinSourceSetContainer                     : loaded 2 times (x 70B)
Class org.objectweb.asm.Attribute                                                     : loaded 2 times (x 77B)
Class com.google.common.base.Supplier                                                 : loaded 2 times (x 70B)
Class org.gradle.internal.classloader.VisitableURLClassLoader                         : loaded 2 times (x 117B)
Class kotlin.collections.ArraysUtilJVM                                                : loaded 2 times (x 71B)
Class kotlin.jvm.functions.Function0                                                  : loaded 2 times (x 70B)
Class org.jetbrains.kotlin.gradle.plugin.KotlinGradleBuildServices$Inject             : loaded 2 times (x 100B)
Class org.jetbrains.kotlin.gradle.plugin.statistics.plugins.ObservablePlugins         : loaded 2 times (x 79B)
Class org.jetbrains.kotlin.gradle.plugin.sources.InternalKotlinSourceSetKt$awaitPlatformCompilations$1: loaded 2 times (x 88B)
Class [Lorg.jetbrains.kotlin.gradle.plugin.sources.KotlinDependencyScope;             : loaded 2 times (x 69B)
Class org.jetbrains.kotlin.gradle.tasks.configuration.BaseKotlinCompileConfig$configureCommonParameters$1: loaded 2 times (x 74B)
Class org.jetbrains.kotlin.gradle.plugin.mpp.compilationImpl.factory.ConfigurationNaming: loaded 2 times (x 70B)
Class org.jetbrains.kotlin.gradle.plugin.mpp.compilationImpl.DefaultKotlinCompilationPostConfigureKt: loaded 2 times (x 71B)
Class org.jetbrains.kotlin.konan.target.KonanTarget$WATCHOS_X64                       : loaded 2 times (x 78B)
Class org.jetbrains.kotlin.gradle.plugin.diagnostics.KotlinGradleProjectCheckersRunnerKt: loaded 2 times (x 71B)
Class [Lorg.jetbrains.kotlin.tooling.core.HasExtras;                                  : loaded 2 times (x 69B)
Class org.jetbrains.kotlin.gradle.plugin.diagnostics.checkers.IncorrectCompileOnlyDependenciesChecker: loaded 2 times (x 74B)
Class org.jetbrains.kotlin.gradle.plugin.diagnostics.checkers.WasmWasiEnvironmentChecker$2: loaded 2 times (x 78B)
Class org.jetbrains.kotlin.gradle.dsl.DefaultToolchainSupport$wireToolchainToTasks$1$1: loaded 2 times (x 75B)
Class org.jetbrains.kotlin.gradle.utils.SingleActionPerProject                        : loaded 2 times (x 73B)
Class org.jetbrains.kotlin.gradle.plugin.DefaultKotlinBasePlugin                      : loaded 2 times (x 82B)
Class org.gradle.internal.Cast                                                        : loaded 2 times (x 71B)
Class org.gradle.api.Action                                                           : loaded 2 times (x 70B)
Class kotlin.jvm.functions.Function1                                                  : loaded 2 times (x 70B)
Class [Lorg.jetbrains.kotlin.gradle.plugin.mpp.KotlinUsageContext$MavenScope;         : loaded 2 times (x 69B)
Class org.jetbrains.kotlin.gradle.tasks.configuration.BaseKotlinCompileConfig$configureCommonParameters$2: loaded 2 times (x 75B)
Class org.jetbrains.kotlin.gradle.plugin.mpp.compilationImpl.KotlinCompilationCompilerOptionsFromTargetConfigurator: loaded 2 times (x 74B)
Class com.google.common.base.Strings                                                  : loaded 2 times (x 71B)
Class org.jetbrains.kotlin.gradle.utils.FailuresKt$ideaSyncClasspathModeUtil$1        : loaded 2 times (x 72B)
Class org.jetbrains.kotlin.gradle.plugin.diagnostics.KotlinToolingDiagnosticsCollector$Inject: loaded 2 times (x 96B)
Class org.jetbrains.kotlin.gradle.artifacts.KotlinJsKlibArtifactKt                    : loaded 2 times (x 71B)
Class org.jetbrains.kotlin.gradle.dsl.KotlinTargetContainerWithWasmPresetFunctions    : loaded 2 times (x 70B)
Class org.jetbrains.kotlin.gradle.plugin.GradleUtilsKt                                : loaded 2 times (x 71B)
Class org.jetbrains.kotlin.gradle.internal.properties.PropertiesBuildService          : loaded 2 times (x 76B)
Class com.google.common.collect.Sets                                                  : loaded 2 times (x 71B)
Class org.objectweb.asm.Handler                                                       : loaded 2 times (x 72B)
Class com.google.common.base.Ticker                                                   : loaded 2 times (x 72B)
Class com.google.common.base.CharMatcher$FastMatcher                                  : loaded 2 times (x 111B)
Class kotlin.jvm.functions.Function2                                                  : loaded 2 times (x 70B)
Class com.google.common.collect.ImmutableSortedSet$Builder                            : loaded 2 times (x 86B)
Class org.jetbrains.kotlin.gradle.tasks.KotlinCompile$javaSources$1                   : loaded 2 times (x 75B)
Class org.jetbrains.kotlin.incremental.IncrementalCompilationFeatures                 : loaded 2 times (x 71B)
Class org.jetbrains.kotlin.gradle.plugin.KotlinTarget$DefaultImpls                    : loaded 2 times (x 71B)
Class org.jetbrains.kotlin.gradle.plugin.diagnostics.KotlinToolingDiagnosticsCollector: loaded 2 times (x 76B)
Class org.jetbrains.kotlin.gradle.plugin.mpp.compilationImpl.KotlinCreateCompilationArchiveTaskKt: loaded 2 times (x 71B)
Class org.jetbrains.kotlin.tooling.core.MutableExtrasImpl                             : loaded 2 times (x 165B)
Class org.jetbrains.kotlin.gradle.plugin.statistics.KotlinBuildStatsMXBean            : loaded 2 times (x 70B)
Class org.jetbrains.kotlin.gradle.utils.FileUtilsKt                                   : loaded 2 times (x 71B)
Class [Lcom.google.common.cache.LocalCache$Segment;                                   : loaded 2 times (x 69B)
Class [Lcom.google.common.cache.LocalCache$Strength;                                  : loaded 2 times (x 69B)
Class com.google.common.cache.CacheBuilder$1                                          : loaded 2 times (x 85B)
Class com.google.common.base.Predicate                                                : loaded 2 times (x 70B)
Class com.google.common.collect.ImmutableMap                                          : loaded 2 times (x 120B)
Class org.gradle.internal.classpath.DefaultClassPath$ImmutableUniqueList$Builder      : loaded 2 times (x 75B)
Class kotlin.jvm.functions.Function3                                                  : loaded 2 times (x 70B)
Class kotlin.collections.MapsKt___MapsJvmKt                                           : loaded 2 times (x 71B)
Class org.jetbrains.kotlin.gradle.plugin.mpp.KotlinCompilationFactory$DefaultImpls    : loaded 2 times (x 71B)
Class com.google.common.collect.AbstractRangeSet                                      : loaded 2 times (x 114B)
Class org.jetbrains.kotlin.gradle.plugin.diagnostics.checkers.InternalGradlePropertiesUsageChecker: loaded 2 times (x 74B)
Class org.jetbrains.kotlin.gradle.plugin.mpp.compilationImpl.CreateCInteropTasksSideEffectKt: loaded 2 times (x 71B)
Class org.jetbrains.kotlin.gradle.testing.internal.KotlinTestsRegistry$Companion      : loaded 2 times (x 71B)
Class org.jetbrains.kotlin.gradle.dsl.KotlinCommonCompilerToolOptions                 : loaded 2 times (x 70B)
Class org.jetbrains.kotlin.gradle.internal.properties.PropertiesBuildService$Companion$registerIfAbsent$1: loaded 2 times (x 75B)
Class org.jetbrains.kotlin.gradle.plugin.internal.DefaultConfigurationCacheStartParameterAccessorVariantFactory: loaded 2 times (x 76B)
Class com.google.common.cache.LocalCache                                              : loaded 2 times (x 187B)
Class com.google.common.cache.CacheBuilder$2                                          : loaded 2 times (x 79B)
Class com.google.common.base.CharMatcher$NegatedFastMatcher                           : loaded 2 times (x 113B)
Class kotlin.collections.EmptySet                                                     : loaded 2 times (x 122B)
Class kotlin.collections.CollectionsKt___CollectionsKt                                : loaded 2 times (x 71B)
Class Build_gradle$inlined$sam$i$org_gradle_api_Action$0                              : loaded 2 times (x 75B)
Class org.jetbrains.kotlin.build.report.metrics.BuildPerformanceMetrics$Companion     : loaded 2 times (x 71B)
Class org.jetbrains.kotlin.cli.common.arguments.K2JVMCompilerArguments                : loaded 2 times (x 76B)
Class org.jetbrains.kotlin.gradle.plugin.mpp.compilationImpl.DefaultKotlinCompilationSourceSetsContainer$source$1: loaded 2 times (x 79B)
Class org.jetbrains.kotlin.gradle.internal.KotlinTestDependencyManagementKt           : loaded 2 times (x 71B)
Class org.jetbrains.kotlin.konan.target.KonanTarget$ANDROID_X64                       : loaded 2 times (x 78B)
Class [Lorg.jetbrains.kotlin.gradle.plugin.sources.ConsistencyCheck;                  : loaded 2 times (x 69B)
Class org.jetbrains.kotlin.gradle.report.ReportingSettings                            : loaded 2 times (x 72B)
Class org.jetbrains.kotlin.statistics.metrics.StringAnonymizationPolicy$ComponentVersionAnonymizer: loaded 2 times (x 78B)
Class com.google.common.collect.ArrayListMultimap                                     : loaded 2 times (x 172B)
Class com.google.common.cache.CacheBuilder$3                                          : loaded 2 times (x 72B)
Class [Lcom.google.common.collect.AbstractMapEntry;                                   : loaded 2 times (x 69B)
Class com.google.common.collect.ImmutableEntry                                        : loaded 2 times (x 82B)
Class org.jetbrains.kotlin.gradle.plugin.KotlinBasePluginWrapper                      : loaded 2 times (x 86B)
Class org.gradle.api.GradleException                                                  : loaded 2 times (x 82B)
Class kotlin.reflect.KDeclarationContainer                                            : loaded 2 times (x 70B)
Class kotlin.text.StringsKt___StringsJvmKt                                            : loaded 2 times (x 71B)
Class com.google.common.base.Suppliers$MemoizingSupplier                              : loaded 2 times (x 79B)
Class org.jetbrains.kotlin.gradle.plugin.diagnostics.KotlinToolingDiagnostics$JsEnvironmentNotChosenExplicitly: loaded 2 times (x 73B)
Class org.jetbrains.kotlin.gradle.plugin.ProjectLocalConfigurations$ProjectLocalCompatibility: loaded 2 times (x 76B)
Class org.jetbrains.kotlin.gradle.dsl.KotlinJvmCompilerOptions                        : loaded 2 times (x 70B)
Class org.jetbrains.kotlin.gradle.plugin.internal.DefaultProjectIsolationStartParameterAccessor$Factory: loaded 2 times (x 76B)
Class com.google.common.collect.CollectPreconditions                                  : loaded 2 times (x 71B)
Class kotlin.collections.MapsKt___MapsKt                                              : loaded 2 times (x 71B)
Class kotlin.io.FilesKt                                                               : loaded 2 times (x 71B)
Class kotlin.collections.ArraysKt___ArraysKt                                          : loaded 2 times (x 71B)
Class [Lcom.google.common.io.FileWriteMode;                                           : loaded 2 times (x 69B)
Class org.jetbrains.kotlin.buildtools.api.SourcesChanges                              : loaded 2 times (x 70B)
Class org.jetbrains.kotlin.gradle.plugin.KotlinPluginLifecycleImpl$launch$1           : loaded 2 times (x 79B)
Class org.jetbrains.kotlin.konan.target.HostManager$Companion$targetAliases$2         : loaded 2 times (x 78B)
Class org.jetbrains.kotlin.gradle.utils.Completable                                   : loaded 2 times (x 72B)
Class org.jetbrains.kotlin.gradle.plugin.DefaultKotlinBasePlugin$addKotlinCompilerConfiguration$2$1: loaded 2 times (x 75B)
Class org.jetbrains.kotlin.gradle.plugin.statistics.KotlinBuildStatsServicesRegistry$Companion: loaded 2 times (x 71B)
Class org.jetbrains.kotlin.gradle.plugin.internal.DefaultCompatibilityConventionRegistrar$Factory: loaded 2 times (x 76B)
Class com.google.common.collect.SortedMapDifference                                   : loaded 2 times (x 70B)
Class kotlin.collections.MapsKt__MapWithDefaultKt                                     : loaded 2 times (x 71B)
Class org.jetbrains.kotlin.gradle.internal.properties.PropertiesBuildService$Params_Decorated: loaded 2 times (x 134B)
Class com.google.common.io.Files                                                      : loaded 2 times (x 71B)
Class org.jetbrains.kotlin.gradle.tasks.DefaultKotlinJavaToolchain$DefaultJdkSetter   : loaded 2 times (x 76B)
Class org.jetbrains.kotlin.cli.common.arguments.CommonCompilerArguments               : loaded 2 times (x 75B)
Class org.jetbrains.kotlin.gradle.plugin.diagnostics.checkers.IncorrectCompileOnlyDependenciesChecker$runChecks$1: loaded 2 times (x 88B)
Class org.jetbrains.kotlin.gradle.plugin.mpp.KotlinOnlyTarget                         : loaded 2 times (x 153B)
Class org.jetbrains.kotlin.gradle.targets.js.npm.BaseNpmDependencyExtension           : loaded 2 times (x 70B)
Class org.jetbrains.kotlin.gradle.dsl.KotlinVersion$Companion                         : loaded 2 times (x 71B)
Class org.jetbrains.kotlin.gradle.InternalKotlinGradlePluginApi                       : loaded 2 times (x 70B)
Class org.jetbrains.kotlin.gradle.dsl.DefaultToolchainSupport                         : loaded 2 times (x 76B)
Class org.jetbrains.kotlin.gradle.plugin.internal.CustomPropertiesFileValueSource     : loaded 2 times (x 82B)
Class com.google.common.cache.LocalCache$EntryFactory                                 : loaded 2 times (x 83B)
Class kotlin.collections.CollectionsKt__MutableCollectionsJVMKt                       : loaded 2 times (x 71B)
Class kotlin.enums.EnumEntriesKt                                                      : loaded 2 times (x 71B)
Class kotlin.text.StringsKt___StringsKt                                               : loaded 2 times (x 71B)
Class com.google.common.collect.NullsLastOrdering                                     : loaded 2 times (x 115B)
Class org.jetbrains.kotlin.gradle.tasks.TaskOutputsBackup                             : loaded 2 times (x 72B)
Class org.jetbrains.kotlin.gradle.plugin.cocoapods.KotlinCocoapodsPlugin              : loaded 2 times (x 76B)
Class org.jetbrains.kotlin.gradle.internal.CompilerOptionsDslHelpersKt                : loaded 2 times (x 71B)
Class org.jetbrains.kotlin.gradle.internal.StdlibDependencyManagementKt$configureStdlibVersionAlignment$1$1: loaded 2 times (x 75B)
Class org.jetbrains.kotlin.gradle.dsl.KotlinProjectExtension$awaitSourceSets$1        : loaded 2 times (x 88B)
Class org.jetbrains.kotlin.gradle.plugin.KotlinPluginLifecycle$CoroutineStart         : loaded 2 times (x 79B)
Class org.jetbrains.kotlin.konan.target.Family                                        : loaded 2 times (x 79B)
Class org.jetbrains.kotlin.gradle.tasks.TasksProviderKt$sam$org_gradle_api_Action$0   : loaded 2 times (x 75B)
Class org.jetbrains.kotlin.gradle.tooling.BuildKotlinToolingMetadataTask$FromKotlinExtension: loaded 2 times (x 317B)
Class org.jetbrains.kotlin.gradle.utils.FailuresKt                                    : loaded 2 times (x 71B)
Class org.jetbrains.kotlin.gradle.targets.native.internal.CInteropConfigurationsKt$special$$inlined$KotlinTargetSideEffect$1: loaded 2 times (x 74B)
Class org.jetbrains.kotlin.gradle.internal.properties.NativePropertiesLoader$konanDataDirProperty$1: loaded 2 times (x 75B)
Class org.jetbrains.kotlin.gradle.plugin.statistics.BuildFusService$Parameters_Decorated: loaded 2 times (x 143B)
Class org.jetbrains.kotlin.gradle.internal.properties.PropertiesBuildService$Params$Inject: loaded 2 times (x 106B)
Class org.jetbrains.kotlin.tooling.core.HasMutableExtras                              : loaded 2 times (x 70B)
Class com.google.common.cache.LocalCache$AbstractReferenceEntry                       : loaded 2 times (x 107B)
Class org.gradle.internal.IoActions                                                   : loaded 2 times (x 71B)
Class org.jetbrains.kotlin.gradle.internal.Kapt3KotlinGradleSubpluginKt               : loaded 2 times (x 71B)
Class org.jetbrains.kotlin.gradle.dsl.KotlinJvmCompile                                : loaded 2 times (x 70B)
Class com.google.common.collect.ImmutableRangeSet$ComplementRanges                    : loaded 2 times (x 207B)
Class org.jetbrains.kotlin.konan.target.KonanTarget$LINUX_ARM32_HFP                   : loaded 2 times (x 78B)
Class org.jetbrains.kotlin.gradle.internal.Kapt3GradleSubplugin                       : loaded 2 times (x 83B)
Class org.jetbrains.kotlin.gradle.plugin.diagnostics.checkers.CInteropInputChecker    : loaded 2 times (x 74B)
Class org.jetbrains.kotlin.gradle.plugin.statistics.FinalizeConfigurationFusMetricActionKt$FinalizeConfigurationFusMetricAction$1: loaded 2 times (x 95B)
Class org.jetbrains.kotlin.gradle.internal.KotlinDependenciesManagementKt$CustomizeKotlinDependenciesSetupAction$1: loaded 2 times (x 74B)
Class org.jetbrains.kotlin.gradle.plugin.KotlinGradlePluginExtensionPointInternal$registeredExtensions$2: loaded 2 times (x 78B)
Class org.jetbrains.kotlin.statistics.metrics.BooleanOverridePolicy$OR                : loaded 2 times (x 85B)
Class org.jetbrains.kotlin.gradle.plugin.UsesVariantImplementationFactories           : loaded 2 times (x 70B)
Class org.objectweb.asm.SymbolTable                                                   : loaded 2 times (x 72B)
Class com.google.common.cache.CacheLoader$InvalidCacheLoadException                   : loaded 2 times (x 82B)
Class com.google.common.collect.ImmutableSet$RegularSetBuilderImpl                    : loaded 2 times (x 77B)
Class org.gradle.internal.classloader.SystemClassLoaderSpec                           : loaded 2 times (x 71B)
Class kotlin.reflect.KAnnotatedElement                                                : loaded 2 times (x 70B)
Class kotlin.jvm.internal.Intrinsics                                                  : loaded 2 times (x 71B)
Class org.jetbrains.kotlin.gradle.tasks.CacheableTasksKt$cacheOnlyIfEnabledForKotlin$1$1: loaded 2 times (x 74B)
Class org.jetbrains.kotlin.gradle.tasks.configuration.BaseKotlinCompileConfig$1$1     : loaded 2 times (x 75B)
Class org.jetbrains.kotlin.gradle.plugin.mpp.compilationImpl.factory.KotlinCompilationImplFactory$PostConfigure: loaded 2 times (x 70B)
Class org.jetbrains.kotlin.gradle.utils.KotlinExtensionUtilsKt                        : loaded 2 times (x 71B)
Class [Lorg.jetbrains.kotlin.konan.util.Named;                                        : loaded 2 times (x 69B)
Class org.jetbrains.kotlin.gradle.plugin.diagnostics.checkers.NoKotlinTargetsDeclaredChecker$runChecks$1: loaded 2 times (x 88B)
Class org.jetbrains.kotlin.gradle.plugin.mpp.AbstractKotlinTarget$kotlinComponents$2  : loaded 2 times (x 79B)
Class org.jetbrains.kotlin.gradle.plugin.KotlinPlatformType$CompatibilityRule         : loaded 2 times (x 76B)
Class org.jetbrains.kotlin.gradle.internal.properties.NativePropertiesLoader$actualNativeHomeDirectory$1: loaded 2 times (x 75B)
Class org.jetbrains.kotlin.gradle.internal.properties.NativePropertiesKt              : loaded 2 times (x 71B)
Class org.jetbrains.kotlin.gradle.plugin.BuildEventsListenerRegistryHolder            : loaded 2 times (x 72B)
Class [Lorg.jetbrains.kotlin.statistics.metrics.BooleanOverridePolicy;                : loaded 2 times (x 69B)
Class org.jetbrains.kotlin.gradle.plugin.internal.CustomPropertiesFileValueSource$Parameters$Inject: loaded 2 times (x 106B)
Class com.google.common.cache.LocalCache$StrongEntry                                  : loaded 2 times (x 108B)
Class com.google.common.util.concurrent.AbstractFuture$TrustedFuture                  : loaded 2 times (x 114B)
Class com.google.common.cache.LoadingCache                                            : loaded 2 times (x 70B)
Class kotlin.collections.MapsKt                                                       : loaded 2 times (x 71B)
Class kotlin.collections.CollectionsKt__IterablesKt                                   : loaded 2 times (x 71B)
Class org.gradle.kotlin.dsl.ImplementationConfigurationAccessorsKt                    : loaded 2 times (x 71B)
Class com.google.common.io.ByteStreams$LimitedInputStream                             : loaded 2 times (x 92B)
Class com.google.common.base.Suppliers$NonSerializableMemoizingSupplier               : loaded 2 times (x 79B)
Class org.jetbrains.kotlin.gradle.tasks.GradleCompileTaskProvider                     : loaded 2 times (x 72B)
Class org.jetbrains.kotlin.gradle.plugin.mpp.KotlinTargetSoftwareComponentImplKt$KotlinTargetSoftwareComponent$1: loaded 2 times (x 95B)
Class org.jetbrains.kotlin.gradle.tasks.configuration.BaseKotlinCompileConfig$registerBuildToolsApiTransformations$1: loaded 2 times (x 75B)
Class org.jetbrains.kotlin.gradle.plugin.internal.BuildIdService                      : loaded 2 times (x 76B)
Class org.jetbrains.kotlin.gradle.plugin.mpp.compilationImpl.factory.KotlinCompilationDependencyConfigurationsFactoriesKt: loaded 2 times (x 71B)
Class org.jetbrains.kotlin.gradle.plugin.mpp.compilationImpl.DefaultKotlinCompilationFriendPathsResolver: loaded 2 times (x 75B)
Class org.jetbrains.kotlin.gradle.plugin.diagnostics.checkers.WasmSourceSetsNotFoundChecker$runChecks$1: loaded 2 times (x 88B)
Class org.jetbrains.kotlin.konan.target.KonanTarget$IOS_SIMULATOR_ARM64               : loaded 2 times (x 78B)
Class org.jetbrains.kotlin.gradle.plugin.mpp.compilationImpl.KotlinCreateCompilationArchiveTaskKt$KotlinCreateCompilationArchivesTask$1: loaded 2 times (x 74B)
Class org.jetbrains.kotlin.gradle.dsl.KotlinVersion                                   : loaded 2 times (x 79B)
Class org.jetbrains.kotlin.gradle.internal.properties.NativePropertiesLoader$actualNativeHomeDirectory$2: loaded 2 times (x 74B)
Class org.jetbrains.kotlin.gradle.utils.StoredPropertyKt                              : loaded 2 times (x 71B)
Class org.objectweb.asm.MethodWriter                                                  : loaded 2 times (x 106B)
Class [Lcom.google.common.cache.Weigher;                                              : loaded 2 times (x 69B)
Class com.google.common.collect.RegularImmutableMap$BucketOverflowException           : loaded 2 times (x 82B)
Class kotlin.KotlinNullPointerException                                               : loaded 2 times (x 83B)
Class com.google.common.collect.AbstractMapBasedMultimap$RandomAccessWrappedList      : loaded 2 times (x 205B)
Class org.jetbrains.kotlin.gradle.plugin.sources.KotlinDependencyScope$Companion      : loaded 2 times (x 71B)
Class org.jetbrains.kotlin.gradle.tasks.configuration.BaseKotlinCompileConfig$registerBuildToolsApiTransformations$2: loaded 2 times (x 75B)
Class org.jetbrains.kotlin.gradle.tasks.KotlinJvmCompile                              : loaded 2 times (x 70B)
Class org.jetbrains.kotlin.gradle.plugin.mpp.compilationImpl.KotlinCompilationSourceSetsContainerKt: loaded 2 times (x 71B)
Class org.jetbrains.kotlin.gradle.plugin.KotlinPluginLifecycleKt$launchInStage$1      : loaded 2 times (x 95B)
Class org.jetbrains.kotlin.gradle.targets.NativeForwardImplementationToApiElementsSideEffectKt: loaded 2 times (x 71B)
Class org.jetbrains.kotlin.gradle.internal.properties.NativePropertiesLoader$actualNativeHomeDirectory$3: loaded 2 times (x 75B)
Class org.jetbrains.kotlin.gradle.report.BuildReportMode                              : loaded 2 times (x 79B)
Class org.jetbrains.kotlin.statistics.metrics.StringAnonymizationPolicy$RegexControlled: loaded 2 times (x 79B)
Class org.jetbrains.kotlin.statistics.ValueAnonymizer                                 : loaded 2 times (x 70B)
Class org.jetbrains.kotlin.gradle.plugin.VariantImplementationFactories$Companion$getProvider$2$1$1: loaded 2 times (x 75B)
Class org.jetbrains.kotlin.gradle.plugin.internal.ProjectIsolationStartParameterAccessor$Factory: loaded 2 times (x 70B)
Class kotlin.ranges.RangesKt___RangesKt                                               : loaded 2 times (x 71B)
Class build_cm61picavwdormi08xns8gu7l$_run_closure1                                   : loaded 2 times (x 139B)
Class org.jetbrains.kotlin.gradle.tasks.KotlinCompile$disableMultiModuleIC$2$1        : loaded 2 times (x 75B)
Class org.jetbrains.kotlin.gradle.tasks.DefaultKotlinJavaToolchain$javaExecutable$1   : loaded 2 times (x 75B)
Class org.jetbrains.kotlin.build.report.metrics.BuildAttribute                        : loaded 2 times (x 79B)
Class org.jetbrains.kotlin.gradle.internal.transforms.BuildToolsApiClasspathEntrySnapshotTransform$Inject1: loaded 2 times (x 113B)
Class org.jetbrains.kotlin.gradle.plugin.mpp.compilationImpl.KotlinCompilationRegisterInSourceSetsConfigurator: loaded 2 times (x 74B)
Class org.jetbrains.kotlin.gradle.plugin.mpp.compilationImpl.factory.DefaultKotlinCompilationTaskNamesContainerFactory: loaded 2 times (x 74B)
Class org.jetbrains.kotlin.gradle.targets.native.internal.CommonizerTasksKt           : loaded 2 times (x 71B)
Class [Lorg.jetbrains.kotlin.gradle.targets.js.npm.NpmDependency$Scope;               : loaded 2 times (x 69B)
Class org.jetbrains.kotlin.gradle.plugin.KotlinCompilerPluginSupportPlugin            : loaded 2 times (x 70B)
Class org.jetbrains.kotlin.gradle.plugin.mpp.AbstractKotlinTarget$components$2        : loaded 2 times (x 79B)
Class org.jetbrains.kotlin.gradle.plugin.mpp.KotlinUsages$setupAttributesMatchingStrategy$1: loaded 2 times (x 74B)
Class org.jetbrains.kotlin.gradle.utils.AndroidPluginIdsKt                            : loaded 2 times (x 71B)
Class com.google.common.collect.RegularImmutableBiMap                                 : loaded 2 times (x 149B)
Class com.google.common.cache.LocalCache$ValueReference                               : loaded 2 times (x 70B)
Class com.google.common.base.CharMatcher$Negated                                      : loaded 2 times (x 113B)
Class com.google.common.base.CharMatcher$Is                                           : loaded 2 times (x 111B)
Class org.jetbrains.kotlin.gradle.plugin.KotlinBasePlugin                             : loaded 2 times (x 70B)
Class org.jetbrains.kotlin.com.intellij.openapi.diagnostic.Attachment                 : loaded 2 times (x 72B)
Class kotlin.collections.ArraysKt                                                     : loaded 2 times (x 71B)
Class org.jetbrains.kotlin.gradle.tasks.internal.KotlinJvmOptionsCompat               : loaded 2 times (x 101B)
Class org.jetbrains.kotlin.cli.common.arguments.CommonToolArguments                   : loaded 2 times (x 73B)
Class com.google.common.base.PatternCompiler                                          : loaded 2 times (x 70B)
Class org.jetbrains.kotlin.gradle.utils.FutureKt                                      : loaded 2 times (x 71B)
Class org.jetbrains.kotlin.gradle.logging.GradleLoggingUtilsKt                        : loaded 2 times (x 71B)
Class com.google.common.util.concurrent.AbstractFuture$Failure                        : loaded 2 times (x 72B)
Class com.google.common.base.Equivalence$Equals                                       : loaded 2 times (x 82B)
Class com.google.common.collect.Hashing                                               : loaded 2 times (x 71B)
Class com.google.common.base.Preconditions                                            : loaded 2 times (x 71B)
Class org.jetbrains.kotlin.gradle.plugin.KotlinAndroidPluginWrapper                   : loaded 2 times (x 86B)
Class kotlin.collections.SetsKt__SetsKt                                               : loaded 2 times (x 71B)
Class kotlin.LazyKt                                                                   : loaded 2 times (x 71B)
Class com.google.common.collect.ByFunctionOrdering                                    : loaded 2 times (x 115B)
Class com.google.common.io.CharSink                                                   : loaded 2 times (x 79B)
Class org.jetbrains.kotlin.compilerRunner.GradleCompilerRunner$Companion              : loaded 2 times (x 71B)
Class [Lorg.jetbrains.kotlin.gradle.dsl.PlatformSourceSetConventionsChecker$CheckedPlatformInfo;: loaded 2 times (x 69B)
Class org.jetbrains.kotlin.gradle.plugin.diagnostics.KotlinGradleProjectCheckerContext: loaded 2 times (x 72B)
Class org.jetbrains.kotlin.gradle.plugin.diagnostics.checkers.DuplicateSourceSetChecker: loaded 2 times (x 74B)
Class org.jetbrains.kotlin.gradle.plugin.diagnostics.ToolingDiagnosticFactory         : loaded 2 times (x 73B)
Class org.jetbrains.kotlin.gradle.targets.KotlinTargetSideEffect                      : loaded 2 times (x 70B)
Class org.jetbrains.kotlin.gradle.plugin.DefaultKotlinBasePlugin$setupAttributeMatchingStrategy$1$1: loaded 2 times (x 79B)
Class org.jetbrains.kotlin.statistics.metrics.NumericalMetrics$Companion              : loaded 2 times (x 71B)
Class [Lorg.jetbrains.kotlin.statistics.metrics.NumberAnonymizationPolicy;            : loaded 2 times (x 69B)
Class org.jetbrains.kotlin.statistics.metrics.NumberOverridePolicy$OVERRIDE           : loaded 2 times (x 85B)
Class org.jetbrains.kotlin.gradle.internal.properties.PropertiesBuildService$property$1: loaded 2 times (x 79B)
Class com.google.common.base.Joiner$1                                                 : loaded 2 times (x 80B)
Class org.objectweb.asm.Label                                                         : loaded 2 times (x 73B)
Class org.objectweb.asm.CurrentFrame                                                  : loaded 2 times (x 73B)
Class org.objectweb.asm.ClassTooLargeException                                        : loaded 2 times (x 83B)
Class com.google.common.base.CharMatcher                                              : loaded 2 times (x 111B)
Class com.google.common.collect.PeekingIterator                                       : loaded 2 times (x 70B)
Class kotlin.collections.ArraysKt__ArraysJVMKt                                        : loaded 2 times (x 71B)
Class org.jetbrains.kotlin.gradle.tasks.configuration.AbstractKotlinCompileConfig$2$2$1: loaded 2 times (x 75B)
Class org.jetbrains.kotlin.build.report.metrics.BuildAttributes$Companion             : loaded 2 times (x 71B)
Class org.jetbrains.kotlin.gradle.tasks.KotlinCompilationTask                         : loaded 2 times (x 70B)
Class org.jetbrains.kotlin.gradle.plugin.mpp.compilationImpl.factory.KotlinCompilationImplFactory$ProcessResourcesTaskNameFactory: loaded 2 times (x 70B)
Class com.google.common.collect.RangeGwtSerializationDependencies                     : loaded 2 times (x 71B)
Class org.jetbrains.kotlin.gradle.internal.properties.PropertiesBuildService$property$2: loaded 2 times (x 79B)
Class org.jetbrains.kotlin.gradle.internal.KotlinDependenciesManagementKt             : loaded 2 times (x 71B)
Class org.jetbrains.kotlin.gradle.plugin.DefaultKotlinBasePlugin$setupAttributeMatchingStrategy$1$2: loaded 2 times (x 79B)
Class org.jetbrains.kotlin.gradle.plugin.statistics.KotlinBuildStatsLoggerService     : loaded 2 times (x 72B)
Class org.jetbrains.kotlin.gradle.plugin.internal.CustomPropertiesFileValueSource$Inject: loaded 2 times (x 113B)
Class com.google.common.base.Joiner$2                                                 : loaded 2 times (x 79B)
Class org.objectweb.asm.Frame                                                         : loaded 2 times (x 73B)
Class org.objectweb.asm.MethodVisitor                                                 : loaded 2 times (x 105B)
Class com.google.common.cache.LocalCache$EntryFactory$1                               : loaded 2 times (x 83B)
Class [Lcom.google.common.cache.RemovalListener;                                      : loaded 2 times (x 69B)
Class com.google.common.base.CharMatcher$1                                            : loaded 2 times (x 113B)
Class com.google.common.base.CharMatcher$NamedFastMatcher                             : loaded 2 times (x 112B)
Class kotlin.jvm.internal.CallableReference$NoReceiver                                : loaded 2 times (x 71B)
Class kotlin.text.StringsKt__StringBuilderKt                                          : loaded 2 times (x 71B)
Class org.jetbrains.kotlin.gradle.plugin.mpp.InternalKotlinTargetKt$special$$inlined$extrasStoredFuture$1: loaded 2 times (x 79B)
Class org.jetbrains.kotlin.tooling.core.ExtrasProperty                                : loaded 2 times (x 70B)
Class org.jetbrains.kotlin.compilerRunner.UsesCompilerSystemPropertiesService         : loaded 2 times (x 70B)
Class org.jetbrains.kotlin.gradle.plugin.mpp.compilationImpl.KotlinCompilationSourceSetInclusion$Companion: loaded 2 times (x 71B)
Class com.google.common.collect.RangeSet                                              : loaded 2 times (x 70B)
Class org.jetbrains.kotlin.konan.target.KonanTarget$WATCHOS_DEVICE_ARM64              : loaded 2 times (x 78B)
Class org.jetbrains.kotlin.gradle.plugin.diagnostics.checkers.MissingNativeStdlibChecker$runChecks$1: loaded 2 times (x 88B)
Class [Lorg.jetbrains.kotlin.gradle.plugin.sources.android.AndroidVariantType;        : loaded 2 times (x 69B)
Class org.jetbrains.kotlin.gradle.plugin.sources.android.AndroidVariantType           : loaded 2 times (x 79B)
Class org.jetbrains.kotlin.gradle.plugin.mpp.KotlinTargetSoftwareComponent            : loaded 2 times (x 89B)
Class org.jetbrains.kotlin.gradle.plugin.mpp.KotlinVariant                            : loaded 2 times (x 101B)
Class org.jetbrains.kotlin.gradle.targets.native.ConfigureFrameworkExportSideEffectKt : loaded 2 times (x 71B)
Class org.jetbrains.kotlin.gradle.utils.WhenPluginEnabledKt                           : loaded 2 times (x 71B)
Class org.jetbrains.kotlin.gradle.plugin.VariantImplementationFactories               : loaded 2 times (x 75B)
Class com.google.common.cache.LocalCache$EntryFactory$2                               : loaded 2 times (x 83B)
Class org.gradle.api.internal.classpath.GlobalCacheRootsProvider                      : loaded 2 times (x 70B)
Class kotlin.Lazy                                                                     : loaded 2 times (x 70B)
Class kotlin.NoWhenBranchMatchedException                                             : loaded 2 times (x 82B)
Class org.jetbrains.kotlin.tooling.core.Extras$Entry$Companion                        : loaded 2 times (x 71B)
Class com.google.common.collect.CollectCollectors                                     : loaded 2 times (x 71B)
Class org.jetbrains.kotlin.gradle.targets.js.dsl.KotlinWasmWasiTargetDsl              : loaded 2 times (x 70B)
Class org.jetbrains.kotlin.gradle.plugin.diagnostics.checkers.DisabledNativeTargetsChecker: loaded 2 times (x 74B)
Class org.jetbrains.kotlin.gradle.plugin.mpp.compilationImpl.KotlinCreateSourcesJarTaskSideEffectKt$KotlinCreateSourcesJarTaskSideEffect$1: loaded 2 times (x 74B)
Class org.jetbrains.kotlin.gradle.internal.CompilerArgumentAware                      : loaded 2 times (x 70B)
Class org.jetbrains.kotlin.gradle.utils.ReportUtilsKt                                 : loaded 2 times (x 71B)
Class org.jetbrains.kotlin.gradle.utils.StoredLazyProperty                            : loaded 2 times (x 75B)
Class org.objectweb.asm.ModuleWriter                                                  : loaded 2 times (x 82B)
Class com.google.common.cache.LocalCache$EntryFactory$3                               : loaded 2 times (x 83B)
Class com.google.common.base.Ticker$1                                                 : loaded 2 times (x 72B)
Class com.google.common.collect.Maps$BiMapConverter                                   : loaded 2 times (x 90B)
Class com.google.common.collect.ImmutableMapEntrySet$RegularEntrySet                  : loaded 2 times (x 152B)
Class [Lkotlin.jvm.functions.Function1;                                               : loaded 2 times (x 69B)
Class Native_plugin_loader_gradle$NativePluginLoader                                  : loaded 2 times (x 72B)
Class org.jetbrains.kotlin.gradle.tasks.K2MultiplatformStructure_Decorated            : loaded 2 times (x 135B)
Class org.jetbrains.kotlin.compilerRunner.GradleCompilerRunner                        : loaded 2 times (x 73B)
Class com.google.common.collect.SetMultimap                                           : loaded 2 times (x 70B)
Class org.jetbrains.kotlin.gradle.dsl.AndroidMainSourceSetConventionsChecker$runChecks$1: loaded 2 times (x 88B)
Class org.jetbrains.kotlin.gradle.plugin.sources.FragmentConsistencyChecks            : loaded 2 times (x 72B)
Class org.jetbrains.kotlin.gradle.plugin.mpp.InternalKotlinTargetComponent            : loaded 2 times (x 93B)
Class org.jetbrains.kotlin.gradle.targets.CreateDefaultTestRunSideEffectKt$special$$inlined$KotlinTargetSideEffect$1: loaded 2 times (x 74B)
Class org.jetbrains.kotlin.gradle.utils.ProviderApiUtilsKt                            : loaded 2 times (x 71B)
Class org.jetbrains.kotlin.gradle.internal.properties.NativePropertiesLoader$forceDisableRunningInProcess$1: loaded 2 times (x 75B)
Class org.jetbrains.kotlin.gradle.utils.PersistentCachesKt                            : loaded 2 times (x 71B)
Class org.jetbrains.kotlin.gradle.internal.tasks.TaskWithLocalState                   : loaded 2 times (x 70B)
Class org.jetbrains.kotlin.gradle.plugin.statistics.KotlinBuildStatisticsUtilsKt      : loaded 2 times (x 71B)
Class org.jetbrains.kotlin.statistics.metrics.BooleanMetrics                          : loaded 2 times (x 80B)
Class org.jetbrains.kotlin.gradle.internal.properties.PropertiesBuildService$Params   : loaded 2 times (x 70B)
Class com.google.common.cache.LocalCache$EntryFactory$4                               : loaded 2 times (x 83B)
Class com.google.common.base.CharMatcher$InRange                                      : loaded 2 times (x 111B)
Class com.google.common.collect.ImmutableSet$Builder                                  : loaded 2 times (x 85B)
Class kotlin.sequences.ConstrainedOnceSequence                                        : loaded 2 times (x 75B)
Class com.google.common.io.ByteStreams$1                                              : loaded 2 times (x 85B)
Class com.google.common.collect.ReverseOrdering                                       : loaded 2 times (x 115B)
Class org.jetbrains.kotlin.gradle.plugin.sources.KotlinDependencyScopeKt$WhenMappings : loaded 2 times (x 71B)
Class org.jetbrains.kotlin.gradle.tasks.K2MultiplatformCompilationTask                : loaded 2 times (x 70B)
Class org.jetbrains.kotlin.gradle.plugin.diagnostics.checkers.OverriddenKotlinNativeHomeChecker$StdlibExistenceCheckerValueSource$Inject: loaded 2 times (x 109B)
Class org.jetbrains.kotlin.gradle.utils.ConfigurationsKt$maybeCreateDependencyScope$1 : loaded 2 times (x 78B)
Class org.jetbrains.kotlin.gradle.plugin.sources.FragmentConsistencyChecks$languageVersionCheck$1: loaded 2 times (x 79B)
Class org.jetbrains.kotlin.gradle.plugin.mpp.DecoratedKotlinCompilation               : loaded 2 times (x 191B)
Class org.jetbrains.kotlin.gradle.plugin.diagnostics.checkers.ExperimentalTryNextUsageChecker: loaded 2 times (x 74B)
Class [Lorg.jetbrains.kotlin.gradle.plugin.diagnostics.ToolingDiagnostic$Severity;    : loaded 2 times (x 69B)
Class [Lorg.jetbrains.kotlin.gradle.plugin.KotlinPlatformType;                        : loaded 2 times (x 69B)
Class org.jetbrains.kotlin.gradle.plugin.statistics.UsesBuildFusService               : loaded 2 times (x 70B)
Class org.jetbrains.kotlin.gradle.plugin.statistics.old.Pre232IdeaKotlinBuildStatsBeanService: loaded 2 times (x 95B)
Class org.jetbrains.kotlin.statistics.metrics.NumberOverridePolicy$AVERAGE            : loaded 2 times (x 85B)
Class org.jetbrains.kotlin.gradle.plugin.VariantImplementationFactories$Parameters$Inject: loaded 2 times (x 106B)
Class com.google.common.cache.LocalCache$EntryFactory$5                               : loaded 2 times (x 83B)
Class kotlin.jvm.internal.markers.KMappedMarker                                       : loaded 2 times (x 70B)
Class kotlin.NotImplementedError                                                      : loaded 2 times (x 82B)
Class build_8a0zmoznh2dicswa4wkzckji0                                                 : loaded 2 times (x 180B)
Class org.jetbrains.kotlin.gradle.plugin.KotlinBaseApiPlugin                          : loaded 2 times (x 118B)
Class org.jetbrains.kotlin.gradle.plugin.mpp.MppSourcesJarKt$sourcesJarTaskNamed$result$1: loaded 2 times (x 79B)
Class org.jetbrains.kotlin.gradle.tasks.configuration.BaseKotlinCompileConfig$1       : loaded 2 times (x 79B)
Class org.jetbrains.kotlin.gradle.plugin.mpp.compilationImpl.factory.ConfigurationNaming$Default: loaded 2 times (x 75B)
Class org.jetbrains.kotlin.gradle.plugin.mpp.compilationImpl.KotlinCompilationSourceSetInclusion: loaded 2 times (x 72B)
Class org.jetbrains.kotlin.gradle.targets.jvm.KotlinJvmTarget                         : loaded 2 times (x 166B)
Class org.jetbrains.kotlin.gradle.targets.js.dsl.KotlinWasmJsTargetDsl                : loaded 2 times (x 70B)
Class org.jetbrains.kotlin.gradle.plugin.diagnostics.checkers.DisabledNativeTargetsChecker$runChecks$1: loaded 2 times (x 88B)
Class org.jetbrains.kotlin.gradle.plugin.KotlinPluginLifecycleImpl$await$2$1          : loaded 2 times (x 79B)
Class org.jetbrains.kotlin.gradle.plugin.sources.DefaultLanguageSettingsBuilder       : loaded 2 times (x 100B)
Class org.jetbrains.kotlin.gradle.plugin.sources.FragmentConsistencyChecks$languageVersionCheck$2: loaded 2 times (x 78B)
Class org.jetbrains.kotlin.gradle.targets.CreateTargetConfigurationsSideEffectKt$CreateTargetConfigurationsSideEffect$1: loaded 2 times (x 74B)
Class org.jetbrains.kotlin.gradle.dsl.KotlinTargetContainerWithPresetFunctions        : loaded 2 times (x 70B)
Class org.jetbrains.kotlin.gradle.utils.GradleConfigurationUtilsKt                    : loaded 2 times (x 71B)
Class org.jetbrains.kotlin.gradle.plugin.internal.CustomPropertiesFileValueSource$Parameters: loaded 2 times (x 70B)
Class org.jetbrains.kotlin.gradle.plugin.UsesBuildFinishedListenerService             : loaded 2 times (x 70B)
Class com.google.common.cache.LocalCache$EntryFactory$6                               : loaded 2 times (x 83B)
Class org.gradle.internal.installation.CurrentGradleInstallationLocator               : loaded 2 times (x 71B)
Class org.jetbrains.kotlin.gradle.plugin.KotlinJvmFactory                             : loaded 2 times (x 70B)
Class org.jetbrains.kotlin.gradle.tasks.DefaultKotlinJavaToolchain$getToolsJarFromJvm$1: loaded 2 times (x 75B)
Class org.jetbrains.kotlin.build.report.metrics.GcMetrics                             : loaded 2 times (x 72B)
Class org.jetbrains.kotlin.gradle.plugin.diagnostics.UsesKotlinToolingDiagnosticsKt   : loaded 2 times (x 71B)
Class org.jetbrains.kotlin.gradle.tasks.configuration.BaseKotlinCompileConfig$2       : loaded 2 times (x 79B)
Class com.google.common.collect.Maps$KeySet                                           : loaded 2 times (x 137B)
Class org.jetbrains.kotlin.konan.target.KonanTarget$IOS_X64                           : loaded 2 times (x 78B)
Class org.jetbrains.kotlin.gradle.plugin.mpp.InternalKotlinCompilation                : loaded 2 times (x 70B)
Class org.jetbrains.kotlin.gradle.utils.WhenEvaluatedKt                               : loaded 2 times (x 71B)
Class org.jetbrains.kotlin.gradle.targets.native.internal.AddKotlinPlatformIntegersSupportLibraryKt: loaded 2 times (x 71B)
Class org.jetbrains.kotlin.gradle.plugin.AbstractKotlinJsPluginWrapper                : loaded 2 times (x 86B)
Class org.jetbrains.kotlin.gradle.plugin.KotlinPluginWrapperKt                        : loaded 2 times (x 71B)
Class com.google.common.cache.LocalCache$EntryFactory$7                               : loaded 2 times (x 83B)
Class com.google.common.collect.ImmutableSet$EmptySetBuilderImpl                      : loaded 2 times (x 76B)
Class com.google.common.collect.ImmutableList                                         : loaded 2 times (x 206B)
Class org.gradle.internal.service.DefaultServiceLocator                               : loaded 2 times (x 83B)
Class com.google.common.collect.Maps$EntrySet                                         : loaded 2 times (x 136B)
Class org.jetbrains.kotlin.gradle.tasks.KotlinCompile$scriptExtensions$1              : loaded 2 times (x 79B)
Class org.jetbrains.kotlin.gradle.tasks.K2MultiplatformStructure$Fragment             : loaded 2 times (x 72B)
Class org.jetbrains.kotlin.compilerRunner.CompilerSystemPropertiesService$Companion$registerIfAbsent$1: loaded 2 times (x 75B)
Class org.jetbrains.kotlin.util.capitalizeDecapitalize.CapitalizeDecapitalizeKt       : loaded 2 times (x 71B)
Class org.jetbrains.kotlin.gradle.plugin.diagnostics.checkers.WasmJsEnvironmentChecker: loaded 2 times (x 76B)
Class org.jetbrains.kotlin.gradle.plugin.diagnostics.checkers.AndroidPluginWithoutAndroidTargetChecker: loaded 2 times (x 74B)
Class org.jetbrains.kotlin.statistics.metrics.NumberOverridePolicy                    : loaded 2 times (x 85B)
Class org.jetbrains.kotlin.statistics.metrics.StringAnonymizationPolicy$AllowedListAnonymizer$Companion: loaded 2 times (x 71B)
Class org.jetbrains.kotlin.gradle.plugin.internal.DefaultProjectIsolationStartParameterAccessor_Decorated: loaded 2 times (x 125B)
Class org.jetbrains.kotlin.gradle.plugin.internal.ProjectIsolationStartParameterAccessorKt: loaded 2 times (x 71B)
Class org.jetbrains.kotlin.gradle.testing.internal.KotlinTestsRegistry                : loaded 2 times (x 72B)
Class com.google.common.cache.LocalCache$EntryFactory$8                               : loaded 2 times (x 83B)
Class com.google.common.collect.ImmutableSet$SetBuilderImpl                           : loaded 2 times (x 76B)
Class org.gradle.internal.installation.CurrentGradleInstallation                      : loaded 2 times (x 73B)
Class org.jetbrains.kotlin.gradle.tasks.KotlinCompilerExecutionStrategy               : loaded 2 times (x 79B)
Class org.jetbrains.kotlin.gradle.plugin.mpp.InternalKotlinCompilationKt$awaitAllKotlinSourceSets$1: loaded 2 times (x 88B)
Class org.jetbrains.kotlin.gradle.plugin.statistics.FusMetrics                        : loaded 2 times (x 70B)
Class org.jetbrains.kotlin.gradle.plugin.sources.DefaultKotlinSourceSet$special$$inlined$Iterable$1: loaded 2 times (x 79B)
Class org.jetbrains.kotlin.gradle.plugin.mpp.compilationImpl.factory.KotlinCompilationImplFactory$KotlinCompilerOptionsFactory$Options: loaded 2 times (x 72B)
Class org.jetbrains.kotlin.gradle.plugin.KotlinCompilation                            : loaded 2 times (x 70B)
Class org.jetbrains.kotlin.gradle.plugin.KotlinTargetConfiguratorKt                   : loaded 2 times (x 71B)
Class org.jetbrains.kotlin.tooling.core.Extras$Type$Companion                         : loaded 2 times (x 71B)
Class com.google.common.cache.CacheLoader$1                                           : loaded 2 times (x 75B)
Class com.google.common.collect.ImmutableList$SubList                                 : loaded 2 times (x 209B)
Class org.gradle.util.internal.GUtil                                                  : loaded 2 times (x 71B)
Class kotlin.io.NoSuchFileException                                                   : loaded 2 times (x 82B)
Class kotlin.collections.CollectionsKt                                                : loaded 2 times (x 71B)
Class com.google.common.io.ByteSource                                                 : loaded 2 times (x 84B)
Class org.jetbrains.kotlin.gradle.plugin.mpp.InternalKotlinTargetKt$isSourcesPublishableFuture$2: loaded 2 times (x 95B)
Class org.jetbrains.kotlin.gradle.plugin.mpp.KotlinCompilationFactory                 : loaded 2 times (x 70B)
Class org.jetbrains.kotlin.gradle.dsl.IosSourceSetConventionChecker$runChecks$1       : loaded 2 times (x 88B)
Class org.jetbrains.kotlin.gradle.plugin.mpp.AbstractKotlinCompilation                : loaded 2 times (x 191B)
Class org.jetbrains.kotlin.gradle.plugin.diagnostics.checkers.UnusedSourceSetsChecker : loaded 2 times (x 74B)
Class org.jetbrains.kotlin.gradle.utils.Future                                        : loaded 2 times (x 70B)
Class org.jetbrains.kotlin.gradle.plugin.statistics.KotlinBuildStatsConfiguration$Companion: loaded 2 times (x 71B)
Class com.google.common.cache.AbstractCache$StatsCounter                              : loaded 2 times (x 70B)
Class org.jetbrains.kotlin.gradle.plugin.mpp.KotlinTargetSoftwareComponentImplKt      : loaded 2 times (x 71B)
Class org.jetbrains.kotlin.gradle.targets.js.dsl.KotlinJsSubTargetContainerDsl        : loaded 2 times (x 70B)
Class org.jetbrains.kotlin.tooling.core.MutableExtrasImpl$Companion                   : loaded 2 times (x 71B)
Class org.jetbrains.kotlin.gradle.plugin.KotlinGradleBuildServices$Companion$registerIfAbsent$1: loaded 2 times (x 75B)
Class org.jetbrains.kotlin.statistics.fileloggers.MetricsContainer                    : loaded 2 times (x 77B)
Class org.jetbrains.kotlin.gradle.plugin.internal.ProjectIsolationStartParameterAccessor: loaded 2 times (x 70B)
Class org.jetbrains.kotlin.gradle.utils.StoredProperty                                : loaded 2 times (x 70B)
Class com.google.common.collect.Iterators$MergingIterator                             : loaded 2 times (x 81B)
Class com.google.common.collect.RegularImmutableSet                                   : loaded 2 times (x 149B)
Class org.gradle.internal.installation.GradleInstallation                             : loaded 2 times (x 75B)
Class kotlin.collections.CollectionsKt__IteratorsJVMKt$iterator$1                     : loaded 2 times (x 79B)
Class build_7kpsnot0gx1wwmj699txb56fz$_run_closure1                                   : loaded 2 times (x 139B)
Class com.google.common.collect.LexicographicalOrdering                               : loaded 2 times (x 115B)
Class com.google.common.base.Splitter$Strategy                                        : loaded 2 times (x 70B)
Class org.jetbrains.kotlin.gradle.dsl.KotlinJvmCompile$DefaultImpls                   : loaded 2 times (x 71B)
Class org.jetbrains.kotlin.gradle.plugin.mpp.compilationImpl.factory.KotlinCompilationImplFactory$create$1: loaded 2 times (x 75B)
Class org.jetbrains.kotlin.gradle.tasks.KotlinJavaToolchain                           : loaded 2 times (x 70B)
Class org.jetbrains.kotlin.statistics.metrics.BooleanMetrics$Companion                : loaded 2 times (x 71B)
Class org.jetbrains.kotlin.gradle.plugin.internal.CompatibilityConventionRegistrar    : loaded 2 times (x 70B)
Class com.google.common.collect.Iterables                                             : loaded 2 times (x 71B)
Class kotlin.jvm.KotlinReflectionNotSupportedError                                    : loaded 2 times (x 82B)
Class org.jetbrains.kotlin.com.intellij.openapi.diagnostic.DefaultLogger              : loaded 2 times (x 100B)
Class org.jetbrains.kotlin.gradle.plugin.mpp.KotlinJvmCompilation                     : loaded 2 times (x 200B)
Class org.jetbrains.kotlin.gradle.plugin.KotlinCompilation$Companion                  : loaded 2 times (x 71B)
Class com.google.common.collect.Lists$RandomAccessReverseList                         : loaded 2 times (x 200B)
Class org.jetbrains.kotlin.konan.target.KonanTarget$WATCHOS_ARM64                     : loaded 2 times (x 78B)
Class org.jetbrains.kotlin.konan.target.KonanTarget$MACOS_ARM64                       : loaded 2 times (x 78B)
Class org.jetbrains.kotlin.gradle.plugin.diagnostics.checkers.OverriddenKotlinNativeHomeChecker: loaded 2 times (x 74B)
Class org.jetbrains.kotlin.gradle.artifacts.KotlinJvmJarArtifactKt$KotlinJvmJarArtifact$1: loaded 2 times (x 74B)
Class org.jetbrains.kotlin.gradle.targets.native.SetupEmbedAndSignAppleFrameworkTaskSideEffectKt: loaded 2 times (x 71B)
Class org.jetbrains.kotlin.gradle.plugin.KotlinProjectSetupActionKt$KotlinProjectSetupCoroutine$1: loaded 2 times (x 75B)
Class org.jetbrains.kotlin.gradle.dsl.ToolchainSupport$Companion                      : loaded 2 times (x 71B)
Class org.jetbrains.kotlin.gradle.plugin.KotlinSourceSet                              : loaded 2 times (x 70B)

---------------  S Y S T E M  ---------------

OS:
 Windows 11 , 64 bit Build 26100 (10.0.26100.7705)
OS uptime: 5 days 16:42 hours
Hyper-V role detected

CPU: total 12 (initial active 12) (6 cores per cpu, 2 threads per core) family 6 model 154 stepping 3 microcode 0x437, cx8, cmov, fxsr, ht, mmx, 3dnowpref, sse, sse2, sse3, ssse3, sse4.1, sse4.2, popcnt, lzcnt, tsc, tscinvbit, avx, avx2, aes, erms, clmul, bmi1, bmi2, adx, sha, fma, vzeroupper, clflush, clflushopt, clwb, hv, serialize, rdtscp, rdpid, fsrm, f16c, cet_ibt, cet_ss
Processor Information for the first 12 processors :
  Max Mhz: 2000, Current Mhz: 2000, Mhz Limit: 2000

Memory: 4k page, system-wide physical 7832M (257M free)
TotalPageFile size 24666M (AvailPageFile size 108M)
current process WorkingSet (physical memory assigned to process): 362M, peak: 561M
current process commit charge ("private bytes"): 822M, peak: 943M

vm_info: OpenJDK 64-Bit Server VM (21.0.9+-14649483-b1163.86) for windows-amd64 JRE (21.0.9+-14649483-b1163.86), built on 2025-12-30T22:08:35Z by "builder" with MS VC++ 16.10 / 16.11 (VS2019)

END.
